78.63648759860719	65.63705280921334	1
95.9343408938762	34.125676672866184	1
46.480147671632565	14.25686241740648	1
108.855283060664	81.24669942203826	1
30.78808186934154	33.59539375100155	1
73.60689275850316	81.57355333073065	1
113.11004239378386	57.379655197992626	1
89.79920377508267	45.53236151884252	1
110.82100037645748	50.736162830743304	1
87.71275872496804	83.55849124966156	1
130.86985533751863	20.28917740462662	1
116.56690002909721	17.107697789931912	1
5.091201048359338	38.595661716117974	1
70.64126503507364	58.32881223607008	1
53.355779653539344	46.95341761408192	1
104.90400790343361	57.08315334794666	1
64.45995296400409	21.21137900707481	1
85.24366161812	75.52131549982371	1
65.63928996451102	33.906598418144426	1
75.3018973773679	76.0371420740912	1
90.50354662451991	11.344960754233504	1
85.18925780180747	41.117073324402455	1
55.32764957088402	53.54815629973207	1
139.92628436240244	20.658824067701246	1
74.23483472970678	68.61634004970213	1
106.6688113724562	73.48913073678285	1
114.84947603606622	40.69997789423804	1
42.701912418258196	46.899000926884554	1
39.27101503687175	68.5642278604567	1
104.12552242328785	39.84766417470981	1
53.52317383738322	6.591134726281055	1
48.26303849556987	44.285161909449336	1
77.34017181661797	41.681533060421394	1
78.19779879162779	62.49416243717192	1
41.204074107194984	79.30389311312408	1
118.34220033219398	94.98670719447567	1
87.98138599897337	54.4040971390719	1
92.9487417688917	54.55408019393652	1
104.08989045181661	50.975479796962496	1
125.64716595152056	25.62391476185813	1
72.26597490040442	51.57767790660174	1
71.03080730531218	47.3229788601249	1
38.06645636217945	41.24482325966965	1
110.37723666401635	50.4474052428763	1
65.36070299479299	21.53428251985599	1
131.2017166575843	16.83048934285317	1
53.73922170059483	52.88804331358149	1
104.50721902985002	68.5638657562304	1
64.28853576996252	67.90191474067385	1
84.94956619169953	74.28536830196585	1
70.88199599925017	78.59717847075461	1
43.13212207799562	60.179401656507046	1
97.74158106272974	63.819925457253646	1
67.52863768161019	58.56783869070943	1
99.47385300204355	15.773897476199132	1
73.43356230208327	53.96643871101191	1
87.04750178846024	20.58850165701849	1
52.672794091324334	46.26281636656279	1
130.1388436152981	41.62582049079931	1
56.03276097135182	45.763507205016424	1
94.99902219653048	66.40520789507485	1
76.46440378300203	64.05240183079452	1
136.86189214950736	85.5901357718202	1
112.79241070086981	36.65748820627144	1
57.44327556083539	57.91382588384385	1
50.05326906933178	24.760311207567028	1
96.47689223113838	42.54899566603754	1
42.80205329890592	26.739889444412835	1
78.84951188635004	23.16015836359324	1
110.27032619865591	73.50642097458987	1
84.47584193364774	76.23208110052545	1
105.49427224917048	52.30854471877252	1
94.43135444655012	58.76266548791217	1
59.42766705723516	70.08386165032314	1
113.38012838517795	25.446079636054847	1
40.28211109700084	65.25073795732662	1
111.19555569592866	47.3233771173082	1
85.02889459784524	60.55589793286181	1
99.48456724954121	48.789161385533134	1
77.397302533945	71.8657440565387	1
59.88197592994901	28.669661918781777	1
91.9786050250638	77.40993130438623	1
58.79772657499247	40.73194466206891	1
67.84086712299491	40.10002136168538	1
63.44308303960945	54.88039939665946	1
62.45806425685417	78.6968392617159	1
33.45384426139178	62.30138539946861	1
96.18359263795972	53.545370535569	1
84.74385790399582	74.27339982722253	1
70.86907675813	10.326071078263269	1
79.00518116937431	49.49018225476408	1
37.52910515937047	46.39952729280987	1
54.58695014220841	25.682026537124575	1
61.05118942769328	70.07547607826959	1
81.8983954554302	35.582202434217045	1
85.19270719871835	60.52038580530007	1
49.37064547095885	66.85867249510916	1
63.52923958011078	31.368319620700586	1
106.39434481962482	23.82071516886118	1
58.930710712637875	66.83421721766464	1
93.6403175030857	46.66683799363735	1
83.67188123400105	28.062957157601	1
78.4082787456367	39.57155019789673	1
44.37875564330991	58.750566754940834	1
128.77123944799447	51.39864837959985	1
98.0195641932151	60.51212735832914	1
86.03371914707552	17.99329159359671	1
70.39687898268134	60.277688222031585	1
87.6616346596845	69.16594336247321	1
87.86863615440052	71.63481098493	1
85.42765700717277	89.76550252927966	1
77.58061917742108	66.20455686019801	1
73.72265437071026	37.64111388678995	1
47.5885992235325	72.39499374444438	1
52.628595594688086	34.016282992577885	1
90.8489635661933	36.68876626496689	1
130.11324449636902	41.78622741355282	1
73.19025269772627	67.84977401035555	1
83.74682666675174	47.768723213642275	1
64.3807895321568	73.59545706050476	1
45.0261438065136	21.727791546442493	1
84.0768747325302	35.299262659088015	1
46.28894412515601	39.81299806886863	1
75.25296441124176	-0.020584020795226365	1
108.50870802304773	69.17397312194987	1
98.91534535868996	91.97438410643743	1
59.181079668910996	79.83817885844525	1
109.68794172038861	-1.9372724849894496	1
75.87920464938993	71.55341083477502	1
113.25598609867043	94.60740053498995	1
98.25779053502684	64.11994070509007	1
85.44428361656232	61.120738949557634	1
72.07828767584293	73.50189346407785	1
105.8423762303843	33.330488627198164	1
68.29849601029795	29.246441056303226	1
69.16282296591339	55.35377792017193	1
99.47121279223568	29.92994697831049	1
137.3924573834325	43.049967563322134	1
46.30795970533406	60.64410486237429	1
77.56241294596005	54.37786860438421	1
90.76354082007474	75.01553513845556	1
69.13303295425459	57.20238818239691	1
101.12183695567904	27.12725727756216	1
109.20206875560726	51.5771657735249	1
60.425502544449195	43.49664939688969	1
141.49888559245332	82.34663619644226	1
109.29204519581842	54.820235841168206	1
104.13595611859625	26.388443551091548	1
89.27662590021744	53.94107684145592	1
81.04926763239594	63.93863522994148	1
78.19755066995188	50.44686366091308	1
113.1263112928363	52.66414946428105	1
102.69466117772862	77.33048133531256	1
77.49637995161004	54.372480776863945	1
119.4643467873267	39.72395165464097	1
143.8130339763067	68.01178168233528	1
57.36471130242768	64.43817838955637	1
89.06094139048543	26.085896304637004	1
57.69670483157776	57.015720756718316	1
86.80578740581953	54.110032255240654	1
82.0104786665946	70.72091304581832	1
92.506863935261	59.15897570891332	1
88.96422528681452	34.75043580082369	1
82.90415994237087	59.92118387919301	1
68.95163655548394	31.067935063134676	1
102.74630532435513	22.775511901522727	1
104.47758462813326	59.27402378559702	1
91.62801269308198	47.23882060602879	1
109.8825937658337	25.77632453219398	1
76.96358763270882	31.80709015269906	1
68.07400301299447	44.56668627306014	1
84.78234174710498	23.818870700709745	1
65.86238279683587	29.854437679213596	1
65.50729184716947	35.524724853356666	1
115.90591685330706	72.75554108395137	1
66.05019499980125	26.700803861532748	1
102.94276444581955	78.18731297667566	1
33.04802622610231	74.78955006324165	1
51.03454674778678	48.042650668289504	1
121.30372066668208	81.85498844195048	1
84.7377124305355	46.55418965596441	1
154.47213436181846	53.97955756906183	1
72.33549715696522	60.173529497009774	1
41.18781042285927	47.09612710926362	1
59.93523808235943	48.22180864085356	1
61.9985368912742	68.06326131163564	1
79.38950940558686	75.02969418672456	1
92.44842393999639	50.06943037668651	1
109.801499454412	49.2022135708038	1
79.07416618929298	99.11896045458	1
83.81843397968586	61.95443905812714	1
92.45927926638365	59.69208748135166	1
41.56261095301771	51.97652072033271	1
102.00384889537997	24.122217854554613	1
72.18414409595849	41.52942561783169	1
110.2095556661602	93.86778417263682	1
71.16449281650777	35.33358708623359	1
131.69010287426235	49.608690184946106	1
103.17584521000836	74.06999269757988	1
54.85129800787661	43.78777565665923	1
117.99202305778522	60.050499740429515	1
91.6320625931879	32.79485539520971	1
64.88772848025827	73.70270931523653	1
97.33556517373934	59.22722462806679	1
100.79037225947653	36.01110219438546	1
57.555452958011294	65.62412409224072	1
100.59948788725437	45.71275819935497	1
46.251369207386	44.66182296432818	1
127.98428931443307	71.15773659163895	1
93.49519135919203	59.398650755121466	1
61.0915872615976	29.884410891605228	1
78.00518097678307	66.67890433620816	1
79.24194299158134	36.255390711424404	1
81.20130302072279	42.27997203860522	1
98.55857729881346	26.77782987826921	1
114.74982713642487	50.901126208905346	1
0	64.40553288458864	1
79.03621686859988	34.07759856965616	1
48.152658244125945	61.271607079861965	1
96.69779175987469	21.395519812190514	1
102.28767556579919	26.850118985646795	1
80.6941449454712	64.71819979804096	1
111.87158601216406	53.01566758933947	1
54.17159114975903	66.31073223442934	1
68.77946338702995	81.13571696449276	1
109.17707863613525	60.27863577366737	1
108.94003420986209	62.73005325481901	1
88.24312707311772	40.27063073312156	1
100.05697270200626	57.06048322438929	1
96.66433425998763	40.09536996020539	1
66.0558531944922	62.90050557151455	1
91.11595861305466	111.22617889922466	1
65.3680935861747	30.49775028364874	1
71.25278259480615	47.83697067353319	1
74.17964281661102	81.48893611151614	1
83.08739561780492	101.6176960462702	1
67.79277457082023	44.272609446397134	1
42.29929528177385	28.24704331124468	1
36.43369905393254	66.03107327276908	1
65.03903820304699	61.77949030400357	1
54.29423895040961	18.958737354066994	1
129.1377827100252	76.0740860085686	1
46.1546855510496	33.28386531826712	1
76.2785029095184	74.7766091024585	1
68.97622644891571	47.33994060244148	1
90.39432043628697	34.492479824747484	1
62.07272161185241	51.32028207506405	1
81.27057301215106	39.27275064655267	1
43.22565627496435	69.78912793334378	1
109.59503379398615	40.45480655198401	1
112.77179031532727	10.568247631697083	1
99.4088257518307	57.526253207555804	1
125.29316849744913	61.58697894870484	1
75.43604030580701	54.363785976432624	1
80.66435632580799	35.41875851477578	1
100.57980992739418	69.53812511097574	1
107.45496162599542	63.14280842734533	1
70.87489629313397	47.27266909681114	1
102.18956900463118	58.8655097987103	1
79.98509720952019	15.842557702458947	1
61.100854972405074	39.83025199239618	1
95.26272039021283	84.07401682859438	1
97.45560641721661	50.94635044781841	1
91.07627685552612	15.086892201796417	1
85.67145104848602	25.985871151714868	1
121.73536351386011	40.24213866445729	1
101.02794959112283	38.504450112455224	1
86.75624461338366	29.842275005299193	1
86.5773836531798	27.67359020895671	1
155.89668490931234	66.77089516050373	1
86.56553067764057	37.6555660321241	1
96.43644907672933	19.651595564082143	1
31.140295983337474	77.3058059117229	1
89.1551540433427	71.81965942489748	1
56.631939060115414	56.04541326334158	1
93.60221935967328	56.11572030550503	1
104.30580529657533	32.906409195998364	1
95.9583577483133	40.91917445456675	1
63.17332625300972	60.97987660761041	1
75.22387197702199	37.11085404801505	1
127.76197672730014	47.03415380887636	1
164.27251184174798	54.530372507406334	1
54.957195813910644	64.68359568366998	1
139.00866737848213	37.72481552177387	1
52.31294088411312	57.888668221102165	1
79.28295858468411	68.02236621527324	1
22.869671434371533	55.578434137665404	1
110.76450351807458	54.14314250106008	1
64.93708452199736	49.740904904340425	1
90.35167327928853	62.805897189601296	1
84.12833316874885	35.719697948055305	1
54.44819176560433	68.67716615094903	1
46.00386746577385	46.93846102373989	1
117.44658244211817	38.84988199834756	1
32.43382815210437	36.23140964487265	1
49.17956949579357	75.60552091272578	1
50.17272862152887	69.40533321145193	1
90.57205801547792	69.4973547506727	1
94.75838495230968	63.044923092477546	1
91.62792801801895	52.656458995195926	1
71.10991805904894	53.98862704239583	1
107.04663261942432	56.50032941802702	1
92.69181042165093	43.66225551687291	1
82.85997971295416	67.04498658126636	1
87.23797012950037	27.61995694932168	1
55.06589093031462	36.12774680580101	1
59.02212076658455	42.8683917781171	1
53.101252800628025	30.174071199198625	1
68.42741223528398	52.90822520769014	1
69.55368601299139	18.727774478597734	1
110.2628114710006	35.699362488553234	1
80.40647166031131	69.9274115196791	1
75.81846611662326	76.33214861815247	1
98.53079086926147	54.03024430080615	1
102.51653223739791	79.80285742000628	1
117.98273786715622	51.386306785064136	1
83.67110298229038	82.0173049295937	1
45.09447475494073	52.922532093247014	1
103.08358408759634	79.87667103858595	1
69.08793669029663	50.7764911681589	1
88.76143025104078	27.361234230054976	1
68.55417740895558	45.217196278347025	1
91.34143122372039	36.08254012852515	1
87.93945463898764	55.752456788530054	1
72.57693521917709	19.799124175177752	1
64.65745551838752	91.63573524631697	1
84.9894125863145	16.42549818128201	1
113.90386595690777	55.610534088452354	1
138.7651738612996	33.973535312933265	1
129.48304176849103	66.7961053172336	1
73.0958983805362	46.349756834339544	1
58.32196388470733	22.094814067277607	1
131.9501748250876	69.75265872221223	1
72.10429109207335	61.67876428318794	1
78.32280799972057	53.93740652163394	1
58.77395050725563	11.830968908416082	1
94.62474303700975	32.530234583878	1
92.70392995554957	61.51320652701433	1
114.83934159082371	69.01779074628348	1
70.32732277133168	34.32215290105951	1
72.89617286874144	43.230325679212655	1
93.08761568465275	47.34197437240406	1
42.968434951686945	21.670007910175052	1
100.01659545378898	52.21166023145247	1
77.59877438732615	57.39110776620618	1
100.03585117493611	29.44450323937529	1
92.01748183872735	44.40777543246626	1
50.309716412424905	44.589667140823764	1
65.39525014310615	31.306611113305543	1
132.58637258235618	30.978502604705483	1
88.2521806317949	76.2863349069415	1
31.081815014672287	62.92559980998749	1
110.43383432023816	35.643170858542774	1
82.74840429476355	40.857305946693266	1
55.51016432725734	23.007738146774777	1
116.23694147886161	32.80784129200528	1
70.32600673424082	74.826412196342	1
52.808495323297535	77.74379111155673	1
66.35165717433107	51.882546644011995	1
138.88205401342324	45.63263046700035	1
62.354073004859735	81.9098831207966	1
82.97316016260116	59.845046853544794	1
88.64375174008688	61.00022378016953	1
111.4757592470335	61.005150148021606	1
48.5368469006045	34.36633623792663	1
82.8370373332529	9.111599412015927	1
78.13207221919217	56.24816060239859	1
64.38773979431487	42.55640621311858	1
52.58521894321461	41.311024643836575	1
106.0679736925101	78.14901874475761	1
94.41255804451225	43.353595881724054	1
77.71724342012784	75.17556942068215	1
95.85062986734678	83.08722394364212	1
85.51712347552667	34.92672017346989	1
43.78475069756364	43.413647901518985	1
71.52827142827087	75.60574896990731	1
84.64057689420316	49.695141517225366	1
41.593685533018686	48.5054476377805	1
95.04220298400568	47.71657849114102	1
39.47076489308997	61.81573619582065	1
135.21507730277537	18.362792828546542	1
85.4697463360659	57.72239171684806	1
83.54055283716784	64.00890405168045	1
133.50833211790615	8.940946918369292	1
98.2826269808729	77.0382740390003	1
60.262133952308446	22.92208248204596	1
110.04516743954426	56.767577724069106	1
88.93712903666292	62.822147811866756	1
78.98250823801776	50.75759147103604	1
44.58672301773328	36.987292606096425	1
88.82515706157804	55.66367780359582	1
125.27345122086356	28.59289099442886	1
105.720234153022	43.58653620604561	1
85.84834879735699	89.72345196127587	1
105.97173448519726	35.59666043976513	1
93.14202317765371	70.54297656127221	1
102.97749547506045	39.33092602856968	1
63.58055791775832	33.54116399389106	1
57.13775050186414	54.171080476144645	1
73.61806297321763	62.9146024584022	1
110.96243131793955	50.54063242084488	1
50.499156149278704	76.20226178078586	1
33.48079258716899	39.74271725950891	1
98.72360058606475	43.2760211775905	1
112.0950912921272	79.0003241822434	1
139.69080585406667	71.76592422958939	1
75.74950844084842	48.656641136105186	1
94.78890603623644	41.934627791431346	1
93.1257743389556	72.86253585474292	1
51.487442611754545	81.18869071114315	1
126.02314695511424	54.085763404350125	1
110.36497231885605	49.88612186796414	1
101.11686908012291	73.40275646749278	1
92.28894616862272	45.992924883908124	1
80.02701144260314	48.42878403466542	1
68.28960753216352	72.09264344843751	1
76.82457428858666	34.946788075749744	1
38.03697295308532	61.93885589126134	1
75.69459624610268	75.8426863823349	1
13.565415969469427	5.98843197608506	1
109.972537958237	30.99616248116018	1
82.45184238546516	60.25157763722295	1
62.441676187395615	25.4346373661376	1
67.16972999773975	78.39784548179631	1
66.06458474876568	51.251005482148706	1
150.48932779545927	58.83838866049703	1
76.74739659367694	53.664107021879325	1
41.83906476350499	31.079176344571948	1
83.82576195978912	50.03969284611867	1
131.128514168683	65.03839167435876	1
57.111042078259686	33.44437148918532	1
36.320951994377076	61.75218666064812	1
89.64200049271564	34.1804627200134	1
48.56845849792017	60.580498391321754	1
138.04562295891648	46.23749299641532	1
102.85449887602678	38.82376702053756	1
60.82518518678313	30.538230925164637	1
46.69856629797601	35.831103703947335	1
111.15845403826803	68.77291086882519	1
23.31997520623851	46.366651089539246	1
147.06290976101803	27.280994700006897	1
62.278944209806134	56.554498529751584	1
108.46626406508834	64.36976321908867	1
64.14502507949709	20.550869642335638	1
81.02780550399362	12.029540591652662	1
29.08614524702243	53.194066669929896	1
2.67941294001254	64.88791205742963	1
143.71462998868174	28.848293972710223	1
72.83650188950162	88.40386862301634	1
22.314667013684044	5.624083988125328	1
104.781781414464	38.20657638703997	1
113.35070342816812	32.390974683860826	1
78.73300169689209	71.07649548790718	1
60.286227812766214	14.788689967384457	1
72.8863521724851	67.99452256756948	1
97.56738538431411	46.11694327219068	1
74.43012584037683	29.39843972886601	1
125.89496672594643	23.51110149246353	1
85.5143821283461	53.5089130152369	1
144.66229209361964	49.45577424645956	1
93.42133524348998	63.10330258656508	1
93.8656504156421	53.24976301676868	1
74.70384516488241	48.213921341576125	1
77.05666462545825	45.35697553858612	1
101.02848737869337	54.96905343494213	1
153.8080344697937	44.8191224913275	1
40.46540210252816	33.078775345591865	1
1.9029171180023923	44.61689416023239	1
97.54343683285364	55.16597330407801	1
82.91348344081551	36.303150256353675	1
92.2833657378411	69.11253624098381	1
112.54089233096931	62.64867743579731	1
0	49.556599444429686	1
74.26584590723651	42.70175766363463	1
76.24026158959421	52.25006593068042	1
46.26289592263192	65.16064513554255	1
43.30143262005032	19.279997130436037	1
61.43127358934278	24.17557718125731	1
19.63121807368585	10.932363900868033	1
59.515870120004394	57.90395544250874	1
93.63274587728598	55.02132736598398	1
146.6363820604631	71.85605681522478	1
45.72418063928303	68.2163235251077	1
76.5821963188503	42.80976910928572	1
31.36801587002394	54.428247828394795	1
76.85772785881598	29.61246922315128	1
122.69440875896134	31.57014416030752	1
62.09649247519771	16.069241959768952	1
25.41648270035278	38.95279876847532	1
104.71240534318318	48.1868212266234	1
71.84415345028306	49.325045949293845	1
60.85663138725769	34.661320807191046	1
19.011388266424007	35.28621407779095	1
71.14968152553642	66.86893525336943	1
114.72998393587858	41.554882313026766	1
58.163094848904095	48.77374810199829	1
70.02625203037412	18.97820619876521	1
65.35234409178743	49.44555071742822	1
87.32620596776576	23.73845975913166	1
63.20557631233892	62.17992097626397	1
44.538054734218925	80.48769059855462	1
88.87669018445563	35.63056902970924	1
107.55317547530508	56.71519626732262	1
98.70082503682211	70.13384120922069	1
24.33997524055247	39.4238349817019	1
64.75524410617297	25.275307922686522	1
53.96422899591461	70.38909109815421	1
17.51935466783582	41.758912587073	1
65.40649466123281	59.837556394254385	1
22.900140830842673	41.55851373391899	1
0	37.13786811674324	1
28.936476344392908	46.35741653212535	1
18.118014690139724	17.631308583232517	1
47.92687596859074	68.4661403643837	1
65.15518579765975	14.554024578775191	1
74.71232557620738	26.16489438091485	1
56.12338681929822	34.52791585092691	1
85.07002629519529	36.59455015621829	1
95.95420131597223	77.38950954334142	1
31.89545006458207	82.06097391657792	1
93.79933024861492	73.49125526630104	1
76.53496694161706	53.975384152168886	1
97.8509291281978	30.431308394233728	1
27.455810612220702	45.75175750280096	1
93.92482882920957	40.40753824736512	1
87.75728757747028	40.04683822120361	1
74.38910491496321	54.94761097591463	1
98.43774705650935	70.10996528554101	1
112.15717103659273	77.90290379838248	1
27.641262571098352	20.972269231853765	1
95.4547437906479	54.2180345566635	1
52.25142976143171	65.25904506262846	1
84.09164968693251	58.251610062408126	1
52.484994420637264	-0.7794155338532676	1
106.4451826041184	100.86268611376542	1
57.666723937626685	91.6910906940039	1
102.75797373756326	36.454677089750675	1
62.261635591214976	57.53620515396592	1
36.44603723606336	80.62638006186774	1
67.07295605727691	-19.91856937638316	1
92.37449309844314	39.20910657721997	1
47.87858948840338	75.76869799351851	1
97.92782592148963	48.64181403024624	1
57.25387156003351	39.11631552296093	1
86.93265003565458	70.09960980112285	1
64.2823042986393	30.307761813867774	1
84.38068737680365	40.3567978900454	1
89.28814406236617	70.99171643474091	1
103.0429823087737	19.282030837324516	1
60.059226320934826	45.05910489119276	1
83.37988873639007	53.088197110278124	1
100.96691743147201	37.84171227046172	1
65.79446027147526	29.341374736667806	1
104.2527324891908	43.71719217416101	1
73.31581886133755	56.70843132091255	1
91.67701800829273	59.27056065347071	1
57.503413279343945	61.16731462434647	1
38.01054118666715	0.033961229183852026	1
87.26384766277224	51.057426674808625	1
63.67582667923169	54.19252354932367	1
56.14522776793408	84.29182485369239	1
16.607929896072925	32.79846169271862	1
90.15698854726398	51.004420586435856	1
78.32268553782359	14.895003791020393	1
109.65689560502105	39.247459753478964	1
51.3270313579199	46.74754455688667	1
81.77607644009817	45.54312493088455	1
128.1539904437774	36.77333953784665	1
112.43340723784138	41.509292857183496	1
49.27518200067793	61.416548030694095	1
142.52761115191532	41.51829640809711	1
105.16127023983358	22.27839919078393	1
37.854265445063305	48.250733359168514	1
75.93765725441308	28.78768128376549	1
67.64947313694643	32.672726025268005	1
18.87910312280696	112.79070563396982	1
160.442831645439	50.3770749688698	1
118.9866519140663	54.039365840724294	1
112.54035894901108	64.8754182015172	1
14.944678778990152	87.69574121640659	1
0	83.95109752230154	1
49.66184316971666	22.784681830996192	1
79.2907157674693	31.136690418679493	1
70.10139943678124	30.60238035665386	1
51.385813696138975	33.47705429990178	1
47.74156057574004	40.75634828938887	1
124.52707248701675	45.44510660343788	1
83.36413260727794	65.48932527831806	1
109.08323684215875	89.36576882603967	1
48.84148709656585	65.53401875206092	1
123.16977512114133	81.7318603478949	1
84.43046586263806	34.785101467295334	1
91.43884444143778	37.739190906554306	1
31.937772052752862	55.578969244499994	1
73.50229251316662	91.03911581946474	1
129.26930043290926	63.70561166455094	1
110.03967960075124	50.95694775345821	1
111.220055992641	61.279058714362705	1
135.8187415474768	41.30972264518411	1
93.7720519768844	47.116822983693034	1
42.011899828564744	52.026434782516404	1
121.68259549757096	-5.875973924544688	1
67.11019864929332	20.927494880737836	1
142.24964229171832	72.57196261058384	1
75.09731297318012	37.50868825097389	1
52.650122550592116	34.36240900378446	1
27.970996881804382	29.174504836758164	1
78.1611310325122	48.23084257265501	1
43.754987287018245	49.30180235606224	1
82.272870551987	48.93349372420829	1
125.21012772610604	14.6563561666647	1
56.563787768772286	31.545892636555536	1
40.57387911807512	96.82619479695269	1
86.67037159459969	85.02945075946829	1
95.88904996720335	42.08042120209463	1
54.62388711266428	52.33612198393671	1
52.32577554566969	24.960226947218178	1
35.47587210148953	45.501271200392566	1
73.88222101359518	56.79618180035648	1
59.62335282146526	48.33472471707119	1
42.511509632970395	16.316682272235703	1
78.40995973768416	49.297856100716054	1
100.9261656758009	43.66162126715312	1
49.13057606561248	37.34904113462786	1
32.97738377514313	71.81296940096225	1
70.39967186900375	32.244165049398724	1
67.80704176047252	48.30476538194871	1
46.07297368564034	5.682526439233229	1
60.26181346797685	40.968522762308915	1
136.53040743463106	38.734104959603215	1
35.583198340516354	32.97136551855646	1
58.4497997126553	33.79881592971744	1
11.495658173373727	46.11099113206204	1
94.36131044072188	40.340111031353636	1
64.20981997874006	76.33192753205918	1
88.59456998468863	25.41553904423035	1
43.21728201077876	60.60209553592287	1
96.21110868275534	43.866319237197814	1
97.24083110766576	76.82672804968422	1
92.7368719320567	63.4711698961156	1
141.85398252536456	19.523084285312837	1
134.42297814272285	67.7825271045311	1
71.72334722168931	67.39484104901744	1
61.96481968535079	80.39528794418928	1
81.15025014571825	23.080896558273956	1
70.10447683112835	41.40502694220733	1
103.1378478337056	20.68921430908373	1
102.39983879543118	-5.9208799693452505	1
54.72903456962101	63.059962756928755	1
113.25411029438246	38.34901099413449	1
43.83941031960207	68.48379265039273	1
58.66996832773478	64.94667672191865	1
88.47824481300144	15.528781733826811	1
48.76465977782689	35.32705735215876	1
21.40258426313749	63.943688558849416	1
76.52847347979832	53.834717445994734	1
82.2995305159449	88.37258080407591	1
101.33107791811096	47.44272618919332	1
35.42540017360025	60.15987062599275	1
42.03420678507615	58.05559782048489	1
61.24839931223998	62.0263184513327	1
140.65605336745125	82.99131699582608	1
72.8784736290975	22.35562894362773	1
90.70255235225221	83.2872018792574	1
57.90392773398247	65.757171463992	1
115.40663218311548	52.84081697121516	1
100.97562266147844	9.678400896089194	1
42.67471632061574	27.051943330377696	1
88.2580269855709	68.31631141549559	1
76.84675192393918	43.70665482192091	1
42.979378816989794	29.064143175493644	1
74.8604681790481	30.973141454929443	1
108.44912547598246	52.00138171033013	1
25.097628748459876	69.70457927078434	1
73.21568694686083	96.0975437851046	1
82.88269552723898	30.79653141707912	1
102.2442757164778	34.29570933767455	1
91.04695216843923	52.46907881812798	1
57.22039097711617	83.58196539268025	1
67.65886732521483	67.44377711723502	1
45.61881912972288	52.179333676759065	1
86.881719876061	90.82307585097918	1
40.044683678218064	70.3020128083821	1
69.37766890782471	35.49985109966879	1
38.92477607525551	84.85732463031204	1
95.30320309331704	86.7509577790905	1
114.36645952923878	46.0535845504844	1
84.2686334290035	75.99891359678055	1
125.42398010358073	36.43032456357675	1
97.9442205607218	41.51955532864483	1
60.762406473175105	27.696899634075574	1
103.55033275202274	58.34865029193715	1
88.10556457863159	43.59238382417799	1
34.44758333542332	53.430201055800985	1
87.90143153818323	47.28230524258614	1
83.19773982114839	50.85212015368313	1
88.89533892939454	66.64991363659456	1
132.76537256484693	49.98690079353409	1
109.96122121550553	52.55958438513235	1
81.65847122652208	28.161984308848353	1
48.517440500566295	57.668659236287375	1
29.154583257505692	50.13443789217899	1
62.515632237797405	36.68897423693648	1
111.16589106313226	35.66033958904906	1
27.67211767541555	60.31412642381625	1
91.85067397730441	73.99245037974848	1
53.00208220421946	27.135847627247376	1
133.353717096598	66.59265412478638	1
91.087327516243	47.20885563482555	1
43.128804566206696	6.275880853386923	1
83.32682865377427	21.446889002482106	1
27.720394116187066	60.79375268733557	1
91.63058280330763	11.413587573536994	1
59.205873906202044	38.47316843005073	1
79.98287130198483	46.21722511434375	1
100.8015995274685	21.949650112381477	1
26.938341199411006	82.65425551129951	1
43.81925689147179	47.523872085761056	1
76.46665665884129	67.01843100565144	1
36.10273056742424	2.6714618698965467	1
99.06420202825053	41.48399938162496	1
117.3407921489777	57.72015227727753	1
80.72739016775374	45.76039856133541	1
11.866694545889374	64.71820282298802	1
70.9719733549836	44.25678161624493	1
71.54567043211523	41.74353828533954	1
84.26996676814412	35.959112694172006	1
50.33999821361825	19.680993762916227	1
28.35758508316752	70.91417060177034	1
71.23521505396847	7.678524806604507	1
108.39818069039664	63.596230956333784	1
99.50977626925194	50.43666400474615	1
54.14384751726732	50.40886605976516	1
69.61523795557414	67.86228865195119	1
102.53462596548962	28.114942209879743	1
109.4271434264042	50.53791917412242	1
76.06649729548721	67.39768682770601	1
128.39030556710836	41.6119677976169	1
80.44914957612895	41.89957922281289	1
86.2260062995038	42.86319804737496	1
55.12052986588327	50.709644258151144	1
64.12560641373425	57.890291618802436	1
138.47842882125042	65.15552828805102	1
98.77100424114677	39.63298569411498	1
49.18666189495411	70.44309363315844	1
84.67716202492531	64.33319516221384	1
91.06007296090961	67.63682835111344	1
76.47023423573198	80.66841541442425	1
64.11554628216396	78.04275025202435	1
96.78304976271255	37.06886460898513	1
132.13862655665304	62.937056545632	1
75.6478981230512	48.71479309312725	1
125.50710464308276	35.73823881971592	1
82.57067343039549	59.81857954318344	1
21.784159988901074	63.76914843193177	1
101.63284870665603	32.93727008625252	1
0	33.15794711748194	1
87.82365243583476	18.622577566893625	1
87.18196975848474	10.401342710127196	1
89.71264280336997	70.57701211191369	1
92.90750981299598	33.04395976313847	1
86.04332463388779	62.83458082696692	1
32.208818427573476	100.85313353687823	1
125.44134253105287	52.6203912875875	1
64.85370245918536	54.12479312492418	1
52.4699913247748	23.681657166450925	1
39.514299972639215	86.38489767526924	1
79.05174172658421	40.40592417727176	1
93.34470470181066	74.42658696473222	1
93.93493484429435	19.2847005639325	1
95.19096628029848	52.3482829977668	1
88.33556546620962	49.581128139207735	1
71.28016317066698	48.113765842081	1
83.48475975531011	69.7999448055527	1
110.8958358905839	56.69810417844458	1
75.06159006253513	41.083185355452066	1
105.81485395252935	27.33851351996869	1
110.88009691743865	33.10371042696789	1
51.66325220996509	38.02750242252518	1
60.281606115809225	64.42410955174711	1
90.77188252057186	23.570433737811342	1
76.62539750341847	51.06618205489871	1
81.72465058931759	27.09170499575942	1
75.42481946176748	27.19079122062586	1
84.85574746694914	13.598507674661057	1
116.02529220195198	42.59400453468208	1
72.51670612216009	42.333107529885865	1
83.7317070747206	58.334598626615275	1
16.389411421274517	59.40839258440266	1
87.65155927878618	48.575163965713855	1
97.2989851301036	61.6953958127511	1
115.5129145990268	55.42392445428594	1
135.12539370118026	31.114636515210087	1
83.19004586886322	48.421224069219825	1
67.9081655233835	23.713175398132492	1
61.97073523704549	15.456936359950774	1
80.2020951640918	59.436382005928536	1
90.34324088521927	39.36758544938941	1
65.17960248955572	29.557958343533667	1
65.93007796527006	66.35169263676357	1
66.1068671681237	26.1298866005064	1
101.07983675178771	33.82757237637134	1
47.962057293063076	61.03844855521563	1
74.91707413802898	50.08018955427784	1
41.99866085755988	69.46917593301905	1
93.9725661945578	34.0394406944546	1
131.6334268313792	27.30401405562354	1
44.99783752113299	60.41891313656973	1
40.16698604330735	43.273948586323115	1
50.895957114588796	53.45224992064683	1
72.24943151310286	56.94186841895868	1
99.17986000682471	35.66262908691492	1
0	64.16234541510708	1
73.29598005977691	62.545551417863024	1
101.80247377462341	57.38834373861286	1
133.50602303401874	58.910512906453704	1
90.90688566020258	56.03246216573802	1
64.98153984320363	34.86598795385636	1
79.30693232228928	73.15778060153687	1
20.564592605482176	82.79217637198849	1
67.67123828385127	46.231618691784874	1
127.0802985394937	48.15947526386061	1
86.57536037144628	66.09803575016102	1
36.37927845394125	27.601975521416993	1
105.44231693614677	53.85265634677118	1
78.52740385108685	33.57220215524847	1
157.48063649054217	25.630076480265732	1
35.096371149726586	16.07390730328371	1
74.62300376926056	73.35290476455744	1
71.83655673149056	34.54102235293831	1
45.55188273275075	66.54984475400221	1
100.56056949719883	33.96568927819536	1
84.57112548240683	56.88388603556281	1
58.87532644691119	17.229580660403528	1
66.40989000516373	9.06242432935666	1
68.72891919957388	76.35937634238488	1
98.05516779555714	52.02021272564618	1
106.67634845342306	54.01023561220451	1
71.03848344247233	74.88338160509448	1
68.0052776844041	79.89206938024364	1
59.47943600847121	61.00855802825538	1
111.22974778038673	80.732721698624	1
108.14170012410459	55.30430323080836	1
102.96302689811809	22.013201354674354	1
0	50.75182027023872	1
86.49468822823886	45.725685138522806	1
83.7307781478732	20.920892905441555	1
96.57201631198711	20.60776338010379	1
92.97639384164438	28.31939858104704	1
83.05724210043515	46.58605395609383	1
58.70279658355494	61.692286650386094	1
101.36923034140403	69.39316179025785	1
101.89970696666576	52.906156583686	1
73.76250992638484	74.45326712220697	1
37.275571716420295	78.12390762314327	1
117.74673759353911	14.335596333500654	1
45.17592038957408	52.04551476543201	1
15.106603856618435	66.4794106300271	1
70.05365523031278	28.45566693017326	1
75.72274593570329	72.33824378887455	1
90.56634024644023	51.79798410393458	1
114.27099201762661	20.835893780335297	1
26.154631101990958	64.86075168212969	1
59.695831353128796	74.78833232167595	1
50.08681195402459	81.56108202029458	1
133.05671114768938	53.85096528884876	1
108.14335820789807	63.41118551684701	1
95.49355744869695	21.907011226324833	1
61.83052953059992	16.57600180841945	1
80.05697071514007	58.50952500061615	1
71.5833474252897	46.44680265946199	1
70.25030003278508	11.045395759112104	1
123.08059296525096	28.59693007939098	1
129.37972328718888	45.81785623025047	1
30.946228776755873	64.9915546614329	1
85.26095833075998	73.39400025150364	1
82.60293607838297	53.662971787281364	1
87.3682383109451	22.644250305094854	1
64.07459675362529	51.90051091796684	1
109.31581730678421	43.94605414168351	1
100.10185669154073	38.262581187142786	1
61.38500472190228	62.35234306862807	1
110.39422231526329	48.295159759307076	1
91.63516921432077	74.19874682164398	1
92.13318718098914	47.0687931580956	1
39.263778826500705	75.06811958593988	1
83.57764795657167	53.92348910303508	1
54.32639069900962	73.52888674941948	1
100.31564592691929	37.85512174809347	1
84.8847448259744	29.708586868458106	1
99.00083110987458	58.6065860468137	1
59.5697030281046	34.030007238406476	1
147.5810226042797	25.645884337999398	1
73.26297160727364	70.59602970780394	1
58.82608896300758	100.31448649313478	1
36.725684675405425	73.10833749474779	1
63.763923796967504	47.340308491537144	1
135.40807651607605	67.71828430806146	1
111.26124903094325	52.10624068679542	1
87.51927134306611	37.70301114791238	1
129.30422712518313	59.86772992390304	1
36.66035562440151	35.35106578953885	1
98.97739325379719	39.790458380353954	1
88.8595468681478	42.56154195219498	1
139.43314393527703	23.304607163714877	1
82.03010331751426	31.865843759152536	1
48.53648482843808	9.04122284709537	1
56.9562549876457	55.35135785310076	1
59.996607198942996	59.444253785236164	1
105.63936531092135	49.78899622751632	1
68.45724111773741	30.081132530031066	1
43.100765446515645	49.747899615486595	1
98.37412844419593	73.14027510473572	1
77.65187758290625	59.246656265514495	1
45.687912745903716	60.448625448279245	1
106.50184180891812	43.9035938705132	1
22.202223460642692	55.362514614907894	1
76.92499896270552	63.617670954329	1
109.57822999597673	36.71087605197409	1
61.092756097154776	33.499061840963904	1
52.50180857508656	72.78520926781643	1
71.2491380380429	50.37563813655768	1
66.68352460549464	57.06662210852948	1
49.702684305109386	58.82841233314134	1
62.39399164751717	42.3165911149217	1
114.588767218428	59.87957366489249	1
39.46859439876096	65.82789998189756	1
75.7700977481968	60.61837335327182	1
84.5089954961732	21.49924430443122	1
62.61482048754597	78.91394645643456	1
102.51017884736618	40.101445307049985	1
77.73025386846935	58.823179863853426	1
60.046529043186396	54.635275312624756	1
94.54268237219563	49.98176253158534	1
78.2095546474	61.948073609324226	1
59.09319803867793	68.94714328843173	1
53.091627996159396	24.11475752767036	1
69.19938042501673	12.488341002505685	1
110.25235188424736	39.19543000431905	1
44.9132080182695	69.54817752076559	1
90.81735192328607	54.02956722850079	1
113.88021302796257	29.106374137744112	1
68.51846913309811	33.40456678495319	1
65.71566592892006	63.73798522492322	1
22.950033057167325	31.732638923701707	1
101.02354832131232	60.7450160788716	1
145.34741671845006	36.58682041493632	1
87.06062150396177	40.15870021560696	1
117.76644024247932	72.32874253595458	1
50.337808698870035	35.602206515297055	1
65.79977610093349	59.65964438759463	1
95.53261000924257	60.403982803535236	1
74.47618913121107	61.335229081869834	1
42.99174826963231	49.26772959017217	1
89.27199566004522	32.82406603806743	1
73.33970437514188	51.607666471516936	1
72.42452051156172	20.609513751318516	1
29.729218298994624	43.0594466038438	1
103.38556108334078	76.90212593622698	1
41.8461984766391	90.24604687958316	1
83.07809986967703	45.027138799695024	1
78.86012325924645	44.16333911632248	1
89.72317203071704	41.994420930642804	1
96.50649423784688	45.71389132263633	1
128.87497271428788	61.25115465125081	1
94.4271962725103	35.99267623522385	1
78.5637536263492	87.93392905557357	1
86.64047536001848	68.83641498511338	1
129.6626074930845	65.93020269174872	1
67.98178804309448	69.0189931884867	1
92.36688347831233	25.244739197853498	1
60.80958730543112	71.99055197676756	1
36.90757360887647	38.22616160736229	1
77.84419642964174	108.57888227682386	1
2.8762876980488272	59.366246600515844	1
114.41649797409397	107.37764197822138	1
29.163695972383998	46.109199817757236	1
107.85197013546487	52.395749541136574	1
75.80994109809787	55.69883658367243	1
67.56460340265811	35.68989985145567	1
81.03104173676728	33.95444466342967	1
171.4946405705246	62.60096464666622	1
81.78660275615572	44.07701451736531	1
55.90780014876582	42.77183135140095	1
147.62663966017442	75.49895967280082	1
18.263406353023363	46.25057176816447	1
66.31804958484304	20.739930828165036	1
113.87090814641402	58.45415409639306	1
52.52800385775935	71.41987512088049	1
106.41915102465846	61.46673987060251	1
96.49308754353322	75.6760446912985	1
33.04466808298357	79.3874404844524	1
67.15610499043908	67.0794765794859	1
64.00973061523348	63.25836488331074	1
70.98801534689741	67.70752957068723	1
134.92213597441398	39.46505236507924	1
86.74820048343099	27.547487918558545	1
99.75187097696977	48.27915367680714	1
78.05176649608008	71.09358098703669	1
77.68054194405865	40.64759454244928	1
67.41040790736965	47.57644278051547	1
81.5078237866876	49.387951097280336	1
54.384411166235296	68.99185056508065	1
105.95544631252895	55.68874122308462	1
120.70768149614327	36.64223805946032	1
77.83799066997916	48.86705979003181	1
74.78011965043795	73.7885035544178	1
82.01943989534102	81.53628007032879	1
0.5439305847473577	58.996468727399176	1
76.74119842460767	23.336712201940944	1
40.78247078130518	71.25727172760529	1
69.29095006777507	40.525287304576345	1
95.80208284467861	40.51975085152088	1
94.16099680302537	44.57107161558823	1
62.67693442109501	70.92335708487794	1
88.87423299858979	7.182793992102923	1
118.84817357073986	42.59990641973464	1
45.91249154673399	33.466761423399916	1
74.14638575172893	62.71708491603541	1
115.25154761261604	55.844149175686375	1
75.99434062787	55.42045309378241	1
43.80498173859971	54.514423117830376	1
62.44422470404956	39.85669911345024	1
124.1813249474015	87.06118039705646	1
79.57903006853891	50.871802666043806	1
78.48157617903435	64.29065827383054	1
50.791862673362246	69.4386562378179	1
59.17155435112878	36.48730524637314	1
101.34355487733019	62.20694887738605	1
109.40954652559118	48.38375246768159	1
54.27739106301064	48.49084216721619	1
83.622704714391	52.326924069473165	1
109.24206052046989	38.92822428348756	1
74.48400263762232	20.395632392576918	1
109.01840895048774	46.371137254115766	1
0	33.66535777663255	1
66.381517060753	54.850023494152374	1
168.95073369502313	57.78156511696601	1
119.92910468791774	41.01118121066609	1
101.31311499506336	24.16198189575217	1
77.91073831795548	65.155293975462	1
103.92097198671865	67.19352863252715	1
68.95515173597589	75.23562648643609	1
40.76827453328261	62.50747508458462	1
84.97913692649364	9.897901425718409	1
112.27852278233733	64.56766680940214	1
87.08948018894492	33.20132309104153	1
73.81355848982817	78.27383203166796	1
97.11099001439632	56.66145249854182	1
112.31804562871426	52.00241440154768	1
97.36481890445442	47.17740696884109	1
51.01309036764984	34.18143294366203	1
91.32441190322281	54.22760401483823	1
101.28467175718559	78.66473780712914	1
20.537066001918063	56.606371268145445	1
15.93801117570358	59.87197147505668	1
72.64430907203051	57.8074715218057	1
85.6705137112591	44.7061144545053	1
47.61009887558113	78.29621265316409	1
57.63916575443619	44.40877240447702	1
33.893612593815284	26.47764134264563	1
24.590321872214304	92.68921170322098	1
107.26186639825498	45.821789477743174	1
96.25556674431884	78.00417840153959	1
85.07887808662066	33.8565297590201	1
58.01073016526264	74.51003990925877	1
45.36822308487068	65.35492495969405	1
50.79717371714707	110.95579247802877	1
72.92265686361847	45.72622592845453	1
20.827071119972402	17.436552388117043	1
83.01586649499163	43.50031492228904	1
37.447625890783215	29.291834002192864	1
42.03639592230636	54.749907572335204	1
121.0145204285975	82.76821414592499	1
93.70247559791041	60.52047371515703	1
108.48694412708193	54.978865265760994	1
88.57656665667494	25.634462476427323	1
125.24363285714608	23.706165527528483	1
23.016501876456246	31.093184891696964	1
48.06482368797707	64.49847652748991	1
93.76114737562293	82.72644421795387	1
62.79179951576353	33.98222641940045	1
67.33867409274143	55.163646197409015	1
16.87803319201609	32.76763581388935	1
111.65163092418649	39.75961980325668	1
106.0421073302871	36.072502797073206	1
138.875260491152	61.198406878360196	1
86.32476271769089	75.01546293818404	1
63.74670278753587	84.69711937958817	1
33.240158645915436	41.62681763727418	1
92.58345419516964	46.666387705908306	1
109.53815361090746	40.34369646290743	1
104.03477260647645	35.96539730428159	1
73.08440752871866	84.1324502291454	1
45.66793765591513	17.23521159443586	1
72.80818017970306	32.24906202445235	1
50.91846428624136	42.11990614974257	1
87.52889937280639	51.778173201455694	1
60.56969995091286	75.74130225890227	1
86.47153634859474	36.97371403335056	1
64.73779931968443	67.05168509782698	1
90.09651701257319	46.50397598626081	1
46.328252599283786	50.01589108861099	1
57.220718555023	24.00319885056081	1
85.16931902304634	74.8911215976483	1
59.573486701304475	73.78831383107502	1
96.5077870028781	65.48002567740502	1
73.68301630044614	53.34801103670287	1
79.34429633510673	52.55081579342166	1
72.77844554070163	15.221404827049014	1
93.79219395955919	60.79683767758477	1
52.52163759037537	59.76700218131059	1
25.719079201218563	66.67806673439628	1
70.08111015393024	48.61782111176527	1
70.4455995334076	46.317832982067486	1
75.21001536679522	61.337082277039926	1
108.22344717872261	60.35147739280233	1
82.13953689977129	32.879179481587	1
34.25882620244009	67.00013819545983	1
71.95313511791707	53.766012751017776	1
29.728064419112556	31.521626789926977	1
53.790332267267104	64.07479588603142	1
57.1145785158549	15.915565522322986	1
127.28531230782889	41.63949693481724	1
111.45467306332088	78.4527062407505	1
93.45190085403485	50.118606937376775	1
52.681720216566326	22.9815674696437	1
20.11650168045302	62.70158659986589	1
80.90359507148001	52.68952473385242	1
117.44304062077136	69.4401831052057	1
42.326502833129254	63.275171974227966	1
119.84490300725935	31.732836895383446	1
104.36549296486294	24.453645446758326	1
52.37607011513638	59.540064288994884	1
105.33047237923756	56.651657481757	1
95.94577527865455	50.633889089703715	1
81.41246014107895	42.41332620130488	1
60.47291054497293	37.72275671355458	1
62.78751820405337	13.070209383188455	1
97.25337980192123	55.727724327252616	1
72.15569711285383	67.22167822556966	1
102.00340777068338	29.551292241162518	1
90.8895804941332	28.979035218656442	1
51.24219887233325	29.63621695116074	1
119.50391792417659	19.013585779089972	1
59.126075877409704	55.07547681613863	1
29.831393786154514	57.05307968799558	1
106.43898978729774	20.15745745026588	1
92.08474442069102	44.78620339152501	1
122.58867039632837	76.07561670431099	1
58.82591251218689	53.71239109774774	1
70.16507961145128	67.08481033948226	1
94.03651778428768	48.38936171109717	1
51.352098934849536	38.87529002301166	1
62.773662907268175	21.04576356621481	1
33.66277709710087	52.96474326638645	1
124.31793013442332	39.75859200654463	1
81.72242059718167	52.0551835376886	1
58.27870989425931	64.30037942749154	1
54.82725782026292	52.61082312342775	1
64.91467522994037	21.868037182492337	1
63.68593208269351	38.42822484215924	1
108.28356962337011	26.0198110330533	1
109.0430718418306	34.99352294275344	1
108.41020705163163	-0.5162976069548506	1
150.16743514747577	59.78255612896767	1
57.34644215884506	59.47078427934645	1
105.12876279879332	60.117690822173145	1
53.30001959373185	42.56916502631142	1
77.40022932201691	55.26461695823096	1
98.43594990052064	69.65301129114854	1
79.54409417614497	27.435924035751885	1
101.98962413069053	80.52732374998797	1
103.35548076380486	76.93143188290361	1
114.06431220131218	45.71117648240348	1
58.642736441974684	85.11413633194431	1
37.18344609526112	62.83568580067984	1
108.24851703411328	56.11166221545712	1
42.06556466556136	59.593592147695674	1
96.26097373454185	15.405194192621927	1
94.20219095933686	53.86411480046372	1
66.74274184304333	72.70685583182674	1
69.85559515091495	88.32829318807771	1
53.39411714010149	60.21582434415299	1
48.43122144804708	26.255646867451304	1
139.29893530552215	46.9493148272916	1
59.474148017801866	64.39820463129377	1
84.0247531785634	45.60173085096897	1
68.24426687838151	44.33795079230684	1
81.77472012338605	50.06617687515501	1
99.16825745689222	42.50902196381434	1
67.11783385983037	13.288635120600539	1
57.608689480766984	56.868100118287565	1
93.81480768535987	65.43820652793964	1
48.445561895447476	35.27794985846333	1
90.40514584756261	61.72174147607339	1
118.10978072286768	70.51470502664031	1
73.64720806930663	62.66139137975265	1
56.1853317561541	67.18335506248813	1
125.68119395528595	58.65559858180778	1
81.78298188621007	38.01829996465251	1
40.12673620024265	41.567517722352626	1
17.583232690784158	50.17797844717116	1
98.61712429482944	23.02690141626394	1
53.16598964689228	43.690908490530674	1
79.36059978297709	50.49075288781341	1
85.08292552644163	38.86223995289598	1
108.47376110915265	32.22814905736456	1
78.68687513625525	19.45063773090657	1
16.710954770432174	17.488727852314334	1
141.41741822849707	107.47694171826403	1
108.55827413762205	80.14331978388341	1
135.23610180441221	40.08735247939674	1
85.60726878551858	50.51139607732303	1
119.20718734030405	46.233693303594656	1
138.37566115489247	55.0807965378733	1
39.42723327320043	85.7275563368878	1
45.79775019222625	55.1912652521164	1
86.44459658131245	55.77815080676992	1
86.5006529775727	66.66051270536445	1
113.35754824458982	82.62924601767224	1
116.41550301338712	55.20198492810497	1
96.54537199355435	46.72023587580765	1
51.52204413518848	75.56946698860285	1
37.243274305843585	53.024723223634496	1
22.718159808421838	76.37414711746953	1
95.26843223799739	71.45674305087809	1
112.28955340429287	58.15995394129261	1
96.12123845850148	37.4646494568089	1
8.473251561337761	54.93013163698829	1
67.7991448349054	16.221426805478913	1
26.808949522599534	97.8418615419836	1
113.64068889407312	50.89867912164955	1
56.93470271029844	28.37554686418999	1
50.208017154995765	70.15909060874854	1
102.74399252475126	28.057989556709465	1
31.912211659010097	53.50970335227383	1
80.40151354732734	69.8661461659862	1
35.325472422565355	31.210175261152216	1
80.265883991003	64.74347370380698	1
75.1099689155282	48.72193658614418	1
23.374553397693646	76.25432850416978	1
122.9236777436187	62.43389898968928	1
118.28585000164465	85.73018765491396	1
81.09101064878115	68.66684391540676	1
79.81564900676132	60.73064655032164	1
81.6685445935539	29.87521497409613	1
97.54368924271185	23.093856696172907	1
54.07225314909391	34.29695061004345	1
72.73805288492916	33.704950379614836	1
84.53511149641102	23.263768708721084	1
54.423262061591615	79.82547765431097	1
55.14135430929525	40.4891620322703	1
70.06732149973038	110.98715399968023	1
82.75699441677489	26.89614785718563	1
100.60974017975416	39.258717286155395	1
69.07381975222816	24.136770678394495	1
65.08945603673445	38.26513724227407	1
67.13741053986318	54.7433791392716	1
52.301237885142854	45.734637016019846	1
146.34369176688483	35.18245902634621	1
88.54127472418476	50.78166390997682	1
84.37729150269455	15.22594089148454	1
76.1939625333427	58.190298006488646	1
104.93080455380657	69.78678077563048	1
122.11829269311826	28.436758146508076	1
30.303414291108098	32.30623404223226	1
61.69816529333585	39.400123611333214	1
88.96877874590825	9.239938909544733	1
48.23463258446792	37.62632131930965	1
79.77116892871719	75.76327992414943	1
98.61571418868391	45.75401350488221	1
14.459514042950389	37.3130390712179	1
70.87647311439143	22.8749679073599	1
94.36296667503966	6.673436390919356	1
114.95195817282878	43.69566799612212	1
107.95415351636575	73.53324131373422	1
80.79692108878413	13.962213003690024	1
81.00602640613188	63.116976310195774	1
97.93313987600149	64.009912147768	1
120.33348769539111	46.33833316541553	1
64.4854180919615	39.02002268768262	1
94.98288423076977	52.761659349230904	1
20.53632320136039	53.83887806025592	1
41.09295564394091	-0.6094138683713481	1
48.930115690909176	76.61364212136742	1
70.9742945044026	57.88549318378652	1
86.85839148991316	45.37662362823884	1
69.59943952666679	42.024880719020686	1
74.97997263280423	38.38309015753276	1
100.62710934552422	44.20995697166084	1
115.45068360528363	43.21508463748804	1
67.02366195727629	49.27448008693392	1
41.50081440649368	64.50408210382643	1
34.695581328148975	71.83660372895957	1
98.45993727762128	56.526948991046915	1
54.31458930476162	44.453891557592954	1
71.19012251918848	56.56091509629065	1
95.96341561288195	21.187033815596813	1
6.523745834948073	23.66281146985131	1
56.50039056181555	60.88748525538411	1
46.3265860544792	52.977638288769825	1
105.70787707960798	65.08472340584619	1
57.17049089656682	58.56241932114935	1
144.52651593419048	90.10760560303177	1
116.03280078335138	109.7534644535374	1
93.2425489677112	15.213712539139152	1
64.1886359649597	70.74672570276729	1
90.54946665860872	57.974144811754144	1
58.949860286716834	61.076760638983096	1
86.23728848068446	57.53339000591793	1
68.22933000750447	47.89391061146523	1
93.91577742142597	37.84102365416694	1
143.07329138616453	62.27943114233227	1
79.00880530701386	59.98541663692334	1
60.451141486077844	88.0756135204521	1
62.61437275956807	16.703104949520174	1
95.19368411549497	58.939427398757346	1
65.17399653251508	39.689352569228426	1
79.5307296924271	59.68437313024444	1
90.88342753403239	36.13669736517059	1
82.58608947763265	60.75932422894604	1
24.898012630535845	76.13984344516743	1
62.516944942360354	32.99809898489089	1
63.288448043029845	47.213413256455	1
91.80263103916549	43.41188703112328	1
60.39954785338287	56.86095354043888	1
57.85623840005886	52.85968423242232	1
77.07637566167874	69.04223374805869	1
103.10319345537826	30.884838456698013	1
58.559893085600635	68.86023741686657	1
35.781882694230205	30.20683382770423	1
73.94188369790737	51.112660673029666	1
152.46885461366986	25.860875150707262	1
102.85573894083497	39.31196815630976	1
35.326930112257656	38.52051079722392	1
98.463138193692	39.94815056210038	1
113.36286003607643	46.5290749482425	1
105.3850575899165	38.415239912556785	1
67.10312707095676	34.87870077023354	1
130.72401021762113	75.72051901374886	1
66.23586491545282	59.70732824798283	1
26.987302527409923	58.66133543997057	1
129.823433560318	43.95116991517367	1
27.531199468523795	16.33771400562341	1
126.94620573161777	53.34895345726565	1
76.53045267974616	96.77816979751641	1
57.17233223595578	66.82999229176102	1
46.161854379281245	47.308900054883	1
64.89618709729695	35.6789937375909	1
75.11844168898337	35.831151875112575	1
129.7167267772131	63.19367298263315	1
118.0593069534012	63.15123712129312	1
83.64498204159057	74.00472107657853	1
117.65626497667921	48.225025318886985	1
80.08295067594439	43.82029841384316	1
73.63790246233324	82.33918883020145	1
69.0593003419564	55.52068930069622	1
82.43134215078273	40.84512709665601	1
101.51145374760794	28.081915471988413	1
48.63270759227226	64.22783489585197	1
107.57088306334606	49.13794211071152	1
68.91986020590278	16.976192408517207	1
87.95236709334681	58.490964091067525	1
60.465804795379924	56.098262607239356	1
115.07401017811674	82.84520731260596	1
166.22380109636862	40.618921355544146	1
35.70685649673663	77.35452281819819	1
64.29123001911147	65.92322640419889	1
72.02177548676302	45.92195934817282	1
68.42312287609212	42.96856171059555	1
87.24934111688181	30.40273273177862	1
54.458766126365894	44.664464119340806	1
87.48486385673837	20.42389676531822	1
78.63500470251016	54.32512418762454	1
48.389589398314	45.739619857755216	1
58.924270856079545	18.901395111191817	1
45.105894819623565	49.84791906735201	1
39.13730487041914	24.236733254859836	1
68.55177422234112	35.31856638631098	1
61.905979671401305	71.5265048303452	1
66.01252518604723	56.314639058214965	1
133.41007717556008	44.3084472040567	1
66.55985637251568	46.685388212144446	1
75.6019018875129	51.43242186465748	1
83.97680462490828	32.65478303535636	1
45.10272697737775	52.19877905299281	1
63.68758099672334	74.71519226243338	1
56.378337308346346	46.46019335447519	1
107.61154087272799	44.875492660072275	1
141.869616710828	85.862914345545	1
76.02017264261448	61.988483546766375	1
73.9794868035003	30.222775542904472	1
122.44485114223433	62.233459085099824	1
153.77574577478052	46.823976892053444	1
87.51301939155975	51.11377219272823	1
99.71109117230313	66.76636343235799	1
31.300013386509157	19.54123430897487	1
85.67461178628142	62.92257501634593	1
93.60991801088115	35.92996074206553	1
93.9950968167651	70.21426521843632	1
93.11257118271023	36.89722083162732	1
112.9083451705747	23.46903201781401	1
72.93957015111575	42.68790774791131	1
111.37449034675592	15.690690947872703	1
57.87842327145122	21.32166007988595	1
94.59576340994562	31.60099399352411	1
79.45290163636061	17.657704968974684	1
68.05694635877607	50.522581348184495	1
72.09595724785926	61.958492227309776	1
66.61693496268599	43.73203985279002	1
16.40241304733945	66.39366146250893	1
81.30460056453579	73.3965233567952	1
40.57275425667683	59.9902231844543	1
51.47966484474052	40.149440482321936	1
116.53243659990912	67.27247056917457	1
56.2682008817155	45.78465795666944	1
89.77755932561587	73.32444067152073	1
46.23416572307713	38.19293408265048	1
94.03343713259696	49.79948799829891	1
98.01855337349599	45.453398559057476	1
62.53548623239139	88.85111497723008	1
95.22191225311566	60.42379387059452	1
153.34209707027713	16.891650112453213	1
90.6269491665704	57.32301208625482	1
38.642598773606935	19.623759572986486	1
94.23865194793457	51.23987826019216	1
105.41923084966788	47.58993288704678	1
110.25172102850271	51.020457660205984	1
113.2815585522464	55.376473770560416	1
54.09355269599978	55.78545112454432	1
49.69952577316566	32.70154349693124	1
33.03934155968332	47.66268220879822	1
45.5127659329262	49.17308029456344	1
41.301026595527816	98.79106462334609	1
68.74645250105984	75.19397905677742	1
132.06495779258697	66.87574620276098	1
76.5374797750653	58.15450845671529	1
167.88822962456385	45.75527098091394	1
39.67594833965747	-3.702859893248828	1
91.34067355585528	43.322255202615025	1
116.84479748496088	60.82941246653185	1
116.93552077826196	89.98624930643909	1
63.42871290161027	83.0540381468704	1
93.64333507039112	62.437981520705954	1
87.80988774659636	25.16359649510859	1
107.19009026875737	84.97714887466942	1
95.61247363364373	50.6306433280311	1
90.69494035838179	24.811274782961668	1
104.90018662781036	30.400455022510787	1
112.3091837102088	66.16971817877337	1
117.8007145973563	40.588005891432104	1
111.69766404619347	67.3197446351154	1
117.36542518446574	46.63594493298338	1
106.48339209653425	41.19461612769138	1
96.40631039629557	30.36375143023499	1
95.11238727487435	53.2499417574916	1
91.97485994875244	59.15531859391173	1
105.67586024788909	21.07492642730477	1
77.7341574273356	84.42475188605039	1
136.49717451068108	49.58665497671566	1
131.5146639315721	72.23141571670708	1
19.068952082324245	74.20205579214328	1
82.17633944598667	72.04009706552674	1
71.23493885592873	29.449428483700917	1
86.85263552204364	21.683796076712852	1
89.35754500403485	37.92624117721657	1
96.4074472599089	28.661000310841104	1
88.99701701199086	47.8210810171479	1
135.53991393801968	-2.4865033978064517	1
63.479486559396065	66.88937876927594	1
100.49125585349191	56.100743777952815	1
77.44171803240003	76.19502418478184	1
91.66820057619478	48.190876606987715	1
52.8530144703486	58.33912352095024	1
114.62570812707662	-1.0685236559400053	1
75.69661406285094	27.142987619511516	1
77.14885649384549	30.3103714446806	1
64.26935070790982	48.71965868517865	1
83.58213422832009	72.50523393449836	1
52.67564479574483	75.90727925646392	1
68.68167148128002	52.187287177176444	1
69.67538712770144	19.84617497306532	1
68.38176806521685	40.42035419060866	1
72.76378129283214	9.456445521792062	1
56.34702492353808	56.00140975971229	1
68.88992268060719	61.673105540567896	1
98.18076055191935	57.67936983787029	1
54.542045833297685	57.945611596493755	1
63.56291786214072	85.23732704429047	1
83.22068254014164	24.798285290125452	1
97.8766113889792	20.502438075811185	1
54.197733552101255	29.12018924529383	1
70.3340660822719	21.88900250805956	1
127.06127540319154	68.12106363408482	1
83.9410450820181	16.670498027266262	1
101.02999757579666	36.956937870606815	1
61.902132404838795	38.02451537214504	1
93.93759457576039	41.613063340735046	1
64.02483701771224	39.85964798076582	1
99.65177211582797	70.16888344178855	1
89.20779018485321	-1.7389506330371702	1
99.95722712206646	51.77207896767255	1
89.21547433395384	26.81618027313798	1
51.471406845044775	38.851437841786534	1
82.85199383566047	53.191008112554485	1
129.681926424263	113.12178893669085	1
83.50008914631833	43.158096399525746	1
30.146956185638217	64.88828607093386	1
50.60961851260177	31.958097293532028	1
43.786971522812436	67.4184587928811	1
94.37906257859596	24.774623955395864	1
104.5346781119616	1.682785550704395	1
75.31724613683897	66.2320232370196	1
22.081315200101912	36.932840015140044	1
95.6564394577469	62.80459664784365	1
93.67698615193105	68.10166800183433	1
75.46002871467692	77.89675931933981	1
47.93989570422147	63.73227497178263	1
52.91295726772769	69.11069594640989	1
63.209739364966225	51.89506034917664	1
16.89714840791754	54.91700702650854	1
81.07988500808187	32.911466009410205	1
77.53818853395266	66.5955147568613	1
54.52093211216975	25.80733425948157	1
140.37427768420665	23.984390242811845	1
114.03460811273808	21.556761234579902	1
41.020398653881536	67.7383634643196	1
64.76417342264922	83.58722468948008	1
103.04542408831458	92.54627289657867	1
82.01493284285033	52.006886278741966	1
82.6659241254338	74.4621029874425	1
103.39726157325543	76.14429999516143	1
27.122957051454932	36.01977630852023	1
79.1602326587755	66.03459450011052	1
97.4923916299694	57.62507272159033	1
35.38952336467537	37.84267996379185	1
89.05273335111514	76.94814194635656	1
82.66394938153562	19.50166230045444	1
111.33609735621306	63.543850870039435	1
18.167457370685057	67.09249090614769	1
64.00534986738396	35.689578975700314	1
72.11918724536375	57.11016746483521	1
52.737612949842514	28.325899594630435	1
112.36083681024414	43.21391687623284	1
81.31523401814431	53.506163949518466	1
52.58249865660866	22.107222387728164	1
153.77078708731406	32.26037292448205	1
61.0075893260805	54.57404745590497	1
52.96189018844696	61.88865914710816	1
93.68608501556338	65.87734174316581	1
70.84587799496748	26.227655279458027	1
86.20127044431189	28.440210561712206	1
64.58468948795344	76.1871228520306	1
82.83693078247907	53.210541699854105	1
117.01638873677389	45.09840337603961	1
133.04818007443038	57.25600061083755	1
59.930826006982805	70.22084085553257	1
82.0637437141166	32.29592296002609	1
97.6107014847426	30.64454794627999	1
93.2157442333203	60.47095476425612	1
92.91182627440675	34.250098052578245	1
77.05314052916995	42.25848152547962	1
106.07869712469278	72.9910277277314	1
35.25850988185887	39.444609845953664	1
67.33924307840705	72.42934176986037	1
57.38311278217225	100.93272038135134	1
79.84093070027289	63.28147772658783	1
85.62074204634882	37.72373006106832	1
79.44964447233443	38.0474542072989	1
64.55153103787165	50.801017747184396	1
92.58127258941587	65.1703209106434	1
76.14849163853759	78.54642528889288	1
46.39338008795615	44.39983026079672	1
27.203583430953174	79.25739234015417	1
63.404925978698714	33.2632809308012	1
49.69665653015435	43.88256503321793	1
37.710096916502955	44.01822993834723	1
54.554418218593064	89.46528260210798	1
51.340742997189224	39.59498859497149	1
47.86088428992148	51.59579317588723	1
87.50687261269904	35.20357598259081	1
83.38006245715059	56.10526306370011	1
129.387865459817	6.833576949231677	1
56.865415741949775	38.80299764237232	1
43.73482467940206	25.789525548433016	1
68.03422037398538	58.5044329734495	1
146.22602568179445	45.9426002118395	1
81.12085223351671	-0.16521067313149018	1
81.24628623694026	66.24233005976947	1
87.36491946139887	29.360763790536858	1
96.61506502016482	17.69713633027788	1
115.46459047531309	29.94978542412726	1
35.01164276054164	46.118139816330064	1
88.0706967150382	18.73596688099221	1
39.6523765282395	57.7154218985306	1
73.79150557725826	80.52854833948344	1
108.15848197992007	33.447031343900264	1
60.553827844705836	44.45345160742032	1
89.36316906645888	65.61186960842892	1
49.34961894440959	51.37598518959811	1
36.835948097222015	71.01129294695892	1
106.55097558930629	57.010776657333764	1
92.17622475508993	54.1170083417718	1
74.96908476650572	36.32360586074043	1
79.72270687231124	53.73938358003148	1
74.27799952060488	57.86553412249368	1
46.80981225883221	42.301071599391015	1
81.4510510130606	42.726491853181564	1
76.70316267500168	26.65937365374653	1
10.782323187115935	36.27066932438652	1
124.57071546285322	55.120267929732506	1
108.03594505294355	36.01619096005638	1
100.88288072822431	43.851151688928525	1
39.06324064639134	55.96491517194472	1
96.9325479232953	42.063565809624166	1
78.90611111561542	39.865069959041534	1
72.65829825740602	43.27965019005644	1
18.262556579495097	50.63975827777573	1
116.90193298523255	122.72693042906334	1
90.27446230352425	67.87732940529273	1
80.35443662534222	48.13302339825158	1
72.07878774567303	30.007999827467255	1
121.53117431844879	40.0253020423235	1
69.10214019625961	59.69875295076294	1
72.94858297257069	55.79779402091967	1
81.91783717952741	40.34795434966616	1
130.95077942523682	73.02579499589311	1
76.19637960123993	36.997634759711175	1
108.8138590544354	60.946145962510734	1
46.38896282958904	27.577773424504635	1
115.24421118555063	48.34952600113988	1
80.97055336540464	60.492660495136334	1
109.09133878087098	59.444031399806526	1
123.40683728774783	48.67573763753993	1
51.89598258158772	77.45986907190608	1
99.58551671130633	65.56978967689135	1
11.763620902540481	62.82602434413641	1
50.030734129468335	58.43832035315452	1
69.7411915352913	57.24444731075413	1
84.08122203498797	58.18365296464992	1
103.0109504962885	31.950909505490515	1
59.91099446812155	49.50367927722082	1
138.46114004077066	44.86382421856749	1
90.56615245184034	25.28798294033747	1
83.46995062582681	62.65466138223713	1
130.9560336122811	49.29444481680619	1
92.52081650196251	28.463001788284995	1
25.608042219820383	63.090571917407985	1
0	30.189089444898862	1
46.47806199278943	57.04657684593188	1
125.89409452308594	56.22032607983321	1
118.98703273848142	56.32529345357946	1
48.41929285984473	51.737222838428714	1
83.04926440927517	33.06964647067504	1
88.06152515001016	45.613880019335625	1
82.81123873984987	33.90638176101457	1
82.96227664704423	22.9767913638028	1
63.539641742720136	80.02706115190242	1
54.99133477750823	54.98535600971219	1
104.5747315632293	5.922528930007459	1
130.34331462317465	59.34864249669739	1
88.3489324465081	54.39669970387335	1
102.58530636306409	62.15008779653583	1
85.75868860519378	62.814045586085854	1
88.00098991012877	15.346910000568144	1
83.23533557471835	11.370170330665118	1
44.910366774838835	34.36912655142528	1
34.50266382031284	43.894304779165125	1
34.9019780214171	11.331815022683813	1
137.2462981017768	83.43599032524133	1
93.11179385802166	66.32564853018101	1
40.04957190067894	89.64499638381173	1
69.8902749557088	44.12368558463791	1
112.63902035006937	55.22350116761083	1
100.06183430842141	99.48257447226982	1
84.42054120361118	34.12668633779272	1
70.77195182933322	45.259490213450675	1
33.69744221004988	50.6469948427322	1
95.18584864678003	41.91124024949603	1
116.3491501519519	88.14064042877942	1
62.59448561909206	59.91854033681259	1
153.6365997926581	55.70316895490549	1
117.60722845259704	17.749013986809956	1
93.79923126886902	17.16794112355253	1
75.1245308833294	40.69577284358472	1
83.81111356007614	28.96867226919433	1
39.46924297879771	29.13593651542858	1
64.17067980411855	58.62361535872711	1
55.18470241184581	42.849875682897405	1
75.27945027752969	92.78272447729776	1
107.96508744563675	30.776790116944877	1
96.19192096351716	86.19933405269076	1
38.54382877129081	47.49474958981339	1
70.65133903444882	9.325267987871293	1
56.56122417399902	52.53075961108878	1
96.78910138155966	34.83915530978254	1
47.572991699823724	39.209788465523516	1
120.18365457873891	30.795874420350273	1
85.02031046619308	19.528906001442195	1
34.855681920843665	13.845048727785255	1
122.74190614610224	39.89256411739304	1
101.83393486819334	55.62735593638015	1
95.64800719583569	48.86497373616789	1
102.76737071470495	13.885794854122082	1
76.77247857154961	41.8857423490539	1
98.43720550023548	35.503051030731136	1
53.21992696312708	85.82934759279422	1
37.252049718707426	38.762784507950926	1
123.5149659569666	67.63676180808474	1
119.69934801782605	57.62895728656294	1
83.15597264841881	-4.815410083216342	1
119.8069596485695	64.33325079848154	1
97.4633135427852	46.380487258819684	1
68.763148881287	31.634705973900303	1
45.214336851963	40.090215955325306	1
106.63190483835764	36.88324000310273	1
87.83674290980319	79.92981303535828	1
96.15797285681211	67.33821289175974	1
66.54934561718139	80.19977626928434	1
105.71695197264673	17.274575096213965	1
71.90762050941214	77.33770677791051	1
65.56091540730539	48.660895026358055	1
62.580122029762734	-10.486475677033354	1
66.41369365434427	58.424272451670184	1
132.7156999109525	23.497051508974835	1
83.38805460248986	85.56356895842325	1
94.97258679933194	67.08310115234713	1
89.9905467273625	64.59646548931971	1
94.32563745683208	39.89853110585005	1
130.23396601629815	64.715215559803	1
97.54429825883985	54.34776008501809	1
77.1204048748781	58.3168729890334	1
92.30551245839206	55.98835173560717	1
66.3613733730663	50.52204416400402	1
36.00846492128465	50.83203767591516	1
58.685562865928546	55.360530842943845	1
123.84536571334681	44.4298358033248	1
14.343614670455253	66.63621038824907	1
65.99278588998608	55.95054652665935	1
81.7518707164858	8.275714718120206	1
63.57955160561025	20.059975035036558	1
133.33083017229612	69.56508788561557	1
69.04989402650732	51.34138898691394	1
119.50347474734568	66.68788193118684	1
87.5981573433152	95.82643032919479	1
95.78565012478509	54.37095618726326	1
123.05581021996413	-2.870826499847311	1
106.11051085837882	46.23145674217195	1
57.61671536041965	32.639469838699625	1
71.83184393086684	67.5098841144821	1
52.12156026208954	31.35039192491638	1
56.7350885929311	3.0860438892307087	1
105.4237334052109	63.46223523023978	1
109.54616617230474	67.47587211975772	1
92.1536418066487	97.226466263488	1
49.53805055009491	46.243583559700475	1
114.03987331883538	50.59429935265183	1
37.259125138403256	23.450197579920392	1
44.46375013115238	15.719830514169487	1
56.19150671321512	68.37491573531769	1
99.69261911089458	43.35799920499848	1
87.44666691382996	55.95132354822207	1
75.5530003875972	62.25637084067475	1
120.70358567899576	74.1580303407829	1
97.65484590134479	-0.13523569248860667	1
31.37367454531079	38.01834372783826	1
63.03719775305149	37.08864774787293	1
45.07652419119793	65.5405432501768	1
73.40520222141018	52.40368692115363	1
78.38645752857036	37.854544667885705	1
63.86119410758542	47.87460310126314	1
33.89380902203874	59.47532043837657	1
38.352097255757776	24.122582399881125	1
119.08006647418037	2.4551461462420434	1
117.61360642077327	78.5822195183229	1
96.41807182355265	56.806604170523485	1
92.55883489101473	32.843207597564316	1
62.8513230012331	45.401528081715156	1
106.71891373176172	74.77800556650311	1
79.36473945164686	32.102114434697484	1
103.33911053451286	68.61509309880444	1
102.26652404305744	26.975920882730136	1
77.5573732280545	69.50387719097243	1
104.30279262820085	49.991857082957324	1
101.41540539389479	11.524253841058389	1
138.03259175535902	41.792478501475316	1
106.65090551567621	52.375386383338416	1
92.95918595564315	28.6984269220428	1
50.29546736529558	55.933267439740064	1
52.88547991693669	40.929365979448164	1
55.47310248632734	40.31128870832044	1
68.70970189126525	41.098822736839395	1
37.10313850152021	21.443312339343997	1
102.90084686343263	65.80786323756159	1
39.32107039218711	83.33275693707776	1
41.04233213860963	43.64233357068349	1
93.95993207772993	25.86877461062584	1
102.03124939469927	21.50640518082962	1
95.8626169691847	39.128813732652745	1
87.11590382439297	35.04322865862409	1
83.87850679234886	33.080633083401466	1
108.25246057099434	77.68273067469622	1
57.06006644409818	56.60456439748752	1
84.69535142947397	42.75036597037411	1
66.96234594051518	20.48923670375602	1
91.01402483319323	68.10520728591979	1
61.99772673271437	10.904066800849982	1
83.05098509945965	65.0863326607091	1
19.157798620406382	79.47295713941182	1
60.95955331723723	47.74791177848048	1
77.46085424963735	71.59606890079809	1
73.48039521928469	47.86998108261846	1
63.762187063687136	71.59559796075152	1
62.43673948462832	61.218981789669975	1
94.97564619986055	70.64486172970624	1
27.509093171961595	27.519705467223524	1
40.3380073074182	30.95006536794224	1
84.18763757149321	51.48208152341704	1
76.07502963191735	68.48576806174448	1
69.45396692882764	66.06213612741354	1
102.40240615183782	55.66883903986224	1
53.007334671788	43.252096592046954	1
91.51301169760025	24.434697279057268	1
59.24249250576926	67.37277552862886	1
78.91288266932085	33.77664598311668	1
118.98753709400998	14.386153964275017	1
53.882624695526694	32.184429871810586	1
35.686293658875194	69.46836132294825	1
63.243758336809236	42.81916220262288	1
50.86686667496548	28.343330561720407	1
73.19765373169652	47.55762723859493	1
78.41899470468324	60.3198342177936	1
131.992078118261	47.993429189498976	1
77.59835752917381	54.370733795124	1
193.16141835157094	38.984524483097296	1
100.77912837450847	61.99503211578184	1
91.73740926356923	59.143162046663804	1
103.1797266954501	31.650391639828474	1
74.3765051435858	39.115365583346474	1
93.58768308625014	-2.5276657141941357	1
116.94821966674021	50.67185229140853	1
48.56612206039068	14.879266864644634	1
52.80067749707217	25.24798343782434	1
71.22278566805093	57.18121146848996	1
100.01839581900856	51.89508949437464	1
34.05322718642202	66.96381862127569	1
90.13124049385958	45.180209845369994	1
0	46.833787053108075	1
46.59968928215681	63.640957002058144	1
27.710068891145802	28.116829451111826	1
78.52962084249896	54.60836891916217	1
71.06187765001357	53.43742363381213	1
74.61574487873588	57.13892453163412	1
32.912687540983754	33.496395375634776	1
106.42767298100472	42.95276322071612	1
100.87029430301146	43.10377444040571	1
91.2280434592629	66.22169014023783	1
137.67688471951146	75.44265057698462	1
65.44599611683165	30.752689389909346	1
67.37752757805313	60.88657344380071	1
32.74190803415555	56.36554212744297	1
52.8610763177835	53.028031221499845	1
103.30446903931504	57.023792400790526	1
94.87075720385499	44.650289695308246	1
82.66934082365538	65.66679920261879	1
112.6957963578185	42.083612402116074	1
91.90997433242113	74.5863838995501	1
51.01723627710234	60.618497838853685	1
54.62732251277952	66.44545901524597	1
75.33144107782138	72.52604155455816	1
73.20338965785183	59.93434148980214	1
75.81245548104893	71.8319931052564	1
95.53528033651946	43.010658598980896	1
93.70137656413888	67.4506182783937	1
125.58717122545758	51.24781505076529	1
91.77430106017582	47.63187290402604	1
109.29908316150977	67.70107961970723	1
108.75878713247943	25.706415851399562	1
103.6069466528545	61.13476931404086	1
59.135416142852925	65.73983091815711	1
39.15732945294078	17.416007464221593	1
90.89801828253809	48.90645967014447	1
91.41158063533358	78.4249756407317	1
57.709009585710184	52.57559729943171	1
89.92539201087891	10.853636196215966	1
33.283976037455055	80.19470148172118	1
96.46820071533266	53.182683888731745	1
97.9697631922271	28.8817576809854	1
81.09261061686689	33.212065744440665	1
103.0858822915158	28.58827121402706	1
69.92590067244348	64.14025454070025	1
27.357267673724287	51.283319969316814	1
99.19165230986238	44.57394083801016	1
66.38609776967823	48.33978756002331	1
80.67402434595226	20.02800803876643	1
0	57.51886441395118	1
106.49457075558495	27.89903924270736	1
106.28332701614957	23.885035697462907	1
29.930349287874932	24.791568118880658	1
109.4570426763405	46.45457162680121	1
95.75359476359515	67.95686987474612	1
117.19248163682752	58.40364062813448	1
74.368554775757	53.637826680837826	1
91.83011562900404	51.29743280376598	1
95.4868823693155	24.259969882987363	1
99.47103598641289	86.10566992161056	1
48.29602613531972	67.43163572957874	1
65.38908299600098	46.03071912974529	1
82.83493992043974	25.963404947449416	1
43.566179308426186	38.0413108534716	1
144.9321138748554	61.62212815051932	1
60.496283064376655	39.157631053207574	1
97.34671063119276	49.88139969319254	1
68.04058128789774	40.50680273665411	1
93.66834177320608	29.273182549616322	1
58.624378696147446	-5.231806773251819	1
98.92131461149073	69.26870188143313	1
66.98530116007419	75.19623529538455	1
142.50934905535252	17.63267522149792	1
96.94297877859233	77.83972208970829	1
19.23451101859908	74.50248403753432	1
77.1848621842005	58.80001066413212	1
96.51696439621584	35.10304093239131	1
97.79700202489337	46.53700537907993	1
69.5182771869099	63.72332529470641	1
38.325753080321746	74.05573577393281	1
86.75464603539015	22.351327167660784	1
64.91780850516197	67.01172068665895	1
109.84984591854679	16.931148251623824	1
99.55317301647199	69.08451314988739	1
25.136455922616832	39.08287156603946	1
39.24961893826341	48.07048035248165	1
143.48937772511619	61.28589713574413	1
32.14382901457919	-4.902976893459581	1
36.97777334870756	87.45056238806154	1
116.48304716174883	51.3708833266541	1
35.11950537201059	32.17426083485771	1
84.29872461928845	60.14980515529507	1
124.22333556709478	64.10238519913081	1
97.98696516836958	64.63732273000643	1
100.77478575957424	70.46094115042543	1
53.08037549706076	33.42502248324792	1
65.28944164254456	63.04658910141605	1
59.56355076461544	64.18365849288236	1
108.42835063618611	38.28811284163274	1
76.78637936169898	63.2655794723681	1
95.33889849534974	18.542520296679076	1
78.20166268157554	34.630333359519824	1
88.351879793541	42.45178571729618	1
38.33580777252846	38.54446590463184	1
96.54311445888266	33.35909021780508	1
52.410509916911025	47.00848700976042	1
93.18446840756967	57.460849417502146	1
65.4535472047968	103.18308025802409	1
97.57431158859437	61.44889039334342	1
81.05139602083496	79.09499545108275	1
77.38410102279185	57.123086474008026	1
74.29977372960009	-7.707014655339307	1
115.29649832626961	58.09904806187236	1
116.17115928451355	26.62892289687827	1
102.83045773768777	46.97538648706654	1
68.27007531798125	15.257478414814763	1
82.2702290661169	54.8344084061999	1
89.0569263136245	55.01185821359123	1
94.22907615270739	26.4413998613602	1
115.19943384889098	33.11543093518869	1
63.87231498019449	36.76184200607155	1
81.47199693161416	74.27487949507751	1
107.76256903144326	50.532952211167185	1
60.904041769544605	39.562903718994335	1
113.80669613057718	21.188225631950285	1
26.5131815394124	74.84488015854689	1
87.71571916136736	27.731520572196075	1
115.05036589656991	55.2470943634218	1
42.64950072256654	21.992814721240016	1
66.93464093097654	89.3931134992495	1
55.721056649625154	47.63312820238846	1
89.58321229829059	67.98654372270171	1
84.94291981133527	75.53786695841555	1
76.22846659059581	34.25260009198863	1
105.92967683328703	47.74458711551453	1
82.59358680220846	51.17730457988559	1
103.43134452526226	51.77296631281486	1
103.63716125585815	73.0540765303603	1
79.27138147098104	68.4698495779812	1
65.84883833450496	51.65673627556506	1
114.63584399932377	55.23076774651678	1
88.23267412067939	24.034246509066534	1
164.48722672234064	22.915522804275117	1
92.71704499899012	67.72360987307299	1
101.95364212463159	31.944348066817863	1
116.62469171330132	33.66545878908224	1
35.70140956522975	57.61823804607778	1
33.82535723471105	40.07574014658722	1
122.6540144864334	30.167952454960492	1
120.33236189136247	22.78713299198342	1
68.55549940442663	70.69601927147556	1
67.90637783277438	32.24866693362603	1
34.22804354907011	31.11279473098723	1
83.9685706405222	47.94855689929034	1
87.1883843242842	46.45844182094301	1
115.53898804857376	65.0934913966172	1
130.42748949117714	54.95347196165277	1
76.21244110072612	42.0885848975567	1
91.30135337675932	49.007634745085426	1
80.55067711204539	40.92291014126492	1
55.245102118398194	29.369772680381104	1
25.549840689720938	31.913939442896673	1
136.6723712521996	47.19290585495437	1
73.38089957526233	12.34981610930761	1
102.94875900550994	3.002844870274224	1
98.88666790606763	51.655414039665985	1
44.12433364848168	24.218565660437903	1
91.94037976921815	50.48210728398124	1
61.033865636754335	64.76269123696613	1
45.76460745686928	82.78378015601783	1
37.02213104938663	76.8700874161505	1
73.2673335730602	60.86460434801545	1
55.596128910098	58.593512281869906	1
95.75668474995098	67.30172207581847	1
136.16438749085432	22.14825875427184	1
115.99467364928051	-10.83716106851189	1
142.13696858407957	34.78370905143636	1
101.50693299846586	-0.9317488294065299	1
45.85128095196776	42.630490203140084	1
103.72341313508954	96.98391510810131	1
109.1598121978681	31.53782899842414	1
105.7774727829239	15.36645500494528	1
114.4375190679859	63.35455253610842	1
59.65834884017201	56.741641540671836	1
41.07414153081434	35.72311561981212	1
103.5467659995593	34.26960186020699	1
51.22502202232578	50.895749164354605	1
44.49609473203348	41.95008261401828	1
76.03299514069815	38.26201494613839	1
67.3351198539232	63.606184451924904	1
69.94425730273662	24.901748204165447	1
100.34314761068504	57.20130167932942	1
100.7528943079846	58.39295302685792	1
58.90372922017084	46.08977898834377	1
65.27347452968033	65.4531461271958	1
76.99256748896946	40.75017432547031	1
46.45970012753889	36.23318412698635	1
138.2500808658798	36.16130289481021	1
82.91774051032517	6.083580470680303	1
48.69922219785464	30.795263563823887	1
110.09645483166817	15.193372854563876	1
65.08576707493538	14.73568547370511	1
60.55124466333698	80.06456961674836	1
68.60951430319784	75.85233685324408	1
106.53639634900041	59.240823550876684	1
127.80251023779391	35.64196695174044	1
58.03507431468049	42.62371309462249	1
81.71132473952743	77.3654625910942	1
59.82525019073222	72.14394291892319	1
58.52353766558069	56.08674350443351	1
79.60010691930096	29.367474292857846	1
138.90044340928492	54.65734261055364	1
76.92359251032492	36.9732121336376	1
63.17992727361539	44.21904675230432	1
61.57562825761882	65.58803050913075	1
101.84638654085819	30.23754635306507	1
105.67087633453885	58.565009852955725	1
76.37248836391122	75.64575201419089	1
50.589172692859215	51.97614774411235	1
81.3322946873787	48.73562594005034	1
47.784426097363436	83.52004274998677	1
59.59333396411541	86.70547517889428	1
61.56655391336796	67.05719741673636	1
77.99439018295082	54.90253125387032	1
76.84147669776506	42.37282096248062	1
87.03418663227258	70.44938962815903	1
101.73169036646146	69.47492740240534	1
82.30353350727539	48.86381510582339	1
62.30360276479492	44.8752219773027	1
99.24884090587493	71.66368636369697	1
57.75153824481342	29.146076650754136	1
74.24951193257033	51.18154092355317	1
61.08636222797624	60.94228973522655	1
64.45761690917814	43.25072503329453	1
126.50464575315097	45.330197992631874	1
63.9027012719977	42.83031027943073	1
121.86663906595992	27.52650885667932	1
82.3551655274807	67.86073619303134	1
69.04313612160064	44.14264753955745	1
114.44564454763871	41.99558734605565	1
126.9829005187787	23.21775744204193	1
66.8899335509594	61.74827615056439	1
102.04068990754055	61.19679441051895	1
113.92478177499432	23.999784520118116	1
49.99884171321918	59.46072664948271	1
88.61847591312628	84.34800986099128	1
137.5269383272279	64.31309003814286	1
71.48193045414834	83.31747458920113	1
131.48254548336584	48.472676470901845	1
51.44721572287514	30.419577425681105	1
94.50519019669947	77.89006099500422	1
98.76786472373554	93.15134024695527	1
81.55243795284083	29.101799703437223	1
26.978498817256238	25.79753262795777	1
46.08039718414671	32.47507854101748	1
50.48231213276604	28.834937148455843	1
56.489874476849224	64.0405223081934	1
51.547853949850015	31.357402448565878	1
107.7474666617216	28.654491450586164	1
55.01069247934488	62.41699795701272	1
89.85773013897901	47.77160443787407	1
69.98437129274541	54.03379295335732	1
103.09823948541053	11.495437132550215	1
68.16826728075738	55.96463875825012	1
84.13913665519708	46.93144635053882	1
10.254472589006156	79.78383783025167	1
97.57675733502852	50.602682329305935	1
124.55492277159331	64.76644395994762	1
88.53404449214275	51.29712830726825	1
85.94660243163244	53.88474965747748	1
66.37920517440665	16.153887408424758	1
20.20268800441744	60.17560181697727	1
44.696204270573865	80.04634636715022	1
81.70872145380793	53.54345380072512	1
90.65510588946483	33.432908490148435	1
107.05665008919047	30.42297206556188	1
64.59369398225512	45.66519427594048	1
33.681149168813214	59.27171502111014	1
68.34898485382783	77.16780318213587	1
71.16063166716478	87.02675032390309	1
90.83005018409128	69.19380636181518	1
115.060219641902	66.41061369680192	1
101.42883609192967	42.4628265234849	1
95.43143618305635	49.02657158510658	1
61.98036283486026	38.100088422612096	1
34.33020907439895	34.56493512812684	1
57.51804020135022	76.2435175499201	1
80.79614657000039	66.63714153253298	1
51.870649447818565	46.36800569382683	1
129.7709693652639	34.341993815060334	1
66.82606716258678	59.60491653099687	1
58.08687788870689	70.93812138123266	1
30.911309288771967	84.16312701631395	1
96.56493619276972	46.98628041478591	1
73.44914341799823	36.87576946105248	1
175.4971276845532	35.93328487783975	1
91.42492874588521	49.968028699404194	1
81.0430903739792	44.063720490694465	1
123.84620524447044	44.11752201262205	1
107.36903154169464	63.37748201774792	1
117.93384330454114	71.55178894801925	1
94.79981142873939	62.05698086490477	1
97.61582698165579	75.7264938108441	1
80.1533584933659	94.3106799445903	1
58.34601882199911	47.064056055591436	1
79.68238277972742	48.283419253019574	1
90.73740380118865	50.551478412352544	1
58.45935315099207	45.31868461085611	1
83.74136114520849	43.75345083800733	1
78.87320026606854	7.81011064051264	1
86.3436986073762	49.751275340840984	1
92.18382899466911	12.550663963964716	1
48.555352239682826	33.259292115936255	1
83.96318983068046	77.96184965662405	1
82.24530321000492	59.768345609954835	1
45.212231937846845	68.04276250512333	1
34.995952978728624	64.96199490508496	1
59.1114439711208	56.15518111585678	1
89.19466195269828	56.70688620329357	1
90.35873315587199	66.22660611121401	1
51.11490247449188	32.909411426626534	1
41.26893857757472	52.43250683000445	1
21.16843659674204	78.40832007043471	1
67.88191679453143	47.67338125044688	1
94.54349727334669	42.782903590997336	1
165.12825593014287	57.90835222481861	1
66.05100957444023	57.34957326170243	1
71.07556168217135	71.14992345711735	1
102.64673672960134	36.02117855572347	1
79.57848204229795	3.0438802427633576	1
63.56035137569292	37.824754016978744	1
50.16224797877249	57.902207975241936	1
131.57758960743507	18.75169753143295	1
67.76373657643607	74.55584301982313	1
21.63306573061351	34.84179127212697	1
53.17557504530983	54.9059192387612	1
100.95391163262413	50.50485153650535	1
88.34226674484638	39.87974105039392	1
78.16769025132042	67.66314085369805	1
94.01221736465358	44.378231625384274	1
42.7531064875577	21.70345960791574	1
131.84349153462267	55.519092779140244	1
86.73462824935986	64.63807920773169	1
83.5147234332412	57.16925797899809	1
105.58447426384059	73.89223518347035	1
109.22739864919794	76.4334025079206	1
111.00230668390236	46.841620304812345	1
84.08533799519803	32.610187738601624	1
75.36323640902404	54.69219606073034	1
44.0363801051245	76.6156846184186	1
57.68906139114482	31.10363602771115	1
112.34573313982084	51.434316672859765	1
84.82440161152928	63.14123871135134	1
103.35556813793713	79.97648126558104	1
100.54091141567488	90.96161133953743	1
108.5002423706006	39.487435024909715	1
53.495206830136524	65.48002506086213	1
95.76567027383774	31.78592093711343	1
93.82651596122918	36.27117557761372	1
103.05883246191152	71.42718378266062	1
70.45132447048357	14.262295013728497	1
95.00000181987741	83.82351595045468	1
137.219679220459	49.19455939087985	1
68.11918109257633	65.71281717022227	1
107.15846123308295	93.22820667021259	1
137.83950826469737	32.307208003230144	1
90.12080007071978	26.051980554422848	1
88.45208870367819	53.3650827587175	1
72.65979705480667	63.43675951689444	1
70.60960393773489	73.18294926474249	1
73.27939221337871	28.04934266254034	1
92.8456503722559	23.353126579251025	1
97.32261232345788	61.71885049274488	1
52.759509576024826	55.39628397169852	1
92.30997310316134	34.60908709358236	1
74.68859441579116	47.02961178637557	1
89.38375120167512	54.770098313977556	1
95.55483001989863	-2.8000049276102743	1
121.8488508294572	63.32974291238232	1
49.22097285226945	65.81880388452696	1
65.81435078159707	22.86232192807701	1
27.60595698319898	50.25849114916356	1
56.73987519839987	40.251280708642604	1
129.8134183678697	56.97726258187845	1
88.33586109058109	49.6547381140027	1
125.28866370187046	45.13139447705411	1
94.17054875840032	56.2380875179268	1
116.65683031929063	52.495543882230805	1
88.62129792472322	35.244665300768375	1
79.94932624904429	52.850443716665005	1
83.77996126228706	58.65372940305098	1
113.96422819636263	102.92424251259492	1
69.70634973029671	37.94194962363602	1
10.52155012326665	61.82932930264663	1
91.2486451981581	50.3029572056124	1
50.47761934342522	36.41948431323212	1
93.91644520460609	37.080941305408736	1
134.91402726430286	0.021258127199857313	1
53.53140590961826	17.526694981358688	1
51.37689459476752	50.24879207368811	1
70.95690380007406	38.63122057139703	1
58.121408703760295	54.366036202281215	1
99.06263901798764	76.14681654442757	1
113.21735132173038	64.83099189978616	1
122.89479305400457	49.622686778642716	1
101.48315469888018	56.17364829118043	1
117.6079635591135	50.95189008011378	1
85.43095260595443	55.611679699305384	1
57.36036313470974	47.059705794761236	1
110.4258604903546	26.89582605950482	1
109.0168155896439	57.98166139133227	1
70.78413702943227	53.74749658341665	1
62.13318789083945	77.72004969593303	1
72.80738084205353	22.864740234861834	1
61.93204876254889	53.912029368577656	1
113.39795143030662	25.488159661018756	1
46.272802880018865	77.87490934461637	1
73.35351063636692	60.45540727477294	1
55.628654083643255	58.87885319177127	1
104.97366018004546	49.0846778393993	1
67.45838363776936	59.391293781474815	1
84.77470558142778	36.49388600614679	1
50.79113136554828	27.56309490627325	1
90.94589049328049	76.22065307128574	1
88.3651206703269	58.74028270279351	1
69.84049840763484	53.859940097916066	1
27.861182876908956	46.45382849218605	1
101.14107982924068	24.26054990210052	1
44.20196917387143	83.86856270930076	1
52.85652852275342	-14.940945958975334	1
105.30775386004066	45.049003010575255	1
83.39987992378313	46.960204307639636	1
53.17373039550877	50.702889860616345	1
94.59750512083232	73.46964082017692	1
84.28815136486571	36.924168417979956	1
73.06912443555365	33.92257779862154	1
89.05829916693864	37.83144856764937	1
40.712253523120594	27.96621929342287	1
26.221903673513097	35.25824643588926	1
69.87706888416479	51.88308239708028	1
107.54552328288932	25.445040279578777	1
77.42465505089642	60.62747553391768	1
21.97894031191712	99.61877004540088	1
87.50539489709695	38.46276043713864	1
85.03465622806435	18.337458793993633	1
82.80211702028652	45.73072796771615	1
61.817315162153136	57.631895701019474	1
34.22937394207907	34.490679995897835	1
23.16726180538773	40.43776133781421	1
84.3570114321142	38.004155806239744	1
47.866293100617355	33.39168401774438	1
90.21893104316008	75.3814372815909	1
75.50541621658529	75.79712477441075	1
77.83584938235377	32.826866124163814	1
42.36674137426853	42.38969584520289	1
80.41458781694135	32.507621864374556	1
87.92224742730193	45.99605950646961	1
96.13540695600216	16.328495329032336	1
59.60997345821014	62.30105515823137	1
66.39311229295299	56.076115287777434	1
111.6869773421041	53.536965745376	1
40.462746840178795	66.53471606929425	1
0	92.57371217768514	1
84.59135825000396	96.2220317185876	1
108.10964901054633	32.78797460379268	1
110.76959758721468	61.33816771874326	1
77.73554421513964	75.56786952435874	1
82.05175006235396	43.50721468686115	1
50.3633456168283	37.07109315354118	1
98.71059795678471	48.18529226792323	1
104.60059047272827	58.83718620289584	1
45.401064821864125	41.65665630552727	1
112.10031864550936	63.33805803567669	1
51.03937941022963	38.065659267371856	1
124.32996217588385	71.58218775699599	1
113.17121223890186	50.446532300615324	1
66.59313981082329	38.92348047501021	1
82.81157117636839	33.772889896399086	1
62.29968150419188	46.533787027121704	1
77.12538748961231	32.97749477051415	1
70.06930004290487	62.71889053670101	1
123.53170698108451	66.97971028910061	1
52.87732230025516	52.52876181497496	1
57.31331268117084	61.98001013736794	1
162.1570702792552	46.878545504140504	1
75.00004844885031	43.66510950077447	1
0	73.58322862649368	1
109.8868840444195	38.503274691776234	1
51.44736893384099	72.69983551232293	1
51.99230482023974	41.149765423390065	1
0	56.97291329904206	1
99.16775363903537	32.026702315598	1
140.1001866878007	41.372952621861685	1
43.34623345083956	45.17602058885048	1
138.01025973113744	31.79672806214381	1
113.29394491732728	76.38708762425706	1
10.989787348636895	16.003236396379222	1
37.71850398432831	55.78505447452389	1
87.84367552847446	49.195515697062	1
112.33976383197262	48.45343498307804	1
82.88600524581734	33.92432805619564	1
89.27815147152387	51.006293051426866	1
73.79711771216095	53.2655584023776	1
87.6896256805439	59.901304446843085	1
101.93691193922122	58.278404952260196	1
99.82272675917648	34.32813763618416	1
94.28537022352464	60.17116356347604	1
75.36997753082326	61.725283143698356	1
38.94615443322476	31.447140521048503	1
36.17843629781746	51.054431512549236	1
48.242920989104675	40.11129934667819	1
57.98243190552229	55.17777520600066	1
144.14724125212334	54.225713351671715	1
83.34592123910197	31.939224085325336	1
158.6763574036592	40.09135556008989	1
52.82235365690284	44.19400553828471	1
54.84005293365191	10.866654766862865	1
112.1180783721438	74.35656046435003	1
36.657629278566525	68.56320137733437	1
57.27924155319859	36.10391800559698	1
83.70519613964687	39.75443953154176	1
56.94063139526286	61.145641079689135	1
63.21911876571126	77.31816133783906	1
36.95720036714606	39.47622943786862	1
75.99155747575631	25.604731733811477	1
139.06370566153774	39.7950369867973	1
91.59087267585933	54.37716142345161	1
39.332261226838234	29.012395024324462	1
87.6805755463337	63.22833193902266	1
73.09864729382153	35.009113558468115	1
106.4620024946383	74.63108269081354	1
72.71816264546717	37.16413286048914	1
70.67201485285109	86.90406298039679	1
32.21345910633748	45.54130952599738	1
6.075978690313761	40.67603033522218	1
55.052727241353075	30.831409480381616	1
79.4870881943659	57.59520965890261	1
120.35591809059375	-9.886686023784101	1
121.4146974267124	95.94999199126207	1
125.61097249272726	23.303030537573175	1
95.09525860557369	60.19990795314985	1
57.26808531065992	33.54386930315972	1
105.10911989827508	54.05600685654285	1
67.4726740942338	45.23195580565374	1
88.42936228849311	65.53530933114716	1
18.763792586983854	30.467873692473777	1
57.30350366701396	22.45884220022205	1
100.52171445269191	35.87783571930028	1
72.7072096931595	46.69453337029313	1
100.92704024097202	68.19584839834008	1
70.5159084101952	58.43124466960006	1
12.336525818280222	89.26378419843054	1
51.24481954967001	57.09535989010891	1
43.13462894311875	92.6652830607413	1
106.15323263666082	44.84245577137163	1
112.79288599985782	20.22542972184543	1
79.76674490115956	70.13887660729443	1
61.3181772257404	70.9739554965742	1
148.27566012180682	29.674146180234388	1
67.93839516224382	75.52007256287064	1
129.7453581174018	28.204026253848603	1
107.55778229245345	81.99126248215615	1
84.60794834893986	43.07149601014234	1
94.84085395175646	70.7779568260157	1
41.35791438966085	39.588154617009224	1
60.79171313791531	87.32355865625478	1
98.46971126325465	40.032077879118404	1
96.266586531117	86.31251601703816	1
82.12822103516977	32.824883010162324	1
60.92983039482054	76.21836738300227	1
82.21150434596794	59.60239781288217	1
42.927197775953104	56.597648671058465	1
103.52034449922857	64.67089934732668	1
108.38083865457833	16.83674404443738	1
116.32415737120584	51.58287535485395	1
77.76667901069801	39.54794925902014	1
116.19454845992848	53.36074864354441	1
81.4780901390094	71.44603448405442	1
109.2426215602408	54.126348080769084	1
63.51013730123313	26.580782921481628	1
93.10279254027836	51.64088055338817	1
59.28580935804442	50.79912433851417	1
106.27601470942946	43.498943527005636	1
55.041452652180126	53.7057260505317	1
90.64101061708094	75.46532075418425	1
110.44439716638502	34.42713197909118	1
48.35283296195494	73.25265837701136	1
101.85955431585766	37.756426261988665	1
96.74025303699248	72.81180606132095	1
147.18938288893332	32.942047795419995	1
73.13258183450056	43.668380052227704	1
114.72010022270453	66.21542874183713	1
82.85330506072046	38.10595222556727	1
66.27265837136483	29.439606266013534	1
13.254937063891731	44.18356390181682	1
75.76913859178644	25.553032830905206	1
81.57891372581436	48.29761789393318	1
51.63527829433764	81.05585366994926	1
71.37813770869342	56.36657243539122	1
114.22100718145484	43.841225996709554	1
97.24212238067287	90.68586800042559	1
69.71015364010763	68.1547091650184	1
55.45925156436303	77.80653595098255	1
81.00773568622782	14.27364844813161	1
69.22817501643243	43.489222475532266	1
75.4814388499712	71.80326682388477	1
109.08730052525092	38.28747838891974	1
69.743590123937	62.82335124381751	1
94.27514253650104	53.893088790358306	1
20.74666679537092	65.19290352988233	1
86.95448377985012	13.976128575168765	1
2.7704827050774554	17.89348715695825	1
111.35766985030979	40.44172129961572	1
63.16233971714655	23.778882138646594	1
69.26312706028185	30.968582557478832	1
79.06553103389072	50.59418290150572	1
0	39.78508973114726	1
106.55467917939724	40.20108952090832	1
91.94333747691658	68.298575052022	1
42.106029495443764	45.96121820744916	1
73.57699557652157	53.44889329673479	1
87.64983236458642	62.8442763849276	1
81.63732652363856	75.9586175389613	1
18.644802587974667	19.529083903132648	1
93.94935183773612	46.41131843141449	1
65.46487518384829	83.07188892403204	1
27.160168893680932	84.20190167686403	1
83.67215409909963	99.17320698188414	1
42.36372383129271	66.42541400817203	1
68.39443729171882	29.224746366182405	1
133.1271409621992	38.82385285051694	1
81.43147165831161	70.8605829497298	1
74.04964027994127	41.55680655360608	1
65.44986007908624	45.02744899228322	1
21.355260849090683	29.93760881216442	1
78.80970784126615	57.0202064588004	1
93.78865624705253	30.095733805085423	1
94.61165524578904	43.981998440903624	1
67.16107677702227	77.81568475227161	1
58.78457814639564	34.79419786446995	1
76.68326203044487	36.859844832238174	1
86.52046463011771	65.54513445404473	1
69.24374186780224	48.28390529811323	1
90.33162911546657	63.001369254281165	1
76.0191321303582	37.91274654041574	1
67.09864255259082	32.20845915889067	1
82.25895258551076	66.4134956233705	1
118.32923333357917	51.149647900712736	1
96.24637290687326	62.45450597315884	1
77.47604502856277	40.96942415071789	1
99.73300554781754	25.968501068860007	1
75.51785551333548	46.49486601934336	1
105.20421682966793	44.33592140637672	1
41.97764515693879	52.128846201049285	1
33.54362309009388	46.10627842429184	1
146.63869134436746	39.0877451022927	1
80.85135761659615	31.183634304230225	1
50.907767742193315	45.50513266707547	1
58.42095445291737	71.204084745183	1
59.06167204360375	2.5169391103393863	1
100.01976318135239	49.12541752419552	1
70.04091738490351	43.5513488057291	1
132.91145649594324	17.52918911545929	1
105.41065838909333	27.857183224409887	1
120.75950389308449	21.483938654963126	1
153.60019807456206	50.86628677001164	1
62.52099232829812	56.460442386936556	1
105.33897693391255	14.067464551941391	1
81.3429370984466	72.65644265894022	1
45.492177897277045	35.19696186315902	1
155.42485790637411	60.92916482243755	1
14.805526756802621	100.89441883212042	1
46.3080777149463	76.80170762643307	1
104.37408493691473	73.72015689100289	1
74.99684668583647	32.522871081575985	1
39.518346522725366	37.810069549216536	1
65.63326087374108	71.51829577542547	1
65.97002564635804	67.96109687289714	1
79.68345407140723	56.13433151722032	1
61.6625431630639	47.2777508940626	1
85.26473577412696	26.87417070816381	1
131.31800654986392	41.294647532659994	1
127.43021628492416	44.38173100665743	1
16.230265809885253	63.970486400845004	1
109.79176888852753	40.207478364401226	1
68.22522548060653	75.47510827096657	1
131.77133937217997	32.39687771103369	1
77.57248259776556	35.88844355491703	1
80.34325786158213	76.52256132221642	1
118.58492536961074	82.4516329193728	1
137.92678642499865	50.32516059619173	1
59.32338527802273	34.70474183681321	1
68.52758999746216	68.30873431432417	1
46.51226378741408	42.34093694196939	1
76.47314146642444	67.74314161515048	1
97.30050708132899	73.08095726317521	1
88.12694666595353	68.27678463200014	1
92.38097620894713	34.082354672722104	1
67.45809935121095	33.090737926391405	1
84.78209523054343	31.173657475544047	1
55.989821177295966	49.83062466411625	1
45.731097265864236	65.85832788815132	1
63.91695942751611	51.37906523095893	1
107.17290508913798	27.155738883919305	1
87.60322349191159	80.41985825054697	1
118.60660546554953	24.450763742657514	1
103.20968678388766	60.433626122743355	1
87.76246065948467	44.89731607931181	1
32.513055453321314	46.061998653389324	1
87.39509253736338	35.35278242431443	1
118.08418979027887	36.766319159640055	1
82.77985755029016	60.21474889089688	1
123.10671940095634	1.5620310132423043	1
118.75944503587692	88.88861380568567	1
76.52738937026467	89.08066771303089	1
61.8863106618585	83.20854746747072	1
104.5243601682281	51.47867428048215	1
115.71932912036422	60.09808546641973	1
50.9953594745195	60.283125316654974	1
89.90478229178223	86.04960631501012	1
56.95151016093244	45.44368804192683	1
166.90154040220142	25.597241300820972	1
74.94887689057428	48.35525331333314	1
99.95520974643654	77.58718202909705	1
101.1409991712645	44.57286541562812	1
100.78326942422032	37.23456904375546	1
132.1835610269763	59.555732087203005	1
161.88697970633268	67.05766468533261	1
108.11864885165227	23.790474924169306	1
73.87713020879126	35.38248764983865	1
83.8548704117012	37.554883115886746	1
82.35865527410594	64.88668441750356	1
91.32413541691257	37.81199096483817	1
99.88479257936926	17.087113461603558	1
100.762349395923	31.12911732162023	1
28.938164950114903	42.244376774474794	1
136.32823798142107	42.2157882567765	1
52.09861883467976	93.43883158124453	1
89.25387424650776	11.197186564412213	1
68.77060128144969	-0.9731908280434141	1
68.95559322480027	81.05127235002972	1
70.31689577005196	46.70502287710285	1
105.40383856667115	76.29626276186852	1
109.78062329398456	31.748130549099326	1
84.06134328935424	49.17172438501729	1
35.154661753535756	59.06870510127517	1
129.2011877857153	79.75920247364965	1
29.409033716537564	67.69615363104595	1
92.63390053784337	51.63874175979557	1
82.0141641273903	66.23060471444636	1
55.32515434174958	51.21115202914004	1
64.27914200569025	39.96799892949692	1
68.04912569969352	43.494587699293305	1
0	35.710729154853205	1
73.59709019054338	33.54775419875626	1
99.67836329553123	67.0076193445466	1
78.01092013831884	63.17792867484336	1
42.01934840879928	88.2327568121683	1
50.012548523803126	33.48590800441556	1
63.07828209962911	91.98843501526987	1
63.39905320257185	77.09105650548675	1
85.05929031339852	27.62700327376165	1
79.11638522030135	70.86264084034491	1
96.99471034753692	40.83704494008606	1
97.94857665441346	62.9578623584626	1
69.9632125016177	45.20286025757366	1
82.39211368082172	32.65440785173652	1
86.3518774843439	41.12876296359711	1
99.41870098877823	39.92910608459367	1
55.117423927152714	67.8266442186351	1
80.15146428473732	17.17618972705739	1
79.76256472332987	44.266145365862414	1
59.165075000893175	18.67410878343747	1
55.96488447662597	-4.961033620692696	1
78.70847889247854	89.02169435702676	1
33.927452877316064	61.37080261868029	1
60.628030438808366	78.17148376229692	1
133.35044252628518	52.17970550984982	1
126.78393861257311	43.288405869075035	1
41.2138962312109	64.87220390756326	1
61.98262155191932	61.461274852827785	1
42.870779878218	47.72014738844893	1
92.36932705176865	56.777543327983636	1
155.57005109527634	51.03687543993701	1
90.53677971179476	56.9700487012438	1
67.77817436598714	51.80289114415661	1
86.65312978044079	43.45450008336757	1
127.6539614649642	74.21569004693227	1
90.2705769327629	48.35908595048712	1
90.26554538383371	59.9640741793517	1
108.2711053813233	61.67019344506997	1
82.86821458360019	95.70804962609486	1
60.319416676032	8.984761780523684	1
57.673776431846534	45.70415409126082	1
115.2817322719697	14.718206020754465	1
58.83421135034361	52.22868069674795	1
131.05265483765942	43.973278966773776	1
62.59815154324082	71.20508444442281	1
32.546829327018905	57.47229018585172	1
108.06410141598886	91.47832372195865	1
41.388711903145456	63.004652183172766	1
109.81729906466838	41.529785986629065	1
131.59063788002192	86.14543289205201	1
126.3123455727305	73.54912946273365	1
73.45037011474332	68.20622781361402	1
88.46172723189817	10.20801758623734	1
69.38684589857776	28.150782081712006	1
21.719182050881685	44.83205077574736	1
60.47244366603468	51.22243049451923	1
52.436529877541005	35.97412360363173	1
85.12020639037178	51.72517132445012	1
38.385569250538026	92.46875110958224	1
103.66984622495312	36.587343154945636	1
78.97412704741913	69.75195427814597	1
110.50226234820019	23.36277149675414	1
82.0048717102942	54.02857295447657	1
68.73361501452271	39.87297322451701	1
57.240384705863676	40.86952370677003	1
87.58247375722968	41.9766191032688	1
72.83324596763683	34.758626341773464	1
89.359538298286	42.09698201402476	1
86.92719207452076	61.43527987644778	1
73.3606112515193	27.314716515128993	1
67.65715289544069	35.17602335906259	1
90.77027223690054	42.86491558960565	1
135.29570706812774	57.563598232457906	1
120.26213612971733	21.167693487224774	1
50.62167046984419	21.501858406990728	1
133.35167258903124	29.569630567356285	1
65.03076881231885	54.58027111867389	1
133.1613968018266	40.10298002204503	1
87.31852017743891	66.52142587540018	1
50.01590849481947	8.844092576727931	1
58.86974020891388	63.024608677675474	1
106.53609088351885	59.810852965275515	1
70.99736755375972	18.531613087557986	1
42.92898399398448	35.020281139824604	1
136.98663527671764	20.86189649157992	1
140.36036825538065	75.30320902242279	1
67.69970255731465	29.064413937359674	1
102.46294920277798	27.78235552793329	1
68.4809124807539	10.403336217678657	1
113.7588361681275	47.19006093423962	1
114.4289988121683	46.99739344420166	1
43.09986781588963	52.7169082304381	1
66.816297694381	96.16756120343749	1
83.02033303055427	63.83949540294641	1
66.87530036686564	79.92366568483718	1
71.6705667609952	63.419947759479655	1
111.783640127663	62.503961272113415	1
96.94107621568808	45.39079187986012	1
76.44415498547092	42.03448359776061	1
85.76506112269384	52.350187145099795	1
92.28053217924597	69.27243756122704	1
81.67296171812899	31.253413684033376	1
94.21872336573256	80.87973632187628	1
35.01006757702339	67.67011155705978	1
86.77806392558699	40.63916607677042	1
91.48623996501024	25.15441526139108	1
88.82333397507965	93.7526742208043	1
55.714624483079994	61.732336857489045	1
131.2549050814548	48.24553290702525	1
53.978715847267836	72.51895181359366	1
79.61169103409898	65.34432946271221	1
85.98731698702798	46.91810158659436	1
139.42606404547269	58.61801970123588	1
86.00726708575104	38.44041287529342	1
112.24099066668029	55.29837435743094	1
87.15303712536014	60.83455496480278	1
132.3895759796745	44.02793511607174	1
0	63.58674615864439	1
109.34011234958433	56.707769957553054	1
32.90842622978228	56.98499420517626	1
62.62753956257518	35.64507764016342	1
91.16299531983529	35.1285411805529	1
99.98910517758841	28.766894452069543	1
76.524243359331	21.188673986533573	1
59.27065189337181	66.4306080455862	1
90.57595923337873	49.63642652734075	1
102.28806630913809	77.94273118598889	1
34.74294745570089	91.82132360179665	1
54.99389266951099	53.73769809894077	1
28.226729029219968	53.24760289892173	1
93.158262928542	68.11912223129296	1
72.39379400525532	37.20332469692981	1
26.981126422086938	36.3842843785984	1
0	26.311291334952728	1
105.94511242323559	49.57591982829841	1
88.43737389569993	41.138972594009275	1
98.90580833028451	57.84709419654389	1
83.93002236926169	69.6793933478563	1
102.21850529281744	14.14875799652119	1
86.123033323064	59.59269752476019	1
112.53402858057675	72.16164210065592	1
91.78275772403758	57.41794733570891	1
73.77208567549894	85.20603327954227	1
36.47732976731687	36.71881838677321	1
76.56264639176817	58.09930413676742	1
94.18985507233036	61.49533040814564	1
46.963695184327875	45.35824901535358	1
53.77103795344534	40.58306231785463	1
54.90994776037067	68.81307171566523	1
78.8569558232096	21.798104567770697	1
101.16987926654039	44.142563206681075	1
117.31870618182687	45.229282629993094	1
87.79643328032115	73.12297330003773	1
79.50549629442834	34.833188948615266	1
80.09900775879807	57.19153861011182	1
63.997693671416656	40.584098910256344	1
105.49346453742221	44.89308085819546	1
80.84607251713867	13.369804026800345	1
147.09927909274208	71.81752495082304	1
65.50145000450344	53.08895403023066	1
54.93149892509213	83.71916312414014	1
65.61451463489661	52.80368180447623	1
74.24980864131217	82.62874807387465	1
84.13252533574988	39.746484263998816	1
74.14300891761272	43.89946385344225	1
99.86174729654888	66.44080252316729	1
85.09270593493686	66.66336017150203	1
93.8130597528533	58.33347438359306	1
48.363282321253806	48.89046792962245	1
145.78032970748086	-1.537514772580728	1
94.10130129035292	69.13826462025266	1
131.7830137268581	59.990798910931126	1
72.8785363244488	45.68899636618742	1
111.27620930734335	61.973752224116	1
60.112356952337976	91.33850251216742	1
93.57287966791677	23.65728231280908	1
51.83033067870945	48.60227240752311	1
39.63049374454602	30.52954135435941	1
80.83514309866418	38.705452495770345	1
109.45078622771209	16.426628753062012	1
53.5901599925121	100.43281007369626	1
53.87854236155336	36.67571495774372	1
119.66853860302743	72.18923045083768	1
52.288046975485074	56.02557242175947	1
62.22118302102386	59.84081030511612	1
61.07579163665069	38.5260999786717	1
97.86069869459847	60.2747829289308	1
75.33827708083831	35.94803915954479	1
42.83449273600566	48.9745493721082	1
104.38498249404188	35.18844367184015	1
61.493204583753894	52.60465962169126	1
90.13560853654141	39.95889132062452	1
76.22504761033673	42.0069531278125	1
96.32753205209667	73.60978529089049	1
55.988607415184774	35.2474415161386	1
98.67243053335187	84.27798256965448	1
54.90395701539779	45.33988019912208	1
53.138105724842816	33.47341888627106	1
65.5863195202587	42.54067706104687	1
77.15857907813518	54.077642079107086	1
83.83569348557239	46.19835130935945	1
53.67272455339436	49.31304561371961	1
38.71046623816379	65.079557466128	1
44.251674955996364	49.21464870325996	1
101.3727560983913	33.11687871886193	1
128.16303426221526	20.64429840661599	1
60.636685011855505	57.15873720533159	1
80.79159844773469	44.907875391177704	1
40.56270901036229	34.68569557189589	1
82.11809936322746	71.1595336672986	1
19.209248601954954	50.12291336280612	1
51.27765087807406	40.48022467775891	1
52.44374021522996	44.049268591822425	1
94.38978367346883	87.59104807761616	1
110.7347677525922	61.60783111339856	1
81.5918551187506	47.45555126525009	1
76.7052961219854	66.68055423536677	1
36.43104071302463	56.49419734640939	1
93.7804028192202	41.0577695458343	1
80.3887137476096	74.70648654492264	1
114.50188538460597	32.97511757749207	1
120.32023269623348	49.793784817320244	1
96.35796115515393	34.856402439415184	1
123.99214144881822	83.24515793132122	1
72.61773807232133	35.42548369825886	1
99.22331786465101	63.46600610357169	1
85.96744440469169	44.470703851621685	1
72.19731366002385	56.20164998690684	1
24.341385425958542	48.51089196631511	1
94.11661158258629	39.574530572698606	1
48.401813578459226	51.76022869738067	1
64.20856325466731	46.0363171003392	1
104.90887803081056	41.17138441451916	1
62.184025833213866	30.31583626926416	1
44.13728891557434	82.83908549391897	1
76.25328144296024	84.15528940720225	1
86.2901333927807	26.1151381054926	1
76.57934907607518	63.3328356268671	1
49.520318582155454	80.91375605608229	1
70.97341386821728	72.3073147178165	1
70.7857406269866	56.62585802879087	1
106.34854677797072	55.82675375930395	1
117.98196114831075	73.95089834797838	1
27.248807710902128	56.07510991909184	1
79.99383943181556	46.33543930917251	1
96.21350944091255	83.3206287981229	1
95.21656215716129	58.675356021563246	1
112.52596800501715	49.78804331046684	1
54.4033089641196	49.87605222600924	1
75.3122209566023	55.80907928496322	1
121.43001102302924	39.62018180763356	1
58.166495846287944	47.332190841446426	1
93.73340601664091	65.65280336559319	1
122.08953031489702	85.765626423875	1
41.01242742795267	57.42578509002017	1
72.12107249967998	69.32913971541333	1
75.08734069720083	59.908560027346915	1
38.40081527545193	58.85173653084978	1
52.91414516003091	37.86378106790805	1
86.74624845015741	32.46434099315567	1
89.01915305944914	73.56867664654857	1
89.77820085319571	75.2490071140104	1
73.08614565224559	36.19429296887898	1
55.43719666645295	59.82694185112882	1
47.38214459307895	59.07798176079738	1
121.87323135373126	89.20148310812394	1
126.9585943776041	15.665244648549624	1
60.509448952825906	43.44501876593353	1
100.48637962756914	41.503039797686235	1
18.842271938405453	54.94836710963923	1
94.19743509898913	53.20792232041213	1
79.9854187026148	54.86904478072933	1
80.58468438611274	102.913098658409	1
30.151893686863055	61.81453827916048	1
24.32138518093067	60.8892771344925	1
80.53160278049322	74.80865786852773	1
2.6769024338122875	33.51421695443276	1
80.8880011561879	57.744984377147475	1
0	38.84125504973166	1
68.99432876774725	73.34411605071965	1
65.79574460345218	44.793678960587194	1
77.43219524497732	51.52194345735577	1
133.77103778618874	41.68898639993859	1
60.39173679438519	37.05379805204372	1
101.73885443176046	15.038121530933154	1
115.1559981564567	75.7072313379359	1
75.40781744148747	66.07918491743229	1
70.87740778597981	23.181150200419225	1
99.69484359213105	71.08457346231677	1
46.81381234282239	31.991200289515657	1
90.1479257583601	56.468525175469715	1
60.48004213547324	60.676235260710854	1
95.78572145151207	47.74912717366573	1
80.38879186384104	92.21578203345706	1
57.97484314708874	45.43808165486058	1
81.32202866414059	72.07839167834317	1
96.53892427509348	85.17679560878938	1
26.521317297832248	10.833671312788432	1
52.02999440772221	5.742584782858415	1
48.6224293267852	63.005872718848494	1
92.07136615996453	38.9000952017743	1
87.68063638082478	22.312534326179257	1
118.61798141782859	65.15507564405262	1
112.11525450068797	73.58593871172864	1
43.516056480655976	42.63466321121341	1
110.21139108139396	61.622636381677765	1
92.67732482214123	74.44736936225772	1
59.26475997247465	39.017033004912605	1
92.57247874783128	54.770685609463236	1
49.99175885618997	74.51436687667231	1
130.7651985839375	38.46844358006633	1
60.12625761201619	25.844061135017466	1
86.02573414584305	29.6730293869257	1
72.33017759922876	89.61806725099785	1
29.98795735995489	94.79706383303798	1
40.830459157557854	11.273333281379017	1
87.31023055124231	30.426194833603063	1
73.8872645373838	55.92808164053914	1
89.22636386446598	72.48007101410369	1
42.03781828704203	38.91835915170738	1
55.00771623859366	58.01422002827002	1
137.4814763228154	49.58280219297335	1
130.02903233608964	33.26180086255199	1
83.42452931523911	31.033645201223518	1
105.93203717439457	37.25874826528157	1
88.15308620774591	31.280350045381166	1
82.72489270392948	41.41804135762723	1
57.56259346458107	71.51705948470031	1
74.93487449503816	58.01163751938882	1
58.32340136081494	102.8889636958471	1
89.37091853927343	49.59905306557876	1
93.47236262933886	66.74386817438943	1
97.43109932439774	50.90896130169428	1
131.81048398894987	33.128844787018245	1
123.12788023408044	39.826576474664215	1
77.19384793824332	46.40646886435161	1
93.59121974874883	49.19162640084926	1
36.59760660369034	28.944166519684078	1
86.13141680523181	89.23295947037188	1
135.5541896096548	37.14211598649409	1
125.74331252168139	74.10365496398562	1
87.08341339970656	39.063788384707394	1
29.13827405402332	27.47057605479849	1
46.45020406652937	66.51146114359182	1
88.27545111711692	84.33000701107888	1
47.893090260750085	36.577654355013195	1
81.98029056088973	64.03441722176998	1
65.49423483425363	64.00291889201958	1
125.13198489246443	87.82831900292129	1
113.91448578605028	41.6546318905383	1
102.27372703230117	27.78106950636971	1
137.74675507275953	26.23344024228427	1
81.19937828814305	-3.125395943518008	1
83.2155826444212	28.444314504892457	1
113.93736726595566	59.92453337653715	1
62.156363021789886	34.06023724491709	1
86.93695332067429	51.35187704120096	1
78.02294530447534	17.620567091933637	1
65.36284525640666	55.27035548737667	1
119.70987023587196	68.62779479280414	1
57.60708453212703	49.46956064224914	1
101.38969310781734	37.99958615177362	1
33.097631248479544	71.49959826224702	1
75.47556103255754	49.732647819943985	1
131.3508735957152	66.38576186984756	1
78.69025920511895	34.633050245680444	1
127.39567575952651	63.19353098668198	1
146.8748618568048	50.50631428043299	1
29.654452799862476	37.350592275853266	1
48.063568490426675	72.72858997193148	1
73.87876969193462	70.41582477997693	1
89.99706709548592	42.273773038056774	1
99.25490777183839	66.26946603782956	1
63.77867988475653	33.749348693683636	1
88.38273370037737	79.65752977113185	1
54.79696907940689	21.617853023887356	1
75.78306986128794	84.88930405285504	1
42.586535765211174	65.02897132422234	1
46.56549980535924	71.88632994763007	1
122.81903088203632	64.25764898441369	1
81.92022778555535	49.25826185401337	1
109.2324445339627	51.413469852865504	1
87.82553422685473	51.19135990755381	1
92.4580484853044	82.06850897211072	1
138.04121046301006	42.700602959160626	1
63.88119563089468	63.419400313808424	1
87.93103726068144	53.8912933677252	1
102.9129748719817	63.00523276864125	1
74.23359712117785	40.348865330274506	1
89.10177335809179	63.46958405501883	1
104.93771095316606	38.595372017983536	1
100.13918528990482	44.510724132065896	1
95.03501572960019	52.92162183796267	1
78.60389924056494	40.83385235910734	1
104.06618314716346	78.42395218657418	1
71.70090310867481	59.411792929589055	1
45.668712810272034	54.7517748133	1
106.71761951266065	44.12141164769765	1
92.77715177405501	9.175540317489364	1
57.383515270437016	45.07965991448532	1
67.93035123534538	62.93213971914602	1
75.71194856445838	69.78741985845059	1
82.11323472679278	43.634187243616886	1
126.97309814015293	40.817002920090346	1
49.45285688760745	34.0005131124393	1
59.83080075588994	41.11305675920113	1
103.7378849514671	86.60257359407981	1
101.7782240631459	60.46703334490121	1
80.18031746387898	60.70055844635632	1
30.39004563666382	11.811874626895523	1
49.882512988652365	80.86482900460801	1
83.69491454258913	51.045452372577486	1
92.83495509912204	72.01629397746308	1
65.95702813123175	68.37127822765241	1
30.471787638894696	56.33028074138199	1
87.4776247049641	54.6804852124036	1
120.08928551058723	44.7439127900375	1
71.96834217085527	60.90467414332598	1
157.84982554024117	84.09730197660986	1
59.70416066316784	48.649242573833476	1
78.52742083853084	58.71227265236476	1
106.38554560887806	69.38655151977852	1
81.49137487679826	32.09355047318362	1
32.84621067977996	51.479220814639234	1
41.90096938244045	68.00786146561833	1
60.310881023317926	44.289079851725276	1
103.53301190255462	64.16845680089116	1
48.29961814383178	59.116295019084546	1
60.7902538413446	27.19047449333719	1
35.96604428880617	49.61711989169281	1
140.59131335436297	71.10630348628546	1
54.5266415946448	30.980901680930824	1
82.84298079805542	36.835599170473756	1
50.32795846536017	67.07961718613143	1
103.79690013046225	51.668700441635465	1
0.3797637231284767	50.94603972965861	1
121.15303259876538	65.11045416062387	1
39.61690882455806	55.38947697604889	1
50.29303951392872	49.01880032282748	1
82.88003176082192	62.61634854717388	1
154.80266475115502	36.58625986042356	1
66.72128086936348	67.56879741105436	1
92.68247668092515	48.206840503507124	1
86.12765559856366	70.94191248117022	1
89.49691512407213	23.844931067962193	1
68.89217478326033	50.06522985784543	1
65.45567018677595	39.331123881261206	1
80.5144153428606	69.48458923977671	1
82.18654584161769	56.26210287593248	1
39.112775002187924	49.5680078404153	1
97.52956068544462	38.08386172362022	1
48.36181743063909	23.727058268385317	1
62.2747686294021	68.23178961387602	1
60.02414570452311	49.06874054022894	1
9.249320312560258	58.968530787736604	1
95.82482605367531	55.10454243323839	1
65.89582124900643	47.27353468668637	1
56.66830029564396	12.346763228563276	1
74.41495401730623	53.2735170056664	1
109.15753663201181	63.40209065127736	1
65.33765353333851	51.785516523034985	1
79.97296784846371	54.0365669576696	1
66.61740227392612	50.45622019469218	1
78.0853875502556	60.493612919825914	1
112.35648638105314	52.720977867023706	1
70.78266392100949	71.10225896550126	1
56.360711893919216	76.23733463069026	1
38.95222700982028	63.2998564414651	1
105.0984435760212	54.822059167193686	1
162.34972646617666	7.008161071563961	1
48.124782865706194	37.493069600795835	1
54.88803680823993	25.20031808754965	1
111.40921445800049	40.67403599889897	1
103.12912988814332	35.61168783578577	1
91.90744603548697	51.2423090063816	1
137.76193345279938	31.279127224497042	1
55.974956085516716	34.170848079120034	1
20.646694331417585	10.702341411729456	1
94.38538983645522	73.29696437172032	1
84.16913277574066	72.48602011052824	1
111.79032122709775	71.57219549998067	1
59.19954747228845	52.046070028982996	1
115.1518497466335	62.87698813231223	1
84.90545409498084	53.53267157717235	1
97.72824692729841	51.36240111806053	1
34.11320604907622	69.34078811704943	1
10.914935101083174	52.57712019642112	1
85.14452829226256	42.92401038541672	1
58.428037553084195	42.56172760533654	1
58.382548865104525	53.85903872202867	1
84.44362333560734	53.19581593205475	1
94.99887656401663	83.09053465719705	1
113.69049903016735	32.97701243752836	1
54.702928136696585	44.34286561339384	1
65.26909562044587	35.09674606963787	1
68.24248412200602	64.04545175214281	1
134.34259830557843	100.76718256623546	1
80.72388590147416	46.18701968612307	1
85.05923587497922	36.03611591450698	1
64.42083786786793	31.317598660057044	1
124.43363967231443	68.33259655338368	1
52.792398487287414	48.5445712687016	1
56.50192399798068	18.848872810533624	1
66.90676818665945	45.647335723796374	1
59.17315185058097	60.21799053172863	1
60.70189960682565	47.91298017101531	1
44.659606469286	62.60128272721626	1
29.210514703826632	46.146014153778296	1
77.77515098423875	33.9665024732107	1
66.03363343877226	62.062962743982816	1
84.67534778821391	73.28214799984067	1
101.31934720574276	43.499468913387055	1
77.98196693511287	81.34899855867565	1
129.92551548208127	47.63770898260828	1
46.29178767239414	45.98721717590842	1
68.51096568783612	55.8796951597396	1
93.82030062461041	74.20427904086051	1
99.15800532443542	38.47721165794813	1
80.94136232081235	52.561058287045874	1
128.16241589964827	53.830306973360855	1
75.1729687330147	36.99021834955316	1
41.84060761492272	42.39950786055748	1
37.61086122188958	45.620831085342026	1
84.13014047147095	29.78595268641	1
34.16361336375486	44.34964791844783	1
69.36425901737778	51.534052320457626	1
77.46150215886539	54.80610725428869	1
12.810816057181825	22.923362628592958	1
96.05126412854555	56.87342755596359	1
32.078259721069266	61.625788451888226	1
96.52145530388225	71.27638203958534	1
53.01136471006485	40.727136495487386	1
62.41919590269489	112.34238068472855	1
74.13208590748104	43.3865479700151	1
74.9345578986829	4.189444777917743	1
105.56675805699203	57.83437660557745	1
63.74428303063762	64.03588583778976	1
79.98266681026037	33.90245940852275	1
80.76420940084014	37.29993401295414	1
65.0810542523423	24.39927185343342	1
59.471800708242654	17.41550261495594	1
78.73920265409704	42.68165780473983	1
75.18717707214263	68.01386816471437	1
84.42676263348822	1.2097816325300244	1
90.20461243167028	86.14755951944204	1
143.9624517284606	55.03497575574751	1
155.60485241922402	58.225068617654415	1
125.37520969350282	61.847246224623916	1
83.522675079326	39.70955258643216	1
95.83087118167306	52.14977836177835	1
123.77442141289941	48.00183921914072	1
114.5043253810024	65.53967847221067	1
99.46542111289259	35.50738733813358	1
44.05022868346802	31.363625441713598	1
86.10312636260726	36.76215363813438	1
101.49710729649912	26.219444099772822	1
100.80531756082291	76.07467610523634	1
107.47098508595015	57.547664334984944	1
77.25434204303548	53.4091991223068	1
33.690397705367374	66.52645082385733	1
76.63321753876369	48.70635154281747	1
105.58119598702486	56.39866545744135	1
91.55382042865567	38.62071621397908	1
132.84926488201637	77.11782713080791	1
118.9647586216152	19.411936358182746	1
89.19690764822721	37.46490055826669	1
93.72152984035473	67.43191544306045	1
40.54259009954285	42.50387963343256	1
73.17045114286674	91.83364141198304	1
57.96930209580371	85.30526596437794	1
104.77986230097872	15.816989922775505	1
89.87236526592476	33.076864522175	1
111.35667844644895	47.150429085756606	1
107.90504878819581	58.447487388778676	1
69.0536696977779	56.98486704160997	1
76.53943069503887	63.825566034758765	1
80.62053671996074	70.16889661696585	1
84.39685678179237	18.744779840686952	1
77.86607442962324	35.996007562715235	1
6.790607501016538	28.735566737239818	1
54.64230583475343	42.988273286319966	1
51.36006958910234	23.50954760494337	1
63.60818809926261	67.27661840476594	1
38.653106011772145	25.65789676171385	1
41.20400782394136	41.90296388427335	1
0.6734859346807127	72.02330047371589	1
83.794490745182	34.5577958613101	1
126.18658237652312	56.842275540004145	1
87.62997902266221	54.04885399912522	1
76.29348580785927	71.55999796212865	1
72.1120908526994	43.90873141617897	1
62.47659372375564	40.549640852905355	1
59.923277796846854	62.768282368624995	1
112.08904261257325	29.88718202752637	1
35.159985254062306	48.89652927802035	1
17.7523691710242	27.31852400560618	1
54.94558031700642	55.038995248218846	1
36.80598949418432	67.95041332250833	1
90.31163774145105	76.20567440401678	1
115.8089330190684	18.098043056293356	1
37.81055629374449	8.36743083933748	1
69.32798140763195	63.93104296677308	1
82.30455492112908	48.36529218174296	1
63.03583222015628	61.19781348916361	1
108.99979838324568	100.42876010924243	1
56.08956121078436	47.3538756308596	1
93.28603540880633	74.86948340326406	1
96.19561289318034	38.366845217683874	1
118.54018203900482	42.63750443966688	1
119.99279852480667	58.89145293062252	1
58.58637741647609	52.88105625050726	1
129.36516709253402	26.50010272192543	1
98.99231253581212	60.58551737857641	1
84.07102902658673	50.84374514912793	1
69.75160939060324	67.44752693684651	1
69.52961992911155	11.635206495501627	1
108.68907935135498	61.329269965449114	1
53.46972060382748	50.545268359251615	1
120.44523010617334	45.39253127325872	1
116.29444601746309	61.2089196653949	1
49.86189894542268	31.510915824764	1
72.43396442444704	72.2448831439615	1
66.04358018216331	58.89587088687636	1
157.58039368186297	43.41189548440245	1
114.65210128734365	54.97198849278756	1
125.47394125598703	47.23890117796195	1
76.87383528225298	67.23404835424745	1
94.74066117072866	76.23924338764621	1
47.13335095564592	73.54301884633512	1
69.78501494870376	51.51283384696388	1
66.42130206986619	41.660794459145244	1
138.86340997151342	103.45983032066587	1
70.410903920169	60.87521343143918	1
103.05678220329308	75.36345772987136	1
109.98148036282107	26.230432189292973	1
68.37442236426973	-18.077582803101166	1
56.61172110770154	59.65219068892387	1
127.13694805317759	57.98614429887354	1
76.29952396689268	23.393931661755452	1
92.38449445895142	49.6448909921979	1
165.4720438073413	44.97344898041783	1
63.59267434528866	24.4320296291913	1
81.80826864065862	70.92814382599846	1
80.86462475103332	44.94421049681427	1
101.65959976311112	46.135815370911324	1
66.02814540245875	66.81374410650987	1
114.943104209093	54.968454614396705	1
96.81711334800146	39.96252272175252	1
58.757020271650916	72.92920236083879	1
108.04485085370024	30.497821964344713	1
89.65803336688246	71.06424853574381	1
64.7558542212711	48.52838988455769	1
104.77547333098926	59.29787391898506	1
57.07125244473502	68.74998409235813	1
78.14396167718965	31.89608044845366	1
121.50636534368577	60.32211789397767	1
79.27207013194331	60.96401374404057	1
14.109508563671085	65.78104108381847	1
102.35545132104609	24.08528439461769	1
86.63052281287429	43.54431955310464	1
65.09032294799803	43.203273048899135	1
60.252039733241716	67.38125889355393	1
76.50544131838083	46.576904339706154	1
76.56791542224497	52.33247037741644	1
66.0027061285889	43.288969763271545	1
65.89902197796086	65.00632920015279	1
105.42624690762541	40.21857755834543	1
73.13684946204029	89.15398634741342	1
124.91362795544406	60.32960600931738	1
108.77133238122659	8.891306944070337	1
117.42226362109994	46.40590147357405	1
57.192277316391746	29.26430988015563	1
27.509490725664698	78.26534798029513	1
96.31582762291598	79.91421700538753	1
107.34316761427827	47.09426559715756	1
103.58868821881913	76.02805815477876	1
85.79774537080712	54.86973340475838	1
60.960887576569206	62.1218216094904	1
129.72279863908395	40.439121976335514	1
133.9834544231216	29.109199429768257	1
34.17434776724952	107.80941596139452	1
59.97070341163861	87.8692222306224	1
51.82129041410779	50.145891736800266	1
89.4596532457116	29.960456285064385	1
101.47569381055561	26.737891090507283	1
82.1357304662436	74.63322201016112	1
62.06823728470215	68.63922894558685	1
100.88078263821473	48.09072345008127	1
67.45999123012174	46.15767316526504	1
113.7345989375328	59.08525852222176	1
93.33495531357723	34.62621818685843	1
122.19508992115428	63.27647034232763	1
27.984839526962325	58.15893798835155	1
122.30345275698869	17.42080990438972	1
68.11801067633893	52.30028518177657	1
93.2172347374557	65.53384625035106	1
54.6466532639078	34.761070063163075	1
76.31317178511809	65.2515316961093	1
72.03635752262196	92.05872275563348	1
85.8185810214729	65.86070416826328	1
103.22449823969725	6.9472823900038065	1
83.39203143293093	66.34062302579557	1
62.43973084982409	91.3502493730829	1
75.29770582413163	68.32539098438052	1
74.71016471157172	77.5915296616899	1
80.36733302706344	59.28184436309411	1
23.976414022409237	24.762352248091837	1
92.56320700579552	31.07097469799877	1
55.46242297400731	62.774118515364584	1
77.90292020639069	49.035530180250305	1
85.106862412691	21.363040484886945	1
56.03716287536388	55.6379530089547	1
54.982787980119205	9.456942448827654	1
66.59987685706919	58.55613258917355	1
14.625952041638456	30.236528738001926	1
71.30533957040483	52.31504421166555	1
97.71940724165387	35.2880936032262	1
145.60501352000838	71.8303674453572	1
69.85054261430024	42.197404763243554	1
131.50337840158636	48.68854652834122	1
45.167145618013684	44.761476236996224	1
61.43724386595686	47.417922934367695	1
42.553656279672694	45.411421128400434	1
145.92405333250326	43.66292288143188	1
95.28084375956854	18.582693953233075	1
74.48275643683587	39.49500780809656	1
92.38179910898181	78.59282782987931	1
82.79453319034172	9.247493058828837	1
58.4217368366064	26.890536830556822	1
100.95322457448285	78.31067914661006	1
115.07263589791921	31.046400443589697	1
62.190340035257854	16.57857714331933	1
52.55500731784795	48.36815418771608	1
88.19247393267653	6.5444080041487425	1
33.77559332415115	74.73304964328928	1
34.097248351473716	66.52388620860275	1
81.94278969948721	29.349738617247887	1
85.0192973108934	65.8595629006767	1
134.98269441554186	56.75008153793127	1
51.58718277090914	70.41231641032134	1
54.92413617413455	19.723676474166044	1
124.60997668595904	74.02808633416589	1
63.14041389384692	48.59441131272346	1
49.49638181260589	58.06267567119353	1
88.91048344312685	71.58235705279658	1
89.15149316112614	58.45091207842417	1
97.52878780383568	77.71341299081891	1
129.41078513100922	53.55291451714004	1
50.06144702048354	22.812707412009416	1
116.525647137178	62.824525914219386	1
101.18826213426729	48.25335370085252	1
98.33385698005526	54.25144388661029	1
118.11234775024352	63.38251443640818	1
67.42858677667235	34.491972927810565	1
111.3040279163867	69.29106120365276	1
96.16386970660824	41.57733639752344	1
78.8426647977418	51.8538933600838	1
78.80755123300702	58.11644451785201	1
44.74700394038922	36.262625167588865	1
128.24980509967384	44.26359564480846	1
92.10397245468722	84.48964725999069	1
7.861793671623559	50.90425662028576	1
27.15856084237938	33.80355496539316	1
89.38087415051737	52.846501021865095	1
107.19488099675208	76.04628677945445	1
124.92776573908007	90.46321959491371	1
86.49763023902631	43.989157705323805	1
116.97939252623596	48.18957087648513	1
73.06565017696244	51.5454953387622	1
142.51872556972552	60.87560663865155	1
85.29246582490424	79.9656444358487	1
104.8873441450003	58.402487652645334	1
71.45629306708227	23.491210545168116	1
52.44313742725785	59.43517769761984	1
46.0327476545404	55.56485624199456	1
101.73949664789532	15.164638880393746	1
49.209768711021006	62.88991130035582	1
132.70103608283313	35.235683342408294	1
97.68917996622372	54.863935529837434	1
47.31056691258653	54.850272157786655	1
69.68128108363109	28.115397164141744	1
113.92269179550756	54.02322106781505	1
89.0710410268207	31.025643372544575	1
86.37999148060254	61.839156945062996	1
25.365241868752115	-8.99548459618665	1
95.92243565479643	55.654138620867506	1
120.07368047090361	38.63784433092688	1
57.865113059606266	32.507181992133866	1
132.12410125533353	59.8180169853102	1
119.28651941544084	44.14420237562098	1
44.78125879374425	44.23328755998793	1
94.53514255728035	48.67768455301858	1
96.56226065426712	32.87569077409158	1
42.270551431844915	37.676758805433685	1
80.11328487685718	46.072648422719055	1
79.61517387192137	86.27391915651967	1
99.02733287849816	44.52034943128412	1
47.82552145360742	27.66204021515302	1
139.9606800097647	56.52343158511123	1
31.206650341366874	33.32693315803836	1
0	66.18885245316454	1
120.74227878887666	48.77707770103473	1
80.03362789188762	48.752159390889865	1
78.51059034855315	65.15529756082708	1
86.39278652278497	27.836018365018557	1
91.80478423329747	22.02247283111936	1
74.96179877560539	57.910019882915314	1
95.48058442442402	45.56612104909512	1
98.43070731128174	82.00314845365514	1
44.51762556279738	44.3975326534362	1
56.410284745741855	81.95206048770032	1
62.79789614475118	62.26943872865627	1
58.45545208443022	35.55943766113515	1
87.59395824234527	27.828997697654824	1
105.81836252120655	70.64882495021538	1
116.8763652013344	13.355573969159977	1
103.71609580671766	80.77557350525389	1
86.0126065547696	33.93426826988742	1
110.21144077933673	37.88118706521269	1
88.8005546412211	62.56004216306624	1
37.915376473545344	32.904279763757344	1
104.53170212878402	63.28054863182234	1
117.82137921731925	59.335005680280645	1
35.291651282655934	70.42423088671487	1
95.56994639874202	28.433246922956002	1
90.00206278027387	27.55863612462859	1
121.36279116430671	76.55957119798325	1
58.993755778421644	80.75291357835076	1
62.78608542031219	86.37596583946768	1
89.62994407497422	54.267573598666395	1
72.25332746855416	50.73808880414467	1
100.46857258996914	29.050561272984886	1
71.82054222945061	71.02725371870989	1
106.84210664574414	64.4107246011697	1
76.827544959169	74.56869735240706	1
44.5143710723229	67.99825585037246	1
113.74342149898249	58.96329045877778	1
26.354914925103145	57.146571481953806	1
91.70347348398553	54.69291238685798	1
84.97913650848113	50.87766312358437	1
99.89472219618017	51.88067148489296	1
31.279929497736696	31.65473982791975	1
69.66766385321223	75.00053517387322	1
38.840120518925715	62.117078284013225	1
63.544026877160185	46.25533390611631	1
75.70678319999848	70.52367196400452	1
53.9304076989871	66.72347632029592	1
55.706506408387284	57.02701589638865	1
115.69078394169529	65.36154570988849	1
102.74940239136572	43.23359418101967	1
37.85960433695793	87.51027945090439	1
85.4902849642772	77.67830508586961	1
86.38275617942436	69.29213495375286	1
69.63159497531313	73.7283413252117	1
79.78843760825247	39.514417234817415	1
63.69088946303539	39.2651324165816	1
57.68906841642683	79.13310261649812	1
111.36298038379783	46.0891688641411	1
59.26375212619526	30.400450577658102	1
44.56063795961977	80.29177540411021	1
166.3776310114175	59.10687303858158	1
70.19104718320557	39.67938371400918	1
59.721616037553524	72.14929332072091	1
88.99345910789813	15.018110979299436	1
104.64298111471257	69.91785807250862	1
69.59988739479714	49.39041497692848	1
88.76322173583198	45.525884734132894	1
69.76791724599231	25.677734127848343	1
128.60271590225634	70.9131864819756	1
131.91111419086528	25.775768379447825	1
60.22698796753982	40.03097987124182	1
96.02924296797144	32.44699777854178	1
20.474135515063175	-13.383325451392778	1
71.87506647267169	50.840706810527855	1
65.11282188453275	69.46899968813194	1
90.5999791387869	57.286212580864884	1
135.1621728924007	55.28560836671765	1
114.47798505066763	4.884306442394887	1
70.42197722519924	50.542357727707234	1
99.14213686808355	32.964263223912	1
81.40192910114828	28.15579567442596	1
16.87535329713571	50.745549442012404	1
119.21751547606766	21.173701441223322	1
41.460448400102365	40.00088463048711	1
81.75497883791981	58.052013254827536	1
76.4710903705045	50.01356294787356	1
78.85928258669755	97.23656084257541	1
127.78014958794643	48.817021663150065	1
153.76113236074485	64.37590834566794	1
90.92651036488147	78.0801155735115	1
123.20286564017684	52.70701053264299	1
44.775942095193074	24.599615971955444	1
76.35331422867753	43.80246127376441	1
92.28294708468289	43.686630094499506	1
105.3986311910979	56.172039844566385	1
52.424934050808055	83.06502451472994	1
62.560018129913644	28.627498633737474	1
21.96348233362795	51.335728177581046	1
88.60682985279892	54.49286414211773	1
85.37380623177862	69.60973481549136	1
66.2602410429076	50.01564540468894	1
56.18647886204567	34.09070329702415	1
51.17998431249612	64.6644318608035	1
100.36001767563242	58.461977466837936	1
88.59467773621306	70.87671696378409	1
59.50202772875774	51.13018874393538	1
75.37920793798965	51.932994075279254	1
82.68426649627305	48.897206690061154	1
118.89524863956733	46.125093835989624	1
43.00947950851943	48.235257032888995	1
67.4267920421015	38.93382309578157	1
122.56601266921732	38.92148828784226	1
88.11171015356821	37.87895514912781	1
130.4060917470491	52.570322567525686	1
65.3370020971821	65.44005185803248	1
41.76111888343025	54.00233686725868	1
42.14612981791999	23.270265947927907	1
98.92569123060741	24.350591073064862	1
73.55105774538347	27.771418958165054	1
122.25329490988412	69.46456052992161	1
23.6522256538016	57.20799438987879	1
99.60799653488576	55.67328827968866	1
48.996337549635044	58.48252985887544	1
113.172033724058	73.10116697913422	1
100.34653703520678	74.33410718569215	1
80.55888844042505	43.19104798282843	1
150.98635690685242	35.561346780149265	1
52.8126233736997	10.140585998778839	1
64.67403361784574	53.73700970160337	1
48.03753459249089	53.076913402356546	1
46.94097422920348	83.61963412789409	1
56.006246397797156	40.37736830376436	1
62.25743300238249	85.86253469871988	1
66.99332893835202	24.330849131587016	1
106.98668165821377	70.63118365478167	1
92.65357402362966	27.44132672738713	1
141.26567840757363	99.08119656672915	1
97.50718869844353	22.297053833533443	1
54.312508937357265	20.98011632205114	1
95.02384635305037	49.56250923958768	1
58.50561390748736	62.685544028842855	1
61.99753824054551	72.70633061817514	1
89.27503687742586	48.475263977073105	1
108.023245213153	54.550697089956074	1
79.08055132535236	58.30143145155412	1
71.55989793748068	34.1380540859667	1
106.12862339353778	50.47882382072957	1
102.65325351300258	60.134091773355856	1
72.13075089418375	51.08168358328431	1
123.99883983692412	59.355737744124696	1
49.83136057832236	34.691176593100046	1
80.0773301600182	44.31778117307377	1
121.22076493832847	53.54421029633455	1
88.0522711932018	63.86218346390119	1
55.484899542673766	40.34284879489584	1
48.65429284916459	57.45566481138215	1
105.74965555715858	60.3964552201728	1
76.3180816352899	55.842249268453884	1
129.91011078352506	58.34952891771169	1
27.112601153279606	52.692882283369684	1
107.79827060994506	37.6834349863161	1
95.3056703303442	16.21030522616615	1
143.46316253897257	56.57853644841715	1
107.60023385214404	79.68774362917065	1
53.90193570728347	43.78844799447327	1
92.1445606940626	61.54535232190119	1
98.64973181458575	71.49146591500329	1
121.27465996771133	36.66565890800878	1
108.03324799539122	47.04120603302922	1
54.025759138554506	48.72878611608269	1
59.97033379422064	41.73826334172855	1
143.45659468021574	70.55420820448643	1
119.86886483825224	64.06955072943035	1
99.95050713814061	48.49381419344256	1
35.94841664964596	65.1693961417423	1
76.0664382906021	44.62790164511219	1
113.75342115461832	59.87166525006759	1
60.76639112158133	78.60527720799473	1
45.69920748176187	34.59992880594548	1
62.96124713858707	36.45579567385891	1
77.61403188510151	51.025816116897246	1
99.37334555184444	11.826499340950093	1
99.55570524223613	34.10768856244182	1
95.84775211976017	31.00536438210648	1
81.90309528401625	28.670267369016265	1
125.11035409018565	40.80155703103064	1
67.57041208917308	51.718314666760335	1
42.00899461883566	28.828952174174816	1
67.80794452110442	24.950635226880355	1
52.64438555469502	69.46527883832908	1
75.41044773801836	86.44958437590724	1
81.89595714528632	59.28985773852707	1
68.6230710777368	36.33750641034969	1
90.20757000145088	53.202374887714406	1
80.805774008524	65.98708090299844	1
85.80866709216158	92.71941646519642	1
106.35031555093829	61.993149909069615	1
34.89181800657559	64.1941621404671	1
77.41770128886114	56.358227842862355	1
68.94513976601341	6.286295469889353	1
77.44919855866172	36.34638162170805	1
100.49747885573026	41.38972839342965	1
75.66080569915991	57.43264118333524	1
71.01724548146473	42.660467120329486	1
83.81104296597158	38.56959719554703	1
76.27631019576917	42.613642105877325	1
69.28064967949238	80.11460056243159	1
115.57879830176559	20.669167161515027	1
40.428964068353054	37.64405905951726	1
79.50126402582234	54.74875752041289	1
35.05163619545432	59.70261163725341	1
12.205156405257355	62.4492839594793	1
77.03927428098412	15.347120618060373	1
79.47370346500702	20.287195453144975	1
96.8258469943821	29.290270136478277	1
82.74127304282149	7.444180410402154	1
59.64623447662922	23.005016089751578	1
129.73275112357533	42.798173607902996	1
63.82066442589753	55.657169860744546	1
63.20281763348283	50.990510852118966	1
67.97833930279991	57.38315218678585	1
30.954931762656457	65.86201393348283	1
83.98766772761698	97.78821736018512	1
67.72864097890701	66.20110719767374	1
91.39251764479765	80.57018054126222	1
122.3769096196115	29.905538176849788	1
27.443840129377485	62.266991580523296	1
132.4296605711189	52.83105776786969	1
100.11041390174944	71.2615152275808	1
113.52227747982532	60.462992310099295	1
39.77494864969523	49.02636097663239	1
68.34011298369403	33.83962428720403	1
72.46939337458626	80.08962677545014	1
85.11793279008614	25.692358521432542	1
66.34194418681247	18.406896560395843	1
43.14899411785621	20.343233632856435	1
87.6298474956431	72.51395525211686	1
40.74000862475442	29.376793274118086	1
62.48154454499286	79.55335044685978	1
34.53143788391938	32.54791421677862	1
72.60737996200515	16.276177591413685	1
67.67271221957338	54.98979466555103	1
116.08693228030646	42.60383985106735	1
162.0736380910106	24.480264268544797	1
97.71521441062858	49.10922703856485	1
56.9541328850432	99.50938805918342	1
101.5714635757453	54.61279622926133	1
69.75478553944359	66.84984912581493	1
120.73346101417575	68.47059650196412	1
48.926650877360245	82.88645446719752	1
103.23208667191612	53.448906144618675	1
40.34718334822406	78.25586187363433	1
128.4762615482478	11.104613972513505	1
79.77028204986189	31.249471754899393	1
82.79347614411022	57.44972196164229	1
112.21053779437648	60.77319073254364	1
132.23143795008383	63.18756668245956	1
59.758291023234904	40.29121693919804	1
92.90688391738244	34.242018270770544	1
75.57405931885603	47.221849697050075	1
48.65190626505713	61.24648337255805	1
73.967839124261	51.23493883152146	1
102.10782809135367	99.82847603554916	1
36.61237590944836	47.95258198413566	1
54.13932484875032	34.76885988367566	1
81.70158478830045	44.51090562878613	1
140.2440479568162	43.37292413043504	1
74.30054393840678	60.177334218761445	1
79.56631197074795	83.84337382469018	1
148.98764439267043	41.79702090699506	1
124.55914758240512	42.130396942993976	1
50.263257838658646	21.636936387579663	1
105.37885913802646	33.13099552756522	1
52.42166999448045	23.035286513226456	1
94.9191172668267	23.485165756739228	1
135.3699669566903	59.904231996834206	1
113.09600382889754	65.16787462203709	1
75.98917842726226	2.4019945897104833	1
41.68181411481954	38.28198101192598	1
72.44150811107602	31.80354920752235	1
74.43966933920152	66.88005182471076	1
86.78488999719164	40.81501611147536	1
56.174177331964074	81.08518031714645	1
32.096343037505164	62.11147526662654	1
94.24444213964986	65.858583617299	1
79.68501885358371	44.850247564650736	1
74.26090511286782	34.53661905973192	1
58.60233711499716	53.8349923124151	1
26.92266398215125	48.09744186819955	1
35.176491017020396	55.839143543705056	1
91.60005284664817	70.45383998338482	1
82.4663313205211	78.81440040715023	1
54.623072372611986	37.99128429945266	1
119.5435033390947	30.73228790793524	1
50.54687462045676	63.03225696613355	1
47.664868777611545	47.22285377246321	1
124.23451149727768	87.71600474010017	1
57.71532432065544	21.79025849698363	1
52.18903364404214	36.26411124154608	1
42.30211928852014	15.649756809073594	1
139.05093254340207	32.66675215706067	1
63.199839667076866	83.23289863236307	1
126.92623519774006	81.50164316704716	1
65.7485691699061	28.669180823268782	1
63.85266496311428	75.99257958157963	1
86.128122621528	57.18871779228334	1
44.98882568613673	60.271696918282174	1
95.72658072208598	37.990784641841074	1
8.11145090178843	40.55430500851166	1
63.27194119835501	20.249564795216955	1
45.10051731284522	29.233801767906854	1
101.65296082733285	27.825878155306185	1
108.53345718411069	36.67508373673505	1
75.64475840568758	63.19825807375515	1
44.078123783038365	75.07641124113583	1
110.18850466073441	71.73634152532932	1
131.77997111408814	62.334340612224494	1
64.62000202896212	42.27635545712415	1
129.8707031376245	52.86028007543774	1
54.51608497200053	32.8401472050051	1
102.482339327545	26.560727774135664	1
48.32616583908239	40.5253049781588	1
70.38103882377033	50.50447961728519	1
94.69093058874114	60.416889047615335	1
15.94157207869901	67.96834383332236	1
78.42611626279795	31.49588858470667	1
68.75320164516941	80.27986568916432	1
63.37441845430802	34.527641529179704	1
41.45455728207088	27.40488967161155	1
49.56876298611313	17.39716805191862	1
81.19321447703521	41.92492248906267	1
90.48702889119443	64.60731850520266	1
80.94785918003122	46.57114515787808	1
74.77125352548143	54.926251418045744	1
83.00930658968186	32.25632879797192	1
78.46978611078174	76.33468154005922	1
67.1290828438746	19.20187876706873	1
87.3859213838467	40.99613233810145	1
119.49257443133254	49.77213903189396	1
70.09174803081748	55.83932926202028	1
88.03650678118301	52.49717283977893	1
87.19958076948801	40.811047379136866	1
38.67559125261071	19.059151038592187	1
109.55529851330238	80.41367015300928	1
135.60926670822167	64.62426227734572	1
121.68862079042476	75.79769269014335	1
29.74679723592314	52.388129754938504	1
128.91453506635344	36.90703715206737	1
97.93499834448846	40.41671335906635	1
64.61302323556151	58.352278763359266	1
52.25550419414755	62.76693859192182	1
39.9115748404866	49.782589233770146	1
104.94749237867532	44.72929466914624	1
0.5377373499690634	29.536581723335487	1
90.43841352739533	21.89955858234032	1
88.82152306684071	37.48824252037586	1
76.60451875525598	25.59410958619166	1
83.46146163426339	48.496853806165205	1
103.65565399177467	37.044672295109805	1
25.926365401515135	72.13245349509128	1
106.6350556902645	63.02279734189098	1
36.27115570178518	55.85721763158431	1
90.73735279539926	24.14715300731337	1
69.96984329223628	38.55529765493841	1
60.16958230802149	67.94030972643105	1
82.33400803217732	61.213881577265084	1
49.24323004578044	74.92066085307121	1
110.36062921287174	68.33694407795721	1
42.04228214363413	38.655670959790086	1
62.34541618502657	16.540324146581327	1
106.43928907557421	48.12213798068789	1
88.27578385255897	35.833689765187955	1
126.68795143896241	2.0253457467027687	1
115.19919008778972	52.914187822076386	1
47.68408077710565	40.78020907708701	1
83.00596261982611	10.297960248782204	1
60.13927492090137	33.98173026832969	1
91.80478061861427	15.61072127765457	1
78.47738624403978	31.182374232592057	1
43.33609105399239	13.028556396080845	1
102.06467742589047	55.04862732063296	1
99.33532846274714	92.94879495025617	1
66.31924043375136	39.76111922795177	1
96.1452579017892	78.84868411524351	1
108.04025537520052	33.083377513340395	1
98.42471433792784	59.967047988100234	1
89.52291417833396	54.734485628099584	1
31.38556236916162	49.337643007585115	1
58.66012757059622	58.36845081153227	1
76.76630786333979	55.39524445003855	1
85.20559247693774	22.358913276172537	1
128.46089569802325	49.12393713160221	1
116.2039339886978	62.607531925076216	1
61.50258110007981	45.71081394257163	1
63.932948405587	72.49157289854715	1
102.9024271644419	47.09379855265486	1
115.25650624280556	11.247812523567944	1
25.822518800230412	35.62870648546825	1
88.61293035135753	63.96084166362047	1
107.17572146816063	51.3510937196578	1
34.15794227278686	75.01262361892233	1
79.69671103880813	62.992867396502504	1
95.36906908078952	31.400539405963997	1
85.77983205801488	83.41637817672394	1
107.93191102447054	6.806278639865354	1
125.98808764435134	52.03348642009176	1
128.99580442299143	75.03780385825704	1
64.77837361575318	30.708172444034084	1
68.11002068984389	54.791963480069896	1
48.96358032315487	32.135525814912576	1
43.71501635746344	30.36767028715819	1
55.530751917168814	56.130497688293694	1
122.20960905483045	32.131254777497986	1
95.26193695631369	32.305005990458874	1
82.34047659094003	44.963558004139486	1
84.86922942455573	83.08370121552423	1
39.18590462212586	32.810856171117656	1
55.57343894715058	43.46644873626566	1
26.590041891041956	45.54183306752889	1
112.25141378255113	89.66911907366449	1
66.28800419213337	61.688095903489405	1
105.12908953463779	97.79039597888038	1
116.12931786221908	50.052112499353775	1
43.645057996986594	35.5335263106101	1
94.34153539862169	56.84954392670986	1
8.995102824121531	59.735069461950275	1
56.20570240030683	64.62738338535411	1
39.825597401426265	52.336427278900196	1
25.72839299969459	19.710436016294036	1
74.01041616573586	77.39624317001494	1
84.75823060860651	28.683599603516132	1
71.21582661076266	62.53193609127901	1
66.60123455645336	46.10595346387248	1
58.75357946929799	34.78510639782397	1
87.53515074713205	65.28734499599491	1
42.245409403356675	46.1988323084721	1
110.04958671507268	59.198561940984746	1
60.707801124812306	26.059255664619766	1
109.71011592857298	87.43470372046082	1
68.39337384480619	50.02309690944105	1
48.354832349097	72.68457920840405	1
50.348962717565286	70.23013047941971	1
77.00023018758174	52.051214939972716	1
120.88053256162864	52.92993285133734	1
118.76788836330667	45.17461062537175	1
39.560048032603845	42.76748162505835	1
54.1605595602942	52.697199627832504	1
135.14259552468576	32.45508887945575	1
106.2835489955887	48.09648916137019	1
51.38216505019589	49.23648386674201	1
86.27475010896165	42.645300223651375	1
77.49652209516714	21.02105933999495	1
2.447598614696531	55.46904697084869	1
112.41452082301387	30.793297048934438	1
91.5370873774289	57.480818933583	1
100.41512128221802	47.87859847672539	1
74.33713726145007	53.320398127030266	1
71.66826528240357	19.955604286766505	1
56.77308690683877	69.47843600210868	1
58.28749991648426	58.36019733436199	1
45.83040305988687	73.30873697211989	1
56.8316133053906	23.613413805460755	1
66.01070334914112	72.94970149052062	1
107.35894813950586	33.26225001649202	1
106.30884104149793	35.86910324953814	1
91.75282548188234	59.62307067995578	1
59.77757724397347	41.313845214102436	1
76.96012610912972	84.03988138456336	1
146.9931043142698	53.60544976757364	1
126.7900995836961	31.24101465231334	1
94.19135287122828	45.43364786602817	1
97.48837004702887	47.604067763475406	1
70.21169195592203	75.5395902310452	1
63.04737620526715	42.20441072862179	1
94.10023356954123	11.151321942391476	1
137.70550655476012	85.90386583589546	1
82.53811742653015	68.67025903313133	1
113.547446376957	50.17585879790067	1
112.2105873145401	61.01653048240929	1
37.83772554458958	42.00205989666072	1
77.51371407686999	74.80771983079735	1
98.96687657535838	64.43021829285779	1
82.53080090827663	12.873843555458826	1
110.99468038249523	33.242520852048045	1
80.61643707889675	53.06585795975617	1
42.420230088183686	53.696823673096695	1
66.36434967776597	42.09052011073404	1
29.40211843186514	35.34549842581511	1
68.9151191975467	-3.5062979180987526	1
97.37580671360976	43.06461570010387	1
123.30722436583324	26.812583825479393	1
86.24843234017345	27.478489350412424	1
101.34177091802594	26.053474469339154	1
39.86513541554187	38.26167500177502	1
79.51286748300188	84.03191715170027	1
56.37794190826513	38.037650367369	1
18.920154570900586	51.02101217550191	1
101.66035662764475	20.633778527117855	1
127.06119044724915	77.90205142462816	1
88.7928726433946	23.86761724399406	1
87.80683730406169	38.67236032019058	1
94.79414999147494	30.54461559936127	1
1.1633749445601609	23.975303226368023	1
101.29615970381047	48.798369752264975	1
85.39259695830975	74.863827266073	1
103.30747551944762	31.915847249286955	1
44.55508944141558	25.093893475572568	1
97.59698925931764	31.177255122955053	1
80.56342532561101	47.40819753219621	1
83.53002539367559	18.08580622222798	1
92.62128392123155	14.008091791356392	1
99.58287627846319	55.80660522317448	1
97.7492171851499	53.65820862931417	1
42.52541083475344	40.551109034308126	1
86.0196897980316	73.88636036346554	1
107.27384219518927	56.466377174370514	1
45.07857388589202	26.92869232695642	1
117.5166569040881	79.00138691930451	1
108.15852030962942	63.234943578762675	1
55.81078359898484	33.65915657681066	1
51.1822398478819	3.2976321410511034	1
108.55875062444727	78.79215361057106	1
91.57941954000567	73.27558424598143	1
67.88354191976653	52.68620202231092	1
61.497321790088876	62.886742553380394	1
49.22371379978707	82.08889308491587	1
118.10482855383049	33.802580451560495	1
38.74623441720933	34.96061802062607	1
112.58767654149901	62.34059449333035	1
75.48579736287272	74.42461529220917	1
55.588810372460216	40.38885991436417	1
84.96448087129852	110.59371661219	1
82.3255803464827	38.78217241826997	1
90.88867110125233	12.726289079847476	1
122.37751272892774	28.410616806913517	1
80.49730551705933	42.62446039432981	1
125.93005104722377	44.005507592409806	1
113.51245142338091	61.076461779343724	1
132.8856912193215	38.775136977932874	1
55.92547958035706	63.38643717262539	1
88.48864102306509	38.60846991781996	1
51.11264213254539	80.28930627242326	1
87.10489066924414	26.214609951291663	1
57.242085641302694	63.33581736578451	1
94.3840927481137	39.785103837145826	1
103.40849005200666	71.71904415534826	1
2.1259399237002015	51.990258982480704	1
31.790140150210966	55.29817925859191	1
87.57391890332269	51.38050339583501	1
120.69749878943762	47.26820204815285	1
70.80534812697897	19.77821778062985	1
56.1615840284363	29.09642186427021	1
92.31403113936312	48.78496192090991	1
86.80970676986918	72.4352779101145	1
33.59082060230062	80.167940900916	1
68.36637262970046	78.99353753772273	1
140.38436375221028	72.34879695100284	1
121.76298261281924	35.74591616938025	1
76.30265999490108	55.39645622394214	1
119.86153678593506	52.95347415602672	1
68.89928880612023	62.19819002152504	1
58.195527434731936	27.56464356469347	1
37.60906659100604	53.54299047562531	1
104.94800338628302	59.939446046365966	1
50.9717894646647	45.235260950561575	1
112.21045127977393	62.04664299061233	1
13.283998276540387	54.73615109342443	1
64.58687553411706	55.60021934625524	1
122.75192156490616	64.36939724250232	1
141.96070836620515	33.22223273719354	1
127.14964898011786	45.765534586269	1
110.19993397537901	70.52812585917182	1
77.85334159545755	42.42594144572857	1
52.75119223241534	36.80810061121668	1
108.41641739280598	77.18882304921905	1
140.4716109659528	58.56334117171466	1
1.9191311013674266	55.57832154521978	1
65.37219817326577	49.752415332560105	1
56.571769147036576	30.675339936203763	1
51.20606245141101	59.5260816890794	1
74.17500183097599	54.336845181325806	1
77.63716387229195	65.06455663569724	1
138.5880030521769	62.43580625321676	1
89.55547038329216	65.92423107116093	1
68.57977134048195	57.71944035860935	1
58.91026337820305	30.705568774743984	1
74.39936161500157	52.93612526512505	1
125.25524172046488	30.0051768445634	1
124.42731771340098	16.03272128504168	1
62.06953518165673	31.903342237504287	1
76.43123621567722	29.67365236237809	1
91.10561320447735	40.66892735790767	1
92.33367190959738	56.11402656038385	1
53.94975449201677	55.08778630890423	1
74.89907993882385	75.50564901819354	1
40.43527436416665	34.58615414070418	1
111.83735029050595	62.990375123732846	1
124.00231103468133	59.89145722683397	1
101.42237148120053	24.67959656388797	1
88.33123223173072	51.23039394454554	1
