10.724182364991833	72.75242136360984	1
8.496823171142225	85.86711532163199	1
9.612839536761193	41.784516736775004	1
11.46457627580533	43.884447366378396	1
9.622667035851961	62.409086920739604	1
9.355843009069668	98.26774254155528	1
9.526831630640652	94.70678633311529	1
8.094873148526984	99.96179303249937	1
9.954607125718946	73.7395107763053	1
12.81282845380591	90.79526256450778	1
14.302149742559099	97.14987782383908	1
10.089458509137982	45.40533774762407	1
9.177173312111387	68.84199540279585	1
11.643563986914083	56.281618045905354	1
10.26133785848845	70.85193767308219	1
8.371273097301906	90.318403891847	1
9.467039574345556	73.14801585445308	1
9.134198978298873	41.44571685484747	1
10.53957463514942	93.75778185608596	1
10.683307358500244	77.96855720366791	1
8.332185087241838	69.40727792842367	1
9.84019911103766	95.39081702572389	1
10.267218247665381	63.533474348387344	1
11.587683016158	34.6376423457658	1
12.315047287748653	66.14309277756287	1
12.230149132433057	41.346346415321065	1
8.172578583283785	71.80361959454095	1
6.898614462902869	80.77504623366833	1
11.590185071003965	44.62250878858903	1
9.474705320859425	60.559993068437564	1
8.864517220529345	80.02300438059844	1
11.038649799395307	73.25282714276875	1
13.71981359368068	64.66672406897911	1
8.387892479182176	87.68853016228891	1
9.573024504165087	59.39843304353127	1
5.922994215017938	36.44905317615439	1
11.974330774657403	102.56841459289456	1
11.059291023236902	52.49979168081808	1
8.87777974103636	78.48458210656273	1
12.755083472717292	62.48534017655045	1
10.242847229239077	39.77016007625768	1
13.16105217495507	60.541610794694385	1
9.424784573544704	76.04687663504001	1
10.869235222506983	61.17415238653894	1
11.044296279389139	82.39735785188671	1
7.990113786729786	37.81934969052937	1
10.11581046488318	81.59596291985041	1
9.737621148340056	96.74341469775095	1
11.776739583649814	58.04261160881505	1
12.09816073213975	54.81593774634427	1
11.86665348178532	75.84251602916378	1
12.702604469463543	51.36587556941083	1
8.149557538181874	80.12610106179105	1
11.4709973485754	53.303093539272936	1
9.352881930871071	134.60479849305892	1
7.470536587649828	102.71119029939814	1
10.44828381487686	70.24028233629384	1
13.353919973063803	55.56517958848336	1
9.08300178281573	52.43949812400627	1
8.5058841502994	66.25757845886871	1
7.203837467197468	74.55264328921889	1
12.95154784471311	36.30100339494856	1
9.941095967209403	72.12182125455307	1
11.003639778684473	95.93582307281912	1
10.358196058338303	68.44117922563635	1
8.158933440935687	69.88489655553907	1
10.789366235315153	40.76275331860875	1
11.528984602275004	105.83402606267964	1
12.315706691844763	56.5415832994179	1
10.43654690902104	83.81329671714077	1
5.135170476286568	43.91643565984971	1
8.021291055115016	78.89111075608389	1
13.1494820336347	31.660776726261574	1
5.239002352522143	71.81754135072066	1
7.601099934338238	81.97239470539166	1
12.720742699604408	75.25752015966161	1
12.941398166253268	65.3405516963034	1
11.958005811879904	83.02125822856247	1
8.734424129553599	50.599157206460966	1
9.341724883268348	58.625712803659766	1
9.401354616105658	43.68741231590681	1
9.017497733357262	65.57835831190587	1
15.425772365239578	107.31950244367417	1
11.094266047621256	62.60223536463964	1
11.849482861114343	84.77416296025328	1
11.39074609979214	46.54954368911213	1
12.795297005019854	78.59401120624116	1
10.563567301527083	75.17477896070388	1
8.327152119806808	59.80473626779323	1
10.635101440037507	57.350360669746166	1
9.692513474435769	63.183336822197724	1
8.59833198636403	71.4560754546978	1
8.84927709887586	71.97428838795217	1
9.428352198481791	77.4448674117102	1
8.752380425818266	37.06622829851593	1
6.907446039593636	74.37549918070502	1
11.47373887411971	45.908866879229905	1
11.583991058720498	53.27891207474764	1
12.143756825669596	67.68229468831285	1
9.346299978353368	94.90038405664677	1
8.537290436646149	96.9411526909068	1
9.135453217757027	93.10031796113739	1
10.592513995933752	44.54747710147667	1
11.662068474718	49.921028322730905	1
9.687625607478815	92.83578630311554	1
11.307811321094277	53.21015975157299	1
8.559541992765022	75.0698376562516	1
9.886239361768805	79.371846503925	1
11.905360578895625	81.70556061094707	1
10.430446550667963	86.42855810022601	1
10.734567450526047	80.59859726151797	1
8.336998906785208	77.90149778747312	1
7.248514341403954	77.80383648268955	1
6.735529271491929	50.707396109051814	1
9.520135240866605	100.6593613108735	1
10.586438897680607	83.35010026497324	1
11.792279902389744	82.86032166725758	1
8.220757918329	69.52297399103225	1
11.499836763598456	63.186675459954	1
9.342366066331	69.32317862168894	1
9.970857569568437	36.576363212452755	1
9.828826112912964	31.20606931317311	1
11.352216872246908	88.60912592110114	1
9.979045442188585	68.48223366339579	1
6.905950978268233	44.894695002723836	1
8.454650867506174	48.618037821408535	1
10.570122502435181	90.98548462935716	1
9.427253442243227	85.49371401076723	1
9.34506475546614	80.18212699987627	1
10.07039891807978	72.49375317187682	1
12.59992734206753	79.75328587903778	1
11.367646465989461	46.3266368575223	1
7.211817093107146	92.80803244001007	1
11.885519699648766	70.29615548398537	1
11.375380550220159	65.14363805394781	1
12.949576419942575	33.432193824988005	1
10.698099475812707	80.19870196240615	1
11.398254197898556	56.1957879892606	1
12.277826083989172	87.83576596291336	1
11.638964048822503	95.80917728702156	1
8.628244968364832	72.45807926033375	1
11.0581443753659	49.05729173966647	1
9.593900866046454	68.31413188059183	1
10.599814781407977	68.95483946651906	1
7.395511218625504	88.2998268763339	1
8.772276646151946	78.02553932321077	1
5.472785027229657	75.10781760736359	1
7.645441833417593	96.28333698985705	1
9.97055837406671	87.7977710622639	1
12.455445223664555	66.6787699618509	1
11.659241551740928	65.57294511057685	1
7.977063346820918	71.7586635158605	1
8.064325416228971	58.437574899086734	1
11.726929038485643	73.47856077067821	1
12.019480230473551	95.87934036062242	1
12.617509765002957	106.33579910211164	1
10.603318982836754	73.47107370479647	1
10.486730579858747	91.47852566567488	1
10.837546370997108	76.64571220172904	1
9.188865912333696	84.14410782667873	1
11.188601388144516	88.14512787496375	1
8.81656268397058	73.3925578181478	1
5.9457373645652405	72.93100820820011	1
11.321962581738116	52.26755122805625	1
10.226837338232066	62.78509228303438	1
7.959973003241151	84.73929320730598	1
6.0702875597153945	77.38462046603462	1
12.601464925191706	93.95311977699106	1
11.094722280815091	45.922807561925126	1
12.705301922977345	86.45388618059104	1
9.646051519604505	51.295082183263105	1
9.590304441984022	42.16467133261406	1
12.347851798323763	58.619518139963006	1
7.548457028158481	78.45758831385282	1
12.373966453055564	32.26266631339064	1
9.902192419421393	75.22013841088307	1
12.000167314177181	97.1405070855495	1
9.939923013954232	63.387521774970054	1
8.723850870079286	73.19835525582747	1
9.218734112231523	85.80502205655392	1
10.052660297629345	38.87420445312277	1
10.906303650885999	28.620608021776206	1
12.728007561095167	69.42546376851716	1
12.291022815168809	49.54739192791101	1
11.310420161989715	105.40946987552556	1
9.942529663952884	69.82159695898822	1
7.067556461320454	103.31061609714772	1
5.638475142045389	100.00590994568056	1
9.011021585633735	50.45315958482597	1
9.599440611821832	61.89139146278088	1
9.049809538112195	68.392881361507	1
9.708407894765829	57.493552279465	1
8.96164952516926	46.39236841826736	1
13.21428662828465	46.96862975671838	1
8.781864418128182	43.96371738791571	1
11.827251061106912	105.9748046034576	1
9.822507053282825	65.61483519215051	1
9.898668141164677	82.83502791458275	1
10.619766420102218	75.12251197469183	1
10.706748313887866	74.58648315983582	1
12.515060042160924	64.09728892375024	1
10.528832855347972	68.89963581913905	1
11.51331554193464	77.50423745157617	1
12.45337792086459	69.2301580090678	1
9.347087875052486	64.53066659888589	1
9.485631304524146	90.44121521592534	1
8.307922186682001	71.37014466038207	1
8.926878668620372	61.68372864178689	1
7.057595594057021	25.86688870234984	1
13.686495626446202	68.07650342450589	1
9.126174348335134	90.82469488541726	1
7.982134158481105	109.91837488252861	1
11.645926999809053	88.3766466249894	1
12.572107065135004	78.5002548292644	1
9.288803420211266	92.71671813924985	1
6.842568876368241	58.240661418737325	1
10.59418567075171	93.76035405212588	1
10.883029996450901	85.38435323048769	1
10.34343837023478	70.57917018500491	1
12.905046828257833	113.25297317438324	1
9.606017748760273	60.64548409624727	1
8.260605654166529	52.51310631208872	1
8.323456640986802	43.03276881266399	1
9.385720856299924	35.46327474591621	1
8.380004921391196	70.08693899122025	1
9.870101319801272	123.50324521093856	1
8.959332815139105	81.17348426185367	1
11.661242371774247	70.85852554704961	1
7.717697204232376	105.67033246085285	1
9.410350801575346	72.73989592559985	1
8.74921180639451	50.310511492630845	1
6.8398175812036115	50.144477758662035	1
9.756886294522557	54.831416768581825	1
9.203680885884294	49.57933244589031	1
8.331300902442063	51.97976551326752	1
9.141270445765139	43.7297887478195	1
14.68509186945823	80.75211674384298	1
8.395236757224923	64.66442598083326	1
12.29467310038477	61.435976067522745	1
5.690540962425116	55.37386403752035	1
10.206282436501864	112.13496323306367	1
10.931658428227635	74.6146777892668	1
9.336563338796918	51.4394246872981	1
9.905743233347092	50.17704285668728	1
12.61458731947903	66.1936455382587	1
7.249638992512633	72.35615982439175	1
13.354651626262125	61.97867749205086	1
7.219413569645845	97.52846135557729	1
14.874199107378747	75.62343485416685	1
7.539950527883276	88.61874984497533	1
8.058290110694934	61.704671136345794	1
11.41351307131212	47.16373341447091	1
8.238294155334529	55.08031324772715	1
7.93951420049641	63.95578376516066	1
9.467142581929156	64.44686139765942	1
11.794343824493787	60.104948057008386	1
9.764108391807662	68.79720013839345	1
12.16977097522578	77.89456843876573	1
12.155970702239967	83.35052257951894	1
8.033472117962468	80.27735264503788	1
8.500499393020059	65.72249462583773	1
14.620321117130427	58.56518534061148	1
10.71279358218493	77.19766472393022	1
12.600276056525978	68.71323308726323	1
8.945258077846516	63.78165897861033	1
11.594062290054504	41.317309476809314	1
10.118729624113527	74.12400594206281	1
9.999899752544742	48.28366110344342	1
13.236929774010147	86.23639567760793	1
5.13236873735164	32.69213825142766	1
10.368063447044257	88.05441212151868	1
10.686875774536585	41.51098755379475	1
5.712817381155332	47.29354228218903	1
10.503928693624285	34.62222947455223	1
10.109167721152103	21.41280197614836	1
15.254393739788968	76.76734531452949	1
10.424483029476896	64.10572285168483	1
10.287189087566562	72.1312807323788	1
9.84609742893607	69.84830200202695	1
11.068864378803147	82.16232794598612	1
11.172985016174916	79.75785434782472	1
9.060814889005812	89.50511614876383	1
10.612412305652795	74.0297215815097	1
9.448717764101692	56.287115999208915	1
10.84568023488342	71.91649031513683	1
10.856277874718819	65.9600012213533	1
9.058960271896016	72.92132081053926	1
7.91868948163793	90.81502748005244	1
10.454303512617944	93.81719163690477	1
9.844259493953592	53.87935918230091	1
11.220534996161248	93.78101174300714	1
11.62677897098641	59.271946564732104	1
10.602667875201783	75.38157369505774	1
10.353286394244831	77.28682239022129	1
9.715778479327493	98.35997094390967	1
12.011572829332959	51.03402493001097	1
5.146358784494651	77.51294852671535	1
7.404780792893259	75.486354569489	1
8.867523595123082	71.77153296966478	1
7.403663358975473	47.58576303912856	1
12.310503488424038	40.60970010188372	1
8.999806018961488	69.49002147380362	1
8.837854731391175	51.58241618416334	1
10.738092683683975	19.893127620723625	1
11.121145003857563	59.35972020063879	1
9.559861086977751	59.64288451566656	1
8.457034796687994	57.32854775598543	1
10.54926432979675	94.40625821358306	1
11.040783478491267	85.6122971829781	1
8.358414145273535	43.27182430593969	1
8.599941678870817	59.543087802733574	1
11.762063348803697	62.969637725898664	1
10.061785948586152	93.30298044133127	1
13.964996225869221	83.15715635092359	1
9.163232079166242	98.58745058749638	1
10.85128531604088	52.940586246394915	1
7.094257621984736	39.102409693208884	1
10.67340187598661	79.07018742963939	1
7.950960988318391	46.427435046772146	1
10.139640552782287	100.74994812275823	1
10.788298685418836	74.63953737730128	1
7.723270172009214	71.46575348671723	1
13.002879765455248	56.78877281887465	1
11.942760302270557	95.09157511246448	1
12.017011210133198	70.41126209986795	1
9.257751527242556	77.45010845074583	1
10.931131345060825	73.46228287229921	1
10.12342038663023	43.38954653068585	1
10.401792823699868	69.02607960366088	1
10.220487231119355	69.5353739705011	1
9.224734305615119	66.79017315563594	1
12.320484375135035	69.20315392646427	1
7.273954701478757	91.23271221151737	1
7.922472471040704	70.27986980571087	1
13.77872453235916	63.28336713643799	1
9.306486050129267	82.56480171633446	1
13.413417012339862	74.73175218667369	1
7.1445224615199905	78.25052473863263	1
12.253470546007552	71.10393099413686	1
13.63215794006091	29.076005498983335	1
8.472711630705941	51.317848695712655	1
10.432707379850989	74.92840250552783	1
12.117601962795845	64.10109824445125	1
8.948198294890624	51.2812614294738	1
11.707463544024268	80.22927857575787	1
9.832118532804165	137.4689097277123	1
5.7957201267459455	97.33608836814405	1
5.443425827210963	93.89864119927589	1
10.079122396852371	42.042834983138626	1
7.164761465985771	102.41002373686663	1
9.356481657743776	99.54634770578679	1
12.713287002784758	57.59438368981149	1
8.917232465860685	57.47073281932321	1
10.100858787096858	84.75122818332332	1
10.21964964772802	97.10071644152677	1
11.739233718684135	49.24726258611773	1
5.668042965121481	71.16546290314207	1
8.467204583206263	84.23654297076519	1
11.052479794604356	97.61587080752057	1
11.706729082921816	82.71755192405581	1
9.366999914707636	76.0926283276594	1
9.967945725992328	78.70266357671389	1
10.801387389566187	77.4030222346284	1
10.664215007253132	62.05450279405689	1
13.068223500580801	115.57893924418805	1
8.012302645444633	64.37136453532065	1
8.42593841269267	82.46343717801639	1
9.579486432647276	52.05623131505176	1
8.888760451461351	81.22291248640502	1
9.159405316377038	62.599778322792076	1
13.797826236123223	85.67390799249112	1
10.847949606590928	74.62139854339185	1
10.673255373472166	56.985040389708956	1
12.284785798969207	81.49865172575551	1
10.407776996715098	38.21307437326911	1
9.19922934052964	63.74574022504554	1
12.489843415217829	68.66112787837801	1
10.137690270087413	68.15165061704677	1
9.218352185115258	69.63289102083775	1
8.040314344527895	43.63004106792196	1
9.68452552358517	66.67470770724424	1
8.606428642126545	100.958551985916	1
9.145488860743404	68.8221550601006	1
12.500440536963431	94.59924645083149	1
11.38047159734296	98.22502725999951	1
9.582725837282865	51.421525213002155	1
8.375768381514465	81.64708341844847	1
13.080501710842956	33.87071956940167	1
7.662498861467348	70.4193474987422	1
6.883839711249211	71.17456478287068	1
8.45736808800286	32.13738832266503	1
9.522053447114372	59.329794366116204	1
10.499160270268472	83.20204010193049	1
12.111765213670463	76.88977077298452	1
5.320104607922953	93.98752968147863	1
12.310827259909287	95.88153300440159	1
10.352876471042016	83.03276760458779	1
9.024915810154983	90.09921040438908	1
10.353641249633098	76.14312474484933	1
7.71068814979532	59.99136575445303	1
13.368172023125112	60.69034442524418	1
10.25318249576555	79.04256697207846	1
9.343373814199028	104.72600444647023	1
11.37994673603746	60.8902276310097	1
12.091708142860593	60.246317682954476	1
10.528208091371893	62.78616812558852	1
13.133019313075263	56.575384508313306	1
11.066179113884091	73.10581357042199	1
12.064350319255947	96.05687652971385	1
14.8458115668907	52.0987537826457	1
13.32722816266902	51.95442496427778	1
11.898775670997267	57.75354790576806	1
7.537609222440306	59.77586639110639	1
12.748043197232079	92.31225422751524	1
11.354634818422372	64.60641764425907	1
9.923101420270264	77.4993736802597	1
8.948500511849725	42.549168840224105	1
11.140088592410468	41.870781076942855	1
9.801231127179385	77.38231750823728	1
5.4643939176792715	94.92885858091078	1
10.830845509599857	61.69102295261014	1
8.386323412982321	37.53535927585172	1
10.273096509579581	100.3982092157919	1
9.420670998054916	71.34539791714546	1
6.4853871496687905	40.66088298892189	1
6.703012240474293	98.82338164450083	1
7.975658164939948	93.19081436116576	1
7.068370471177552	71.07752511956454	1
7.986619965919644	71.22042600367853	1
7.558450713631158	67.70736110137682	1
8.048979574057544	74.25266962483873	1
11.304498194635965	57.403127465535874	1
12.982962956230335	53.10414502758367	1
11.080105052392353	94.39945052756647	1
10.297406286245415	59.570014586968384	1
10.491920818894247	45.48589037260503	1
12.284501683586193	68.01101479900218	1
8.677503237929155	61.10509354548145	1
8.115164736598425	79.81902925396827	1
13.64852782393934	93.87599898228754	1
8.738796063173426	88.71409401042945	1
11.287165934991028	89.8510333277987	1
9.048106997760037	27.378944374096946	1
10.750333637198898	77.02703463895462	1
10.27942079195012	64.74095843901875	1
8.357454654936442	72.59931997376614	1
6.941371351084166	60.53129459786835	1
11.955833503216503	74.68813615190449	1
10.716049303972467	87.77682014322548	1
8.383636886485444	84.81553843006914	1
11.33547736586448	74.96592618137234	1
9.173428330317657	64.05211895118524	1
7.418792966267041	75.38352295210754	1
9.627207711871407	51.815159527783685	1
9.838544111905199	89.59526711117921	1
10.383074073873376	89.68376315119963	1
8.214025046803414	81.07821201367747	1
9.824292213565831	87.34055511567904	1
12.42212649523102	91.61034666332299	1
10.83360918091752	64.79385313487	1
9.878936737002176	30.277597295265544	1
10.491357045481717	56.68746351562629	1
10.273463970219497	82.4078108561101	1
13.77191106708518	88.72050479073474	1
7.792275593752294	94.50663541125371	1
12.55487256587394	79.02004882763335	1
14.126457830596287	27.47482429018939	1
9.730736865982697	102.57374722973898	1
11.555320520411858	53.02647941291865	1
8.85178324001641	69.53133162692988	1
12.961347969970651	41.60882252385295	1
10.36712534848255	59.11526686071474	1
10.920848154322066	64.11484110581901	1
9.068390469189316	63.857166219837495	1
7.898465956657244	62.97079813707305	1
10.562252388941168	16.729391653028685	1
8.0915609778008	86.90031287470259	1
8.40798619357409	73.36263189930754	1
8.394119723062254	85.99107260323106	1
9.589452412627228	61.58974565144443	1
10.287163714904636	42.663107747069674	1
9.763991069969366	76.42803793954243	1
7.5383991882013275	70.89884683940879	1
8.390485630426978	77.46261185550532	1
7.291371718704416	68.17695471423451	1
9.626989031482383	64.30660744561335	1
9.319271364181814	69.64491303303534	1
10.285677658470373	58.517224954396674	1
11.311888334121695	58.7028807289573	1
8.040096579215213	74.76781729359097	1
9.517358593180452	59.6822170423669	1
10.844311991786059	68.54844835658692	1
10.750513647659504	55.69371448864226	1
10.2314776383475	59.711278392815565	1
8.927934836327806	51.425644084115916	1
10.109916205935626	91.85392405327829	1
12.267983080662932	85.83912407226504	1
8.090504501404503	77.05165545810556	1
10.735386124394914	53.72252552310944	1
10.762865588591822	79.21188902091396	1
10.777428293842217	31.60697143618662	1
11.184908415979077	77.73826248216767	1
12.174378009917154	54.668056928015375	1
10.631951242535253	65.76673866983302	1
8.102362646514337	61.7997389231948	1
10.181634986119455	63.5734093299906	1
10.936703983495908	57.731401439862054	1
10.68572448532031	57.678812378957865	1
13.63687285247938	46.423756047234676	1
11.228712614610334	78.68000569087671	1
13.574550671478146	47.25040653984772	1
8.936964931838974	83.88815142396999	1
12.77473484429252	56.92313076463496	1
8.333908350906404	87.20452468847832	1
9.794055873544037	68.9605909858392	1
9.273770038111984	95.63584501984211	1
6.441835991579082	71.27576147367687	1
10.403796667676446	75.73926941814574	1
11.930670069294374	65.2038110025346	1
9.4036671119193	92.89598368657533	1
9.48868228203053	72.68291603889939	1
9.719337410669858	43.900053528282925	1
11.017075977691839	80.25731405276369	1
14.164632512359464	62.207391391045945	1
11.265596290259912	29.06895486179551	1
6.754970856541066	59.580084144437635	1
9.957531650072418	63.69476599009984	1
11.807035872185823	37.02748093151992	1
10.23192605041574	47.83993694187521	1
7.710065140129893	76.65781822732241	1
5.362400946145906	38.74137976186929	1
13.680804572510187	55.839365431204165	1
9.016676337973324	80.96216771812526	1
6.370606791267165	84.41074670533793	1
9.417346512085485	78.43426142606498	1
10.978689417461181	84.48300796895134	1
10.255238981697255	31.633578914049217	1
9.096301417197214	-1.1131192150456002	1
11.445395411663785	90.27689131440202	1
11.892527272982832	92.48094838430612	1
11.551219455215612	58.64683012647955	1
8.452242634663536	79.61746291640364	1
12.589808099815864	132.4879449337555	1
7.74398974561926	86.46859495501869	1
10.779810524055137	72.87970595429515	1
9.925074713836072	83.40967770356653	1
9.110515855197939	53.69385247936695	1
8.055701546555438	80.48324021828194	1
9.55738309073011	53.05213448226825	1
12.22598829827857	69.70625769218658	1
12.12898242259763	81.69608334589977	1
10.536588303164516	49.547250467799856	1
11.807326534564853	87.27756952659446	1
8.334280143107788	58.59641787770123	1
7.602352734633222	77.85948830190313	1
8.294389179955324	71.71274711714373	1
6.279741822638272	72.02750760154807	1
11.719467966912351	76.1774561465729	1
10.777866444550378	41.41455391117576	1
9.135663077390605	100.53215567158054	1
13.247058656644084	60.60221329234647	1
10.617671644984584	89.76150844387743	1
9.40565242828314	71.01151168141018	1
8.42847707494385	70.35202854511196	1
9.377619540769322	80.31125925639012	1
9.346132870411926	37.52508079272403	1
12.999346538862659	107.58531670193804	1
12.97710177984715	74.00243158697943	1
10.60045029415948	79.55213770533324	1
12.182017618279424	36.52566316473238	1
9.355927812649043	72.5298337734202	1
11.411768317155488	44.48047138909357	1
9.489293092179535	80.13718753133122	1
11.031388334746767	86.62345253967723	1
10.22225336437732	72.02491959003899	1
6.712685063290591	28.768637733352172	1
8.231359548706655	75.5144139508703	1
9.481020486383834	51.48390052426097	1
10.156924916345409	65.48724819055693	1
13.219991104423059	71.09117414105519	1
13.479051103474514	90.05435932895233	1
9.77517870677245	38.989075587134764	1
10.737501735733524	62.25139779097377	1
10.279430391713856	67.65678442697889	1
10.768228899426344	96.61667632350196	1
12.536031295798608	50.65240963331706	1
8.255845314473273	82.65375598031214	1
9.285141265893033	92.03184848663258	1
11.86886085976907	41.14931097631883	1
7.743916859377704	71.18922708510091	1
9.590672680792578	61.40111494426289	1
13.125527487363687	92.73132329361309	1
10.887604796723238	53.149692065443475	1
9.216142549038668	95.3459117944613	1
7.888925756587003	96.5770762778194	1
7.435400209520111	67.08539080602722	1
7.601384659271083	56.3581457694705	1
10.573048107876648	59.28587993043538	1
7.894944787802569	78.14954102385758	1
10.793416080878458	80.64088040403904	1
10.190954916216862	46.07643722815109	1
8.122385603207938	69.443481571351	1
6.6457243644635735	72.13592210439558	1
8.245779186590179	31.550490145646194	1
11.310897948374059	115.11546826262152	1
8.63710268009131	80.75048271026238	1
11.574009558562052	49.29394114203186	1
7.975382899212849	81.25930831980986	1
10.956596495444142	68.86764541090957	1
5.829848129292112	38.49974652085322	1
8.844268917554352	45.94117349340617	1
11.182692541829306	51.27687882796637	1
11.724336734081172	77.23013791619879	1
7.468444966971207	54.81422458879642	1
14.123732448412934	82.05226716370896	1
10.393255062342195	67.1400162992044	1
9.994342082402579	56.107285065121744	1
11.941142057691682	60.08249215081138	1
13.010163169329989	66.16741582818298	1
7.7702023454380935	84.2458605962209	1
9.454601594689384	85.58643336146955	1
9.690958117435281	72.14761620278111	1
12.48450732160044	84.79513693429797	1
8.821101094873752	79.90352473310396	1
9.222412519218333	76.3945381530792	1
9.167018806808965	34.83421828958583	1
10.381074361322938	50.50676142139276	1
8.411480876907536	67.93316315783422	1
11.823949967430531	71.79521402262947	1
11.238059942989048	65.3669607564483	1
13.829140600354972	96.85138495953429	1
6.172690946170757	78.11340409896313	1
9.195890672736612	99.4863637614173	1
11.70725180481631	48.50127187156997	1
9.297195516274872	66.95925155070313	1
10.083915446219471	45.88059682060298	1
9.558805019580443	56.48419564454548	1
10.462488889713171	56.22284923525064	1
10.105661899836438	63.19282862241772	1
11.990430031378661	58.72562939852688	1
9.349405263929103	53.795184803554065	1
4.587145829443354	77.76642758149568	1
9.881141479033033	41.71842979991092	1
12.884604843984643	56.793998894085334	1
7.234604028405833	55.96070047824914	1
10.66515047050111	97.62183315288081	1
5.732243572448272	69.08861151668863	1
4.678323616035646	97.43993269734625	1
10.420576323243077	74.69312344359844	1
10.803049544029722	71.88736754990813	1
8.716853537200393	24.106740569156734	1
10.503749558264344	74.09788356755868	1
9.500853194975118	80.11875675157243	1
9.415160953621577	23.39855155562053	1
11.521661065572632	85.01080439924641	1
8.935759320898336	95.57014029513249	1
7.4181446903538495	62.81810771998139	1
13.571318288595746	82.95845995034581	1
10.204134672611037	63.72999596608056	1
6.696929756421159	87.89403845939904	1
13.334076025252223	70.8337116827404	1
8.80697631757846	61.83258364338704	1
10.194519886884281	73.63918514750593	1
9.006395198112552	41.037177235052155	1
13.38088619543505	30.013498566187955	1
6.156765261365939	55.134130705915695	1
9.803404183064744	92.1513568570338	1
10.671223123177395	49.79958995711712	1
10.671865236617071	62.55096216404745	1
10.091399525773626	60.565790877918914	1
6.956600007282432	66.06397991607639	1
6.551322593310067	51.261225074350406	1
8.579756344156866	70.16430754301037	1
7.765899023170245	106.36373854341946	1
10.457385790069717	56.43900813570943	1
13.314477155913625	84.78955288572597	1
10.49252792497142	106.04668814460496	1
8.38806997959797	73.01272533105355	1
12.593834865887318	97.75197237808949	1
9.842609068307729	74.5904212348139	1
11.134949413265822	65.12604185414486	1
13.245393946899	86.20638785382968	1
7.492616604032758	90.20199668037111	1
12.413595279968309	66.94253314290604	1
9.938335148497874	63.9120418993992	1
10.76365207105675	51.28766633270372	1
8.106096135320625	82.04397712764947	1
11.272752829699947	81.35208467199018	1
12.065330101091195	48.642265145970626	1
7.85587851516059	77.42771769182983	1
10.303621675548804	62.365502507978015	1
5.521356425153917	81.25671036694567	1
12.152756138241404	69.52440110739012	1
10.62996614398477	60.93923494113224	1
8.09262038617263	61.38742579564819	1
9.896063411331516	92.98435698843541	1
8.976861818230484	68.75433347884656	1
7.6850684368296855	112.1285482156182	1
13.100860613967804	84.52027588921126	1
10.304235262118318	55.01913216340798	1
10.28086964518048	28.926440504449047	1
10.957489502686007	92.2828631059922	1
10.12911913981838	91.37235810094525	1
12.596182603446165	103.90175239052087	1
11.828318138572744	84.85965996347144	1
6.694855887048348	67.13436540937599	1
14.906919217222868	70.1107848266882	1
8.854899688468308	67.57914335278743	1
11.291869208077664	93.79864822245624	1
11.592532224591547	68.87594629243794	1
9.527538910615979	71.39640770770417	1
10.7259491932628	66.91190213595094	1
11.102186996013138	39.60018021529102	1
12.697220429723275	58.554160413656696	1
8.574481284666637	99.43157916506135	1
8.740931418476247	81.39451483473783	1
9.177177328761648	123.8253464445703	1
10.900752867409727	79.28495988343235	1
8.652266104050417	75.7679764052946	1
12.60549100340477	35.33907945258751	1
9.41582292506607	54.384623154888516	1
11.793973014559043	65.59375901582989	1
8.959114055735357	67.22155914387159	1
10.640854382515933	86.40446694926078	1
11.084918991087024	56.92193618550722	1
11.880910941005984	37.22439444923775	1
10.277125574178184	96.506036204477	1
9.667950008228843	81.93249123912064	1
10.254352109218445	79.11703910503329	1
8.439473449909704	94.29227768998138	1
9.751249476566125	48.99699933476048	1
8.542010662015333	127.62371644328152	1
7.062882833909471	103.2557114246209	1
12.862952930810321	81.62880215647276	1
9.99668948481095	107.64683226557418	1
10.697171683698034	51.79876223851832	1
6.478839865505962	97.15274778562566	1
10.870601613265535	66.18007378113826	1
9.79672153518336	94.52370602005537	1
9.130194148994555	52.260740617849535	1
9.210057464561949	60.63011237483872	1
11.09562630276455	73.82046362773796	1
10.474260347610253	79.71932423314999	1
11.868782066419193	99.69714278517606	1
6.079797625712821	56.668558657093804	1
10.463979683655575	64.12861535134718	1
8.434463244992703	93.08345336122294	1
9.183675244531376	71.21665382337149	1
6.439415693382123	69.41080575470698	1
8.622719153960833	97.15384664042588	1
10.645167705579118	61.84840790474775	1
5.449580271908432	63.670760027952355	1
9.124305519705935	99.87005961403638	1
6.777358980265361	82.07339076031218	1
6.853762054245889	77.6628579877716	1
10.815666521897647	67.92840523233397	1
9.048577086169683	90.60607306698651	1
9.384200954607248	19.727900412913577	1
10.894023198366853	45.66319172049752	1
11.076738002695107	89.78138944029138	1
7.815383204855371	35.41500195365107	1
9.69043456881436	75.41064645941864	1
8.270245505631532	90.82167653636331	1
7.529414060394339	84.99389721423508	1
10.932972150617115	65.78366387524852	1
10.21622145738025	74.22282443372721	1
9.795016098349564	75.85504890378766	1
8.378330402382574	54.93356872524554	1
9.365572606411467	72.4714807589267	1
11.731103967265746	56.28362673887372	1
11.188123006601728	59.53005016439974	1
10.389671090378764	55.17138439367589	1
6.180940673009634	47.12979128301656	1
10.912091729784713	60.49442867502346	1
8.647062433625115	116.18958875615395	1
9.9963542653111	51.75392636563951	1
9.86750909102297	67.07809121126394	1
9.545823902224488	102.86193845414302	1
12.143599049008282	118.57291159725608	1
7.35222662324784	85.85605734994274	1
11.707248073311936	33.434010634990564	1
7.408576280079222	76.28609220594501	1
11.387510670099946	74.72208449720907	1
10.466769490402662	43.82114864338588	1
11.34390110089388	97.33335734181742	1
6.919596899979597	72.86742076618636	1
10.385438780069482	101.28040655837775	1
10.908888652325881	68.41595657166789	1
3.581655224042959	74.06867507551335	1
7.522846336957954	53.66038212814037	1
6.4564203291729765	69.68565402377222	1
11.412462299470263	73.48261313809523	1
7.0850933910090825	59.76725462645979	1
10.371458459471759	62.349526752724294	1
9.593772116760869	92.54880382363731	1
8.076923398215675	58.79375931455843	1
4.463667920713477	72.34978693424867	1
12.222259924237397	88.7869687077264	1
9.289748948738662	44.2613875504622	1
8.561665294871315	46.431779652803336	1
12.680184808772767	121.35975139114177	1
12.619762311726927	90.69996688740031	1
11.323735160718934	55.20172879297361	1
12.833334421645297	56.795683788579275	1
8.581754579582576	89.77168870785499	1
7.79598601922933	97.06267351206894	1
7.832026927522676	71.01461778842317	1
10.845495684712297	65.36845656223848	1
6.335523882619177	46.01901706291632	1
8.868598852969313	91.62671124248145	1
7.7163207945511285	104.54206833964861	1
9.389372546068056	79.18236758107567	1
4.842823121223571	75.47357396416587	1
10.025501740977749	90.0185302430953	1
10.160002694758187	76.69323767711039	1
5.856086624379647	78.53703567405812	1
10.404909814355994	51.2885971040457	1
7.407566417663482	71.75007958163067	1
10.622429108571575	13.560312651303555	1
7.613741746921468	98.92611061750378	1
10.009143684655779	55.07989879758954	1
7.62682794355171	56.3512682648319	1
10.587672833394782	36.55452156422233	1
12.898072133853034	74.8820983825567	1
10.335815951293231	77.84869661092908	1
9.069353317758159	69.82135273634815	1
8.144317440488425	85.47486713192586	1
11.541049286891798	107.67721499618186	1
8.990663342407533	59.241992881767644	1
9.372173527077637	67.45391145945132	1
8.407822694517348	71.76379553485614	1
11.12389946771121	62.805017377558244	1
7.434003233693896	85.56642156722647	1
8.603645976040074	64.63594293636491	1
10.380713612783467	53.59977149882606	1
9.060479246403332	62.13093279101733	1
12.264292302924314	81.15351061950611	1
8.90602613418236	90.538738790693	1
12.74222082756259	83.57115231870412	1
10.335147117814982	77.22019161528986	1
12.109787986339295	68.98390217612842	1
12.823811004887746	35.632714885861134	1
7.35312335787064	70.50561496674737	1
10.935045440199522	51.015977726630766	1
11.502546759953642	68.79211654340004	1
10.283254404449565	95.35184247908603	1
9.700755666418788	75.75980187915494	1
9.97896736361836	35.089956665335784	1
11.112807906628662	65.26300803873995	1
8.74794334182329	84.31189534160626	1
12.481861959631392	32.340652304169055	1
13.00579794541528	58.564799043512565	1
6.507689770607827	45.286905196492846	1
11.066847634563677	99.95807535575014	1
9.438616599813233	69.28412541360035	1
7.8541764200475805	80.01160676082954	1
12.43839810239997	71.89874056578068	1
9.390217799436678	54.34879897078481	1
11.80727797958436	93.90692794696264	1
11.436125114894297	91.57334416051401	1
8.35395520412395	94.01907206163763	1
12.239911312042294	78.67237453475681	1
10.528774088564562	90.60415059456612	1
9.22339244143792	83.06141222482202	1
6.972448589716549	47.79109669289894	1
12.496384584901284	57.05737203016778	1
11.639035928609642	50.94418474896207	1
10.074364898518215	119.7941996044652	1
8.841008492106837	78.23550419675597	1
11.377693491232995	58.9509765489959	1
10.434257865193723	46.63326830535413	1
12.18768179185642	89.45768750621268	1
9.276468468364397	44.44418501282971	1
7.716012607067844	71.1382281301113	1
10.652649206278696	88.71840875599192	1
9.593709717120534	80.74566612925449	1
12.345091975573997	55.76395876810081	1
7.603719234945239	45.25301555528483	1
9.793952922178509	42.375241566975554	1
7.799173273948716	72.6224244677794	1
9.261150164225242	55.21195586256044	1
10.031565515785818	44.143355367552815	1
7.237792845224334	76.24017531217112	1
9.996986249041589	46.89743979534636	1
11.601968735593097	66.9754343148328	1
9.204609817291333	47.90605463330784	1
9.75031670362121	63.89616584062585	1
7.9633142634312675	61.797051328543205	1
6.939804288088398	57.50806235215198	1
5.818650854111607	98.66639744190522	1
10.313289124159732	79.23773840614537	1
11.940941706394097	59.04448941444842	1
11.007836025863579	77.73799527382344	1
11.854757481076746	109.7863783180465	1
8.402225955383734	64.76293043242846	1
8.560390624909282	86.41633962714509	1
10.04706331596617	60.69829360277394	1
7.755163142878024	67.78079954432954	1
10.016674151562116	59.60808963344291	1
9.675650720457108	63.88867091066667	1
7.6413858943307975	58.58773312648625	1
10.503755884074055	97.40538131376177	1
7.82439056370332	70.5401184651629	1
9.102859573916898	64.44069241596316	1
10.270177763524941	86.38831857615394	1
6.354209209042734	64.61579636525397	1
9.536877231607889	51.831033425151205	1
7.34840583627518	56.530977685685855	1
6.539522563566333	60.15586858587777	1
6.554632365658687	74.83873162236564	1
10.083817621175344	99.71887814688878	1
9.632861749515456	60.50640553811916	1
9.706622837702973	93.22065495958765	1
7.41462591606774	69.2232854434276	1
7.311017653710838	64.46801860641233	1
10.423329610623979	74.1915707734542	1
6.664194405511527	70.99484713326616	1
10.791893820286816	86.15918637839731	1
8.751069345277482	59.647693702990566	1
8.656867964895024	58.48849492939793	1
13.354398793769079	71.1772486236276	1
11.549801951392231	64.53602291709709	1
10.785585737825343	51.23527741422063	1
8.341360254854644	44.668430244045304	1
7.66185188800625	72.53972058906545	1
8.471448753602427	82.97678849118418	1
11.798195285650882	44.47456059009912	1
10.623156097442195	53.50775255725844	1
10.577951250042279	71.79519725883266	1
9.656681206458655	110.46576107800387	1
12.128180178405529	100.80127573072488	1
10.115205639494341	128.4626350634643	1
7.805932846705799	55.6882492128208	1
7.930297956412745	44.94502029008494	1
10.830279818054416	85.79682214878667	1
8.182304973509739	77.67461311882282	1
11.517528942910037	94.07122059217818	1
7.790824236001715	67.80307613937063	1
10.34917582923226	52.32287649621633	1
11.11582429889838	84.13293102454051	1
8.544501803239125	49.932778254055215	1
11.153358603705826	67.54694957488024	1
11.217838907326911	45.15454410876203	1
9.091209927324076	103.85069185056051	1
8.562928813816308	46.115519952477115	1
9.359038163071482	71.20549100719427	1
6.802645810855871	77.33450397784642	1
12.070937685537071	59.69756334562451	1
6.964109380706505	85.6229885708904	1
9.542737951915253	88.82335408321458	1
6.818615035769456	60.788126129929594	1
11.894441814413513	89.00150400354273	1
12.734477727978643	49.80735079742968	1
11.469144321982368	83.90427976353891	1
11.224974522519593	66.86646135272773	1
9.45547285518182	39.5463675323177	1
12.044720030784934	76.71070457085692	1
9.803575453575933	33.19280006137935	1
6.878715956741836	65.8157669766515	1
10.940484099444902	74.42663487102553	1
9.663149743914927	54.74481215784389	1
10.795235394034552	24.414193104243573	1
8.085891329775906	69.9878824327946	1
9.01992998966445	78.42529206071195	1
14.194468973147153	53.05190143897442	1
10.656332577498526	82.2354063252071	1
9.28718560589541	49.31607058560712	1
14.197902548597984	78.47456215888309	1
9.792425361813443	75.04851257330775	1
8.107322462756585	76.3886698325015	1
8.178119496606856	80.2609443920134	1
7.266374678083064	66.26462645488088	1
5.9260811518018	73.41450050951086	1
7.0212566942339985	74.06733049567927	1
7.1466540174715805	66.95520022119781	1
11.421623268947638	77.17590801827296	1
10.53140321759257	59.917149348481644	1
7.48691196958476	56.60621906680288	1
9.576274011554322	49.35368116175921	1
9.556736815026046	65.98346291320543	1
9.065934546056122	51.050177715499615	1
9.100303571994175	36.63028120833873	1
7.816618938912912	45.77819865971078	1
10.054816737795713	67.07424574060752	1
12.466760848407256	63.40465807154123	1
11.619001375463363	87.03271507266099	1
9.724030758800485	88.88946097614135	1
8.643566092796064	100.00565019239602	1
5.414246337333056	40.689637617710694	1
10.572656198373691	53.92153352986658	1
10.109692321867676	75.26264352243548	1
11.195677142541346	70.19157361178996	1
11.799825789792198	89.23890537472309	1
7.502558814884885	61.86312383330222	1
11.6589874287001	94.57083233828246	1
12.968551339100184	56.26810001916405	1
8.532219951664434	108.05317457563807	1
10.389762483156291	49.50322142420368	1
9.854224177170316	60.48013959992107	1
11.7650376541947	72.24836002882036	1
11.496218151035476	35.734291275332446	1
11.678011880870235	72.71836415650114	1
15.44197187274042	57.33582024554315	1
12.1943090648554	34.5656707852755	1
7.175463864337345	67.36541364597689	1
6.937473976346878	89.81395866168363	1
8.044011481449964	35.96514735429335	1
7.737168292525695	89.80354257976796	1
9.481561212771599	41.80449307854295	1
9.024752468919685	102.58183569165685	1
7.473104157877609	83.45520343787429	1
9.272240145679268	46.149008720042794	1
11.010454181431133	107.12712832402559	1
10.985194369797583	66.65638184802712	1
13.854134705333866	70.83216127411733	1
12.463130147875813	68.69999942264026	1
7.898596426134185	61.955015451483376	1
8.237672972209483	53.71863115860071	1
11.377885618640983	97.53094800599021	1
10.738394626150614	113.2806389319644	1
8.34260092585861	78.47682745868048	1
11.700954968174567	106.16703852521712	1
7.285659876597899	42.56786507970318	1
8.560676921592044	64.32106641345679	1
6.385900420448316	44.601284791720275	1
11.866550093551412	65.52903607521066	1
7.530349453718497	55.114713987225	1
9.292984982617016	59.00703742102784	1
8.468133990586837	102.03213026990753	1
9.257234755962612	71.43248723491011	1
7.4879085914681465	52.89438684200806	1
9.883901867855622	85.7768609934749	1
10.529694462144318	55.85917294787335	1
10.365658792953774	65.98723326897098	1
13.692305431898852	78.83545688925454	1
7.672448377371406	131.18550675655044	1
10.310457794899698	51.67872957172942	1
7.928257003282804	59.33477456470914	1
7.1423488245722435	61.79536352416639	1
11.886371381274458	34.018226696226584	1
5.671117720964798	102.98624466725161	1
9.509507539588514	82.2074692244523	1
12.879464233366825	72.29917719122491	1
5.599939550321234	62.87029300356552	1
7.228953077256991	76.35927217034131	1
10.685726923170508	94.98516341681993	1
10.62585163149518	76.6089792715396	1
12.109110021741541	29.547262741767184	1
9.205325004210271	73.58348779505478	1
9.175837363531546	41.927939132837835	1
9.564913022765271	96.78471725572132	1
9.011819578811268	77.85583938624013	1
11.662056164266021	77.20474904688844	1
5.227516354364133	84.61481780358828	1
9.572548740429001	109.79141791940688	1
6.451264623624449	47.711608902407505	1
10.36728968801255	80.43274723343612	1
7.817270476769297	88.27311290576307	1
10.70615482366141	61.76820921922428	1
12.395782192842923	104.66268506042604	1
11.79681390989512	39.295503525442754	1
12.27622185750944	58.27638696345836	1
5.922131963899193	50.41037033290708	1
8.715844661764201	73.72595239149298	1
8.520616895714678	52.177624763041834	1
9.25436483650408	74.45526533231376	1
9.949090808173736	85.02640666393822	1
10.031814381389024	76.07170038286559	1
12.324486056709043	91.8913225753009	1
13.24796034664056	42.794288495282075	1
10.505258419640006	80.6672912660361	1
9.186717780376496	77.78835232207669	1
9.327086552589588	73.57996377591257	1
12.221627708817106	26.969387808945726	1
6.730091448397517	82.67213454883283	1
15.899845856921033	71.49573403986528	1
10.19955847214007	69.1350980865177	1
9.337403313642723	61.37956732337991	1
10.780942127487629	82.86938789043235	1
11.243279856352158	73.58561819039963	1
12.39093122761491	34.714405562091144	1
10.694094199477709	93.86740058433129	1
5.488021512646588	53.306320529702454	1
7.148205988866415	39.49246190763117	1
11.012889175736815	67.19682670517633	1
8.332404422498914	100.00937124199197	1
14.25579312338402	79.23396402662897	1
11.324156401956984	36.578160735858006	1
11.932387003298544	74.00846805830523	1
8.673168900645662	72.97660867898378	1
11.167316011164393	79.31686212092731	1
10.907478396016062	70.88946584551822	1
11.406627998797775	92.29456729627407	1
10.821453889022367	51.420696656959535	1
7.429913476863012	76.76077752463536	1
11.83241751496255	74.62666293149692	1
10.836780571351873	64.70127235367337	1
9.00700456398535	95.03068582535462	1
9.671503478207136	66.43812210032164	1
9.786203355367238	68.5982578421708	1
10.65399963837437	45.37325700398945	1
7.890517568613098	106.81694465803395	1
12.913433967731061	90.35803153115425	1
9.697916721655954	87.04234340817212	1
12.865527038411404	60.083163974281874	1
10.19861049683519	71.76546592294241	1
9.709013911229931	75.06151067021469	1
9.577341049671327	93.05140758745794	1
10.812211646814594	63.73360422067496	1
8.740662590080358	73.63994854968395	1
12.1944137016207	38.05372406552271	1
11.661671999379184	60.56276344021105	1
10.661414868234582	85.41533780369949	1
7.832170958435825	81.4747026338763	1
12.455401316328667	46.828296786713125	1
6.256985011965943	49.56010138035445	1
8.35406994173133	62.993757843300116	1
9.146046607515078	26.61596109688017	1
10.213467203993892	95.70399246730929	1
11.778208462275986	70.97047184686716	1
8.614906812106586	78.60740879739069	1
9.274636627493901	118.28342979319983	1
7.8498565061971926	54.27770613661937	1
11.734690924103734	48.637988178749964	1
5.758665784546557	90.74069813011818	1
11.56581397622214	78.66772205233698	1
12.61411064848006	64.61686013264509	1
10.773291164049477	70.84345216103785	1
12.107331988221468	57.547971333068624	1
11.811153258869012	86.91611009288196	1
9.476705039462773	86.69518778919002	1
8.427826760324296	62.328399165279414	1
8.377185006812333	92.16748630432076	1
9.916354284528508	67.1232486195685	1
11.65050648452898	89.15311074035421	1
13.43224049107563	94.4442867286732	1
10.900145610536354	70.49116277827255	1
14.161005907832827	91.03768807574502	1
10.223401713927238	63.39623541255553	1
8.684376089971876	57.37809446447918	1
9.02556688552508	30.89974433285593	1
12.651835716630337	100.81509489907926	1
11.713402901284097	67.9702988856877	1
11.566724144162809	56.76243117906595	1
7.897375831591589	70.46067706964493	1
8.417490989360676	51.92101745783421	1
9.876916224698492	73.64123051990777	1
10.817736102933187	118.52097829929633	1
8.681679068270006	73.06767889098388	1
12.031646217840823	86.61646885637873	1
8.434276339432794	77.86486356559466	1
8.725346891825057	54.573804067690396	1
8.708186220786779	64.47629433478197	1
10.570496486333509	52.04405075537855	1
8.426384862608836	79.97615209459022	1
5.97378298906308	84.490422516647	1
11.993984745194762	66.28296657946	1
6.67364204129631	94.88891889656364	1
12.107993089900848	62.13032693569374	1
5.069522319742766	102.58207433801486	1
10.993161747072195	83.04119459342523	1
5.2345726811935585	65.80762433892058	1
8.690324028148774	66.2092022463835	1
8.720131950825834	64.99421218819408	1
11.044283792658579	76.14269670272881	1
11.941526716364937	74.1524276749004	1
9.61454799054197	61.051932635841915	1
10.761551475267957	63.74139523647932	1
11.388504176442229	75.57910191614137	1
10.126288075723375	43.75286631991776	1
10.815015581893036	63.68178902690055	1
11.770117411892661	50.34457397754262	1
12.131768906840545	42.6158733494834	1
12.09397160899785	108.83394735946987	1
11.217022875922028	95.74980745064641	1
5.941996478787788	93.95846716291274	1
14.376099967633523	75.45448381808285	1
13.383349642451416	85.50309064624747	1
10.748970823385708	84.90840650025348	1
8.014224627625875	74.68858226170875	1
7.526806269782425	91.23328287455122	1
9.238846871149523	44.45920220931158	1
10.712334231312	62.18717033802151	1
10.25946003372978	69.63363162719959	1
6.160719825828593	8.5572784249552	1
10.951435932685012	62.566174649868394	1
9.609048357124838	72.94007183112917	1
8.250046665870636	86.73857069786908	1
10.582433716151792	61.414707847674904	1
7.91138326049992	126.92902002751806	1
12.774995042454632	65.50252993575623	1
11.448621348617372	87.71854196765292	1
10.911196884275983	61.41648348993736	1
7.23352386569189	62.88626354788315	1
11.128580091775898	66.99166102929787	1
14.401055329432058	45.89627439761036	1
8.871137285913951	71.80895422983863	1
9.061447660599908	61.753550308546544	1
10.00110857617539	90.35443399740265	1
9.206706557714186	79.51539255054527	1
10.583243525889296	92.02765867741525	1
7.939434173474149	50.495499270346386	1
8.782683945012684	45.24735357737483	1
13.138518766472398	103.0332664636678	1
10.493975140381963	102.54900980646778	1
11.136892647360554	100.34489967492168	1
9.467312525898295	69.30546169065045	1
8.142619414706012	67.21495632880455	1
8.75772153745012	28.65625221156038	1
9.789764460015707	106.9243454852326	1
9.73421274403667	58.55911325936138	1
10.109394157658913	58.6733203997558	1
6.846811311520589	53.07608474328164	1
6.493290547174696	77.27026677254612	1
9.328573159928485	68.61156591936009	1
10.699879886246261	69.77449799339513	1
8.269080314422453	79.50063874844466	1
9.854632534322356	75.16211455273725	1
9.588795748840026	87.22476237694973	1
6.334092204159813	76.25148704456649	1
8.781358788733046	73.2901748760713	1
13.774172837457623	27.15087290008765	1
9.363504791381173	72.58166187613791	1
9.634189884971747	62.32108712274385	1
12.386381107379306	82.53041159360973	1
8.268203403874057	80.46293094250555	1
10.29816228093045	60.27645323595553	1
7.427362434039476	20.615333709185094	1
11.693188290360986	67.59406519031292	1
8.841132493295373	26.96559551061455	1
8.254343663393565	57.588058475347296	1
8.899104124089437	72.87227102864787	1
11.154263596096667	68.98793646257398	1
11.034707277227366	89.03872790750374	1
8.960772822847435	63.58977066666619	1
8.754603552980054	76.4233647231241	1
12.121755791857005	71.94900813704771	1
10.328705762203342	65.4061778223869	1
10.360812357464932	90.35631069803553	1
8.179378873014224	63.70695016915591	1
9.987377960142007	74.29947416439727	1
14.151069139829627	60.304006664112286	1
8.749204670085389	106.84854813348137	1
11.498427152943332	66.34708993421005	1
11.341910439305098	102.4230834750123	1
12.141677446975374	72.85308373686252	1
9.503045028252863	99.4416448422559	1
9.529255152551832	71.46040440573867	1
13.187584893628323	76.18984652647882	1
10.55373457831632	40.143299550815144	1
8.164861391296013	28.32713225865558	1
9.423176351675949	70.05312806010987	1
9.466420379122413	97.00020048555324	1
12.732528382531388	117.08401985090504	1
9.400948712807962	55.731338262689874	1
9.156441703661402	91.19506019771696	1
6.562347729188149	91.40564631996122	1
9.38456810578952	52.66471454815385	1
10.971453304420365	63.56241576594026	1
8.694105467037886	63.254406428529734	1
14.142503203868236	80.73430973600442	1
12.47362191940228	34.83173254858495	1
12.832528769134191	87.4540734102024	1
8.16498267274647	49.62586970345602	1
8.383036772407035	93.49318072229636	1
11.584661642261683	82.40158045827363	1
7.551923343814286	55.20019370933311	1
11.183329143855541	90.02996850662241	1
9.712636099364415	95.4473861137537	1
8.634251863314661	93.327084177463	1
6.622819146802497	87.78509459686232	1
7.567726944679684	82.32586702098166	1
7.776473397585871	73.1971383327726	1
6.7302018258836895	73.90878155595654	1
10.384942741664895	113.87372514130598	1
7.1935289549172925	68.0049328318739	1
12.47135532940914	90.86551491800861	1
9.805890746806302	80.7488571533818	1
9.991432240215607	59.987582468397335	1
7.570068830832872	66.93648474376717	1
12.159137966215589	62.339572851760536	1
10.400612168794902	109.50274636891803	1
7.553144507334677	94.58575361573827	1
8.663825884330674	63.257752476100755	1
13.741523427658777	79.8306122273692	1
8.386601949547664	46.86455199296472	1
9.411324248369782	106.3793651302771	1
14.437242465817448	54.922403955203016	1
12.545254862931532	35.110533404366265	1
9.91022931307104	51.63190578114266	1
10.290335230884041	73.68243454540284	1
10.067079666107434	54.500144908550084	1
12.644191594879365	90.17904500691179	1
8.050543393541087	55.86762626587529	1
10.78197925262627	71.6562927303773	1
8.749182736765267	62.65323854682907	1
7.914661908468605	51.80899412678952	1
10.103891403031533	75.11076771030791	1
10.513259203407912	103.78000824163061	1
8.326696374435164	64.74009196599613	1
10.10149311347331	70.17980040907236	1
11.30085398224126	18.133285671183543	1
11.439714406339329	49.03053612166352	1
13.413003982057674	92.17616488311818	1
11.207290406563057	75.76209525808875	1
12.407452648371848	66.84154617159477	1
7.719676889403621	18.891664187635833	1
9.180542032123045	97.09553026037734	1
9.201054362147728	89.25577068341553	1
12.84868841806416	90.47170571733733	1
8.946071699492329	100.30458696633299	1
12.354397076708379	25.990642019229114	1
7.237349692983585	90.09842082033055	1
11.387645565466977	62.373200669409144	1
8.290982234915766	55.887540594013075	1
8.191979688365691	53.15095465419978	1
12.666883060207207	51.775340883138874	1
11.01512652866343	32.239602020537	1
8.76176777717544	115.22671728336303	1
9.119829673444741	114.70215205965897	1
11.709004913953901	83.1690951522602	1
13.170298332984785	85.99629141292831	1
8.081377745512238	21.915945770606086	1
8.46083910581562	93.84999333060613	1
8.100556422719922	55.50845530016233	1
6.457383470127205	112.95423836778893	1
13.085245933583188	105.24843871361789	1
7.767264976505233	65.50394738576495	1
7.457545707051576	60.52831333276897	1
8.510737167340558	104.21041333371537	1
12.073287102646509	89.23795662991698	1
8.93755017654788	81.75495031705996	1
9.795773894954484	34.18484672571123	1
13.944042840799886	42.384538966863346	1
6.767007175727619	68.82249476713282	1
8.876076765298993	61.81104520651689	1
8.818327200081395	116.26805522903439	1
11.248960575250226	71.15013599842744	1
7.082733372371561	59.53525731836915	1
10.746301882809442	65.70084886290068	1
9.939985161215404	81.56108274660835	1
11.13674247707879	52.18639384444805	1
7.839213373178122	55.16512629818645	1
8.291786148164562	85.18458127815522	1
12.006537947179517	107.10675478119396	1
13.33558513137192	78.61467731900397	1
11.170354460490303	84.14908858912261	1
9.469173629348074	85.49349087634265	1
9.370074739751281	130.96593850766067	1
12.485427310082281	86.92257814340533	1
12.460859671049544	67.70800511634796	1
10.3725718665966	57.777222199171135	1
8.513393308572251	71.65984910754352	1
10.621038403452442	72.6833754021116	1
9.295957185642784	50.25057364224669	1
7.611905465084674	81.98505157581693	1
8.966767568573696	80.15491903339458	1
10.617929787133283	80.97995393895827	1
12.243005503353102	53.20727445334368	1
12.609440331768159	80.98248680327866	1
10.064156438728348	46.93434753603453	1
8.551888339148196	65.67359878638855	1
11.825309392830738	45.514218005655266	1
10.437258347803606	62.84224373423596	1
9.20438018179351	96.50777366337687	1
9.21947435747254	69.25387052236586	1
14.900533041323325	91.85865776141745	1
7.892069934678249	74.06290399446128	1
12.35521820015267	50.88626334291211	1
14.32543127503575	42.43514386047538	1
6.955918899380489	80.05294018768902	1
10.939116511104567	64.25221633601012	1
10.480353146133952	69.81672847175422	1
12.355099049389882	67.56120983824133	1
6.673890738190975	36.19904230922608	1
10.356483483464686	108.57614840426616	1
10.610037839692508	95.77157792511225	1
10.36650373656711	81.20026051751992	1
12.002824142443682	41.22758809681486	1
9.804423877356173	39.63487233364938	1
12.13264755874794	59.820628513903415	1
13.78396243979155	66.7278400575929	1
8.62506712375229	64.0407790716488	1
10.095183053649116	29.160345750223414	1
12.96755984259001	62.1198532200945	1
8.05757254243153	73.21232989513733	1
10.8008341299258	49.01492759531341	1
16.78212438394957	76.06715254100631	1
7.796826158704608	88.13859991182474	1
9.45035939505621	73.27581460733239	1
7.239328486533517	67.26429032974374	1
9.348591504118742	59.08207683998429	1
8.886297135037555	68.18226820590063	1
8.12475102422378	41.64312384008083	1
10.388544443202086	74.50149892910738	1
8.524597534850908	54.9358564673971	1
8.814137671746906	105.63745644719442	1
8.424581863070792	60.192485642727135	1
13.314295016476944	88.95949213865177	1
7.468551146592125	69.74309129700391	1
11.6909194586643	59.00144905452878	1
14.012024849586975	87.79569283077286	1
8.973891943106361	49.80997740359666	1
12.206402745974273	67.83531416157516	1
9.891417122251486	96.1456887949625	1
7.182689447821176	64.36127510479605	1
11.169025149976648	75.30656495087356	1
11.396239241594689	79.52116573129017	1
9.5440537255823	67.24489031709462	1
11.940596790037905	118.3704505838335	1
11.16194511060146	80.23083957078511	1
7.106808517001477	103.51957252058472	1
14.0845493893423	74.57734164731922	1
9.402718408393074	76.78785018556921	1
10.689083243493844	69.7860182337132	1
8.33154613713435	55.67100683739146	1
9.893328686136158	89.42047004944965	1
9.237842664634272	48.41636148772294	1
11.276505057736827	63.24545342718094	1
10.550962800913883	108.44348910280308	1
10.555337708698284	61.07745008267272	1
12.095433020475925	30.153719223095678	1
9.148158751337197	47.71255191041269	1
6.973950676132947	72.17946863359566	1
10.923004900344266	79.79345946813218	1
10.213984732236222	55.70421255075924	1
11.832924908072107	88.17010710968005	1
11.942969660601962	53.60009753317799	1
12.226161814542877	64.36284548527738	1
9.070952533608692	68.07514424489067	1
7.397477224015074	40.40524233687965	1
7.898432561193877	80.19015434899126	1
10.8295560326269	49.24479453244407	1
10.264894976410067	61.062100182505574	1
9.499918756582362	82.71526087467784	1
11.011778379426127	65.22475481572927	1
8.465488757678258	73.0150601671299	1
7.653913541705522	58.08237631948851	1
7.630794480468335	36.98591744213846	1
7.317308119887024	69.56932473423517	1
14.305216664675132	39.495746183279124	1
8.15670026702498	69.87159244623345	1
8.496782608225969	81.206073555769	1
11.299551210323653	61.05583173856419	1
9.908185487268534	53.109734303970114	1
10.932436229159222	54.827820577184355	1
10.492740090646697	67.12694895130213	1
10.762940447788832	53.45969505098253	1
6.858745235897032	86.82170837705684	1
10.997700171869761	64.92519705886582	1
10.754780716064369	50.72769553966022	1
8.714640509311655	78.19841353253332	1
10.575633706534516	99.86707634952577	1
11.071559151852131	84.07451240371205	1
9.910607478346886	84.19505405991065	1
10.61464374849581	54.56516553870087	1
8.623566086997906	56.99495409639877	1
6.562132611112943	75.4026156662496	1
10.926651889439704	81.39975155010613	1
7.265885789451339	83.3406969001651	1
8.916044117978807	47.912011613188156	1
7.072403145604277	84.12155967867956	1
13.203606007828508	51.36830807163939	1
8.842948805590328	42.99998467928967	1
8.912541216227115	39.29291063295136	1
8.695239063768941	106.48504277999876	1
10.327577518406875	106.63408965544829	1
8.478019273000958	87.46385960647814	1
6.7869902580419845	78.63050523589163	1
9.993624440972708	59.43187129581371	1
9.7198200834377	68.45646256991627	1
9.891919925414356	86.97523185467512	1
10.344186489379116	93.24513885290544	1
8.313046867391023	74.76400889540392	1
9.809321252698405	75.06893570622486	1
12.330066788882238	62.988086017622365	1
8.770764912352046	45.0143732801166	1
9.55631321716477	65.35972337313005	1
10.322052378389968	55.51939809298442	1
8.323330115795807	56.84606275429321	1
8.173378634035076	29.32756896746453	1
8.711649065211489	64.85471119648605	1
6.908547908620276	103.019299821434	1
8.460608263674716	116.66822525178233	1
10.729464790743101	75.59838931145646	1
12.34377723090067	74.76340282103124	1
14.455490881153747	76.3044075292714	1
13.008091107843306	74.1050887747204	1
16.07571072476521	90.07645676164275	1
9.909582173823237	70.7049046049644	1
11.899166036168051	96.49032411176279	1
5.8697450876141435	97.50660099960521	1
10.867626482807943	87.68246969696152	1
11.321032616283764	56.25367103485698	1
7.477143975350865	53.61855918236101	1
11.85223492610995	73.87236623212785	1
7.661749536053266	96.10889085303897	1
10.288608499106875	76.45986885665438	1
11.650620832089132	55.85870196015858	1
8.589994490631115	57.62881124932008	1
9.764650360140712	79.37663490152477	1
9.68662054497418	41.246084311877205	1
8.291177117766303	60.85933370047705	1
8.25190330168804	64.46740995623793	1
9.333429665040363	88.36681941687223	1
9.62408404562563	51.459624614690085	1
8.800962685153785	56.08258687557797	1
11.191638020077214	59.49620512468414	1
10.050186441127419	65.3431327604683	1
11.725709867409153	56.48064860284759	1
9.367912929386334	80.77926981630864	1
10.378472319427294	38.261321846304014	1
13.354906692571966	75.68829210233179	1
10.518308092765444	91.30806718519682	1
10.083996359501125	52.07740432781134	1
9.643029522733592	84.1728922468735	1
7.116469526607567	73.72098745844984	1
10.378560897632973	94.98410809285771	1
12.258901180728149	67.84210485529044	1
5.294777949510384	57.02250993913162	1
8.746675813614743	69.949867473383	1
11.497625957556354	79.1546380085872	1
10.504680242178914	65.21080868505322	1
14.133831237729382	86.98384879965188	1
10.227340590965156	68.54023893325586	1
10.057241161432394	67.1528635672313	1
9.7377399750871	47.975058891913136	1
10.329256653744347	47.113611649742495	1
12.00173448013092	86.88793839025455	1
10.625294531615445	84.81734544879751	1
9.498757272486205	87.67176116930537	1
7.586665110015916	37.88293900943081	1
8.958011219868592	56.32729746638438	1
11.218621250704569	73.57809463805889	1
5.062053682554026	47.63748312548077	1
11.25424768016887	84.75880860657355	1
11.037385401222881	81.39974089870685	1
9.4960132404296	44.950992193840264	1
7.584564770215585	59.54753026160651	1
14.031015049121415	78.50532697513536	1
12.010667366505679	82.64638308720504	1
9.960617728525795	42.41717428205493	1
9.144249625043038	68.50337636923665	1
10.869981931083618	92.54793065597113	1
9.287771391688368	38.878823606830174	1
12.454242479859703	41.90100117724825	1
9.145188252754515	68.5233457194637	1
7.4664595986261695	100.7625382577325	1
13.925335414685279	70.78923137797207	1
14.674698951984112	32.5770014674069	1
9.796930731645551	55.309392884843504	1
10.493282198535235	77.20638619121314	1
9.314119450440096	81.15334375998573	1
8.94118703562583	77.20537808059488	1
2.9859477714041427	85.10144885925266	1
12.845899408865582	53.76484061596166	1
10.3218678542323	78.81048283372691	1
8.324663827446317	65.3058369637884	1
8.172000310223702	74.11212820738264	1
9.647831121222579	31.714523915928552	1
10.567398055208566	40.41840461775473	1
13.285824734708601	78.86228711475628	1
7.001775096553825	85.22911798037951	1
8.297042223445823	47.58157818373547	1
12.63253763606479	96.40660585111051	1
12.502240823345472	66.13820971467774	1
8.313150035445682	66.47647081389349	1
12.353465818657282	120.30916315131677	1
8.643161935593534	53.99401241582008	1
11.456972389683164	88.93597136107783	1
9.168606062235963	117.76342365347148	1
10.163044624834498	42.93038512581846	1
8.588318078449703	37.67573924110749	1
13.72715679788816	65.13214681162518	1
10.497741869994922	53.258143164222005	1
9.803114671543888	80.82796813146653	1
11.694441582671418	68.08392031457502	1
9.483109778149412	49.70846214722002	1
8.475380604223826	74.40079080769134	1
14.958631092421136	57.34618121730519	1
11.230857967272222	34.52967456271375	1
10.366652254824988	75.98825314979265	1
8.334815946668657	61.86347806432833	1
10.346049432812734	88.89632756005854	1
8.579090962928122	46.32464260958369	1
10.274143581420834	88.85104904869043	1
13.317853837756914	82.1082231151461	1
8.800771508556442	84.42981237228905	1
9.585599964219634	55.49143188746538	1
6.172552963394027	44.945849017982916	1
13.344828602933244	51.265195120154544	1
12.465305218196187	75.94169727494145	1
10.446377717266639	60.03193241572859	1
6.633992555033776	106.24208713177532	1
9.039092460143051	60.67103975682914	1
8.59335270325413	86.74453549558342	1
7.167263158578061	112.25320225274979	1
13.899572378669601	69.03273485398446	1
8.872803128227185	68.78346136879244	1
10.684294331591818	89.7128111436736	1
12.001672495081973	92.86932107182963	1
7.916706548675347	48.76681697057995	1
11.913885588360632	70.19722961124629	1
8.525639102598936	60.57290075515305	1
9.802247556893478	55.051946354189795	1
11.336779282611555	95.94655698796592	1
13.685193390036165	57.22468155315098	1
11.403798072694533	89.81286818084973	1
10.075667294679798	88.16328688283285	1
11.804239715643384	62.61549771843744	1
9.741118338404887	70.41572008630939	1
6.0452413511504925	102.39192936094275	1
8.854983321412508	36.04065735485484	1
11.665135799254514	113.4697811360719	1
8.793208023327258	92.43649851728364	1
11.535449538232793	53.3861361345935	1
8.3120962211638	25.132319318572343	1
8.281448937692558	54.5857432594818	1
12.859605526417791	76.66340454967212	1
6.252765078220984	53.46602915984289	1
8.625359806019919	52.895248576403894	1
10.346405880575603	65.37127919142371	1
8.151688030749279	82.36126229151833	1
11.570051799451267	61.827458939087855	1
9.960534491056805	82.64190349426565	1
8.873905221096003	50.13893379957345	1
7.877918937941576	55.93637655655554	1
9.796938522317793	67.36535562707925	1
10.410765618444504	65.97401888436279	1
4.605786675353984	68.40762731389694	1
12.637810641921488	61.65184760859711	1
11.704480453230982	86.05825799598199	1
10.602416497765084	69.99010117254377	1
7.801201043919381	61.460035999420825	1
9.020124294761489	85.62601388110052	1
11.716469869375253	71.82385912850096	1
12.714687089138456	42.777347960475865	1
10.20966963564515	87.170138617323	1
8.087795703613981	94.6297044976935	1
12.142566569584417	99.06122036036477	1
13.049505580740101	59.636028329301766	1
11.147018432704625	46.62257011528535	1
6.69603904004063	78.62122937579305	1
11.492388886916826	101.89668840999353	1
10.073608121932418	59.88762047985084	1
13.54027765857102	113.71691002141945	1
8.81148547133711	27.1186228997324	1
7.072198756677	92.29521937484833	1
11.736536217359873	53.891829069733255	1
9.402339084743046	82.79851442404164	1
10.329759701265509	72.4932159071028	1
9.863977930629405	74.19046083719921	1
9.402169814529021	105.64713074394096	1
12.916652422727712	61.65213544053749	1
9.194455310464347	67.25436443103605	1
13.792461434262835	86.72130308446398	1
8.851438298112317	100.01929596347887	1
8.577796947240035	80.91868824150394	1
5.858029929992179	70.64010058184108	1
10.765971300415002	80.50286168793805	1
8.699710095722999	51.79878823567593	1
9.856965722444633	89.99992367088777	1
11.654027027307986	52.206871658439525	1
11.897962082906405	52.20421364203643	1
8.078466804496095	70.0905382437665	1
7.934560472808739	34.15473247228308	1
10.354831519416468	50.15008314065793	1
12.845097407514874	100.61955693627772	1
11.65637209369936	87.17284491926182	1
6.730818101666203	69.8537438590705	1
11.092940150840143	74.3520286749098	1
10.742294212441967	54.93453425885338	1
10.159060310731276	55.568189280251175	1
10.486749208379816	83.54051514073745	1
9.446381991772022	94.22418436013915	1
13.461869161342369	51.48823694485645	1
8.084263301983146	100.15334345219871	1
14.766270781522932	46.22274911249724	1
6.8788589463126755	92.77334823042152	1
11.805584795177975	33.108803972119716	1
10.591758730143535	66.31830651531234	1
9.34631015777232	93.5420653579821	1
11.469375614825218	63.71022966292454	1
9.017784476399571	72.3438769461458	1
8.066341204071714	83.0218867320532	1
9.2621004210615	129.0664667250419	1
8.291207677178786	56.78488153226548	1
7.356512930013935	71.57063097456037	1
10.037265721663596	93.01586185205957	1
9.288170862568968	56.41235811851391	1
9.857128807564854	68.97657428489089	1
5.774149451466714	101.82183380329703	1
4.926186385295346	60.790595235170656	1
10.889301627471346	53.14236703704081	1
8.909624889537945	94.50241440788479	1
11.931171087318281	49.696558146338745	1
7.782760316241826	59.29820002633914	1
11.903458856483011	72.22566341907098	1
12.64696127502049	38.6332429119324	1
10.383992963439514	73.29874366939568	1
9.594276373408347	82.58596952705811	1
10.043999313445246	61.706688741441255	1
15.462207042676573	45.78840134057975	1
9.528961818022536	31.79721648214067	1
8.978707883960826	75.48838330026487	1
8.13147837479047	41.67673681909851	1
11.966083750451729	38.27393133080962	1
7.152909100481148	70.69544488423186	1
10.394595225977797	68.7958793112432	1
8.405553315067122	69.9873246906309	1
6.683991612449416	48.93919164456025	1
10.773724092910859	59.70531651873735	1
11.172850736979742	69.4646814337367	1
10.053943220053744	90.34037040376845	1
9.958690613682556	112.79449728703617	1
11.217618558208288	40.30381493982285	1
9.218408194896021	87.21666673799008	1
10.749702153490816	82.26523927230386	1
6.894269808979852	40.357710504044974	1
9.424111504739548	83.67382433365509	1
6.406070820054825	72.79137359059132	1
6.766101358271474	78.25574951772751	1
8.868627856873704	83.76527017672143	1
13.874737940607929	108.79739089117177	1
12.5803997543877	68.81334507135969	1
11.854013051082251	47.4673521807736	1
9.520778285716515	75.0688254859878	1
7.701873171827209	53.48760534155799	1
10.32012941399144	60.90124246962905	1
11.687455131356261	50.26043778637327	1
6.807765103339548	63.926658869243816	1
14.041827463634522	70.13104148451744	1
8.255345094014496	103.03371873617957	1
11.199289431444226	53.87918654902772	1
8.44954513100685	74.20207428370017	1
13.301093218315518	64.75009408150123	1
9.443576991785577	51.436494963072015	1
9.146894348703336	75.4037870956047	1
8.724014714576985	33.83796616971353	1
13.96372227903306	47.779134581808705	1
12.759475153424852	66.16468463513628	1
11.202434743129498	67.24744046511152	1
9.642004517529996	60.6380857793226	1
9.829406205166617	96.250736544296	1
10.420312524827846	48.9250764558065	1
11.977205993871815	61.54276623512429	1
8.475219110473187	82.2825944191959	1
11.192191076506164	74.4546207757315	1
11.082262114628007	56.09835603243852	1
10.127353505448369	65.38596285129506	1
12.265749832670245	63.08937891304144	1
8.319918063998905	71.4337185849274	1
9.31668605785178	36.4023821733896	1
7.78352998416122	76.63359144115448	1
10.11849506206063	70.85666978790928	1
9.883918015068453	48.71745199033761	1
12.855015616278981	66.78867312310145	1
10.125879704942523	49.09953360233696	1
8.600508278153173	56.4611661090139	1
8.51988478290738	92.04202921322705	1
11.333546871496829	65.45209319421875	1
7.971360175402568	62.67482425806764	1
8.172821164967816	50.74305129219299	1
9.123896315282284	55.23209569105288	1
7.633044829851133	71.04221838292487	1
9.993596904916611	92.30464519592412	1
16.036816031699686	52.965742422867834	1
8.151066805520703	61.36002925297484	1
12.189930645316052	29.93439989107302	1
9.689414842984847	65.35409425105539	1
11.742893146095852	77.57613049205946	1
7.8502060931627415	76.10262956584602	1
10.68511659292249	64.13061679882999	1
7.540571607993712	56.624175936638316	1
11.44920289648079	94.29227782039881	1
7.986158455031737	79.81481763520847	1
7.304513860618435	97.91343672760459	1
13.70812367696268	63.51439066106137	1
10.039209270652904	47.545553208084854	1
11.573450510868597	91.69715526060114	1
10.799123677655729	30.593167163226923	1
12.585338972954617	50.2282337014845	1
10.000539828045182	62.73286897600014	1
9.579749438875858	93.91370260959141	1
11.581558099924461	72.1907372161707	1
10.825187370475847	60.59682223353243	1
8.689445836018733	108.86681175204345	1
11.565126976456298	26.929083017559996	1
10.051993098471765	81.48898972329307	1
10.343599925271239	73.81488234810067	1
8.725323933000436	52.25584270482199	1
8.228806777026485	57.636648057558105	1
7.240975642933611	67.01469005849974	1
11.436836124317306	126.82606021929774	1
11.223226726094875	57.69218122671302	1
8.736634486628995	96.77541343635855	1
11.90724137079207	79.63376861573975	1
9.996868079262526	30.384791961928073	1
8.897905516124887	52.068490780131995	1
12.527560129900994	92.11057438137755	1
10.674412785501872	64.08994500479562	1
7.928375061250307	67.06658692303003	1
9.574157275732254	52.64339104196976	1
9.41510504439692	59.69860408113104	1
7.924329893491061	38.41383687566948	1
8.016300234260353	22.917305521695617	1
9.561928961373274	76.36011106129153	1
13.329696900504363	87.22688955243065	1
5.9044358004789395	46.69930174333731	1
12.104842674336894	66.5737539705287	1
7.109838843587596	103.09276755847557	1
10.888151895012518	80.81532580979606	1
7.563072254929884	40.25695653297106	1
8.535957444752816	38.95025976687524	1
12.542271908034309	109.3599696947044	1
9.21239791697658	75.03727409014496	1
8.034620957077511	63.10420567204445	1
7.430943823159046	47.10643957506616	1
12.284428064857401	82.89100961486274	1
7.34906163672704	85.01730643360871	1
12.249629353450517	67.16573648766476	1
11.220183286896164	50.01735670864899	1
10.540465342676582	94.3961222993555	1
7.396210210961354	65.41084595012101	1
12.511012887611814	78.73678221531391	1
12.184036821893065	83.65994680970513	1
11.176657502617207	82.80998677287762	1
11.939795827700927	66.2628409604691	1
9.093634898448204	68.63273075058792	1
10.25817634912921	65.74343245935822	1
9.86482363522706	65.04908558567975	1
13.06354986632375	46.55753387947337	1
9.101494112050785	70.08879779165966	1
10.433050886712069	66.52934616736749	1
13.013841115092081	49.030237162593664	1
8.114483405901899	72.62647592114227	1
5.613770085055889	74.3927218809619	1
9.378570529320315	46.60019105022084	1
9.67172933737727	116.64195385833926	1
6.8763165537397555	77.47454634130322	1
8.698490064806851	74.53469681444518	1
8.864745128649815	120.74572457428589	1
11.119788185758631	78.75259093850623	1
9.979436094364571	74.88631688836611	1
5.416026292221226	80.2590429339408	1
10.809833893885145	99.14714968258173	1
6.622631686252896	66.59107112995491	1
5.654323120587329	48.80461740787551	1
10.820656495158325	59.82683018880561	1
13.543783197737243	76.0742214854322	1
10.993223590493667	67.61260065217901	1
7.973204595650843	67.66974339261729	1
10.542093108810027	33.21086715695144	1
11.30663662525784	64.44293696099453	1
13.519167827395865	75.32041484732828	1
13.282030302236805	72.99242795017756	1
11.774297614265459	73.73432170839607	1
8.85905696166478	40.07974246366054	1
6.404696169062552	51.27366805940196	1
11.159551568186668	95.16227115996381	1
7.786229147906985	77.37083171352029	1
6.432058931712609	89.46187259329864	1
9.807272231422461	60.2070545491778	1
8.091433036424291	56.93588662452935	1
10.692843182666511	94.82541484444421	1
14.89785408651407	91.60353577358975	1
11.202877810808179	62.53710827189694	1
5.406973236685513	72.75535785206863	1
8.241749038510799	70.04174875937468	1
13.310246204631603	58.01675331112546	1
10.081023771720679	108.52287502690356	1
12.765394238671954	85.2546830531331	1
14.620424226094357	16.797962735030588	1
7.143312795956122	48.99790701726455	1
9.429339708997183	86.48935917853062	1
12.56659763748155	100.86117052392345	1
10.429249533591353	6.172297135743548	1
13.076761594471519	89.80583923129069	1
8.538034236677273	73.64358743895532	1
6.586344826490334	77.39554936811781	1
10.052730817360553	46.42174886117263	1
10.561598645055287	68.77224111780347	1
7.907874283459414	51.14910660273763	1
13.568325471809146	28.798113038860755	1
14.198994552856064	86.37910101499152	1
10.610777616264928	74.37866648909865	1
7.248266739860382	64.94975875527149	1
8.876868324186598	81.77256239649637	1
10.376332496931372	63.16114637136444	1
15.024798615905924	71.45181458877411	1
8.56618169770757	40.79937528198462	1
9.138169609749985	44.43440874428823	1
11.1223152006614	72.24389200962264	1
11.649834907085104	65.53345791524718	1
8.407640616024024	65.04313203135388	1
8.498942927318703	100.54409493739068	1
12.159816157332465	96.87708805437788	1
7.753835483205535	31.822848486601323	1
11.423927322534995	57.866924682306106	1
8.801172202730656	105.86215400295978	1
9.878427209841423	92.33816053549145	1
8.518395282432401	106.87999534704721	1
10.97119968619182	70.7879432964363	1
12.889737334044323	70.94235508700027	1
9.547431594847104	74.90887457612713	1
10.684875611193904	89.58860503899493	1
14.586995522514776	76.98082728388255	1
7.252974737683036	72.24812439106516	1
9.129003436060538	85.52416234922207	1
10.027797384246842	59.64000221456223	1
6.6198870266970165	30.59919702069667	1
6.661843659741048	42.85630564557843	1
8.59287111893487	83.10382310601963	1
8.197929935371398	66.78097423836024	1
8.16647716980575	70.34182239880086	1
8.199087320280723	49.08672023943038	1
9.713342267410527	50.81365661883105	1
14.100149015148583	102.3706506039972	1
10.43802071031159	67.58436373680904	1
10.054792140253642	52.932086407437865	1
10.165129007585941	32.12901880449054	1
12.243828834700192	40.82020179720189	1
12.104010391564081	99.04423003749699	1
10.339347485965018	80.29540210165977	1
12.101632645546742	48.08802928675974	1
9.90612705168484	97.01912103422819	1
9.52635404427318	48.83918672315467	1
6.3107286817453465	72.19642453812172	1
7.737291360677119	70.76687051897316	1
9.920870158517399	45.24458221177327	1
10.215719978814823	54.655121007574216	1
13.752036852537247	45.17628781408832	1
7.9743030766684555	57.789327645436316	1
11.638380606011447	76.13616745403709	1
9.114189926695243	83.49493125500467	1
10.491273020957026	76.16940409382698	1
8.028209108776965	47.85029841267177	1
7.449142387476414	77.68973561790027	1
5.307428748153886	43.381636615527015	1
12.026491231334942	86.65474283305436	1
12.389384182148984	54.74384043008651	1
9.562399048177992	36.75382093462463	1
9.36960917882967	59.89419563385617	1
7.366402886805496	68.59459816905289	1
11.35064935594736	81.65486064106614	1
9.05910016986109	69.83817218252331	1
9.545091253320779	66.65420849225758	1
11.212201292369034	61.23884546962234	1
10.14793086322543	64.57027599665568	1
11.347632294772554	90.63203304993081	1
7.441687908134705	77.12380092681042	1
8.721541120577262	83.15610392908428	1
13.080992302067784	99.14137613629705	1
8.411192125172942	73.61722904668	1
10.3671117531943	92.32001112829312	1
5.084012202226777	71.64577988413875	1
8.757192770706505	67.17901620072502	1
10.6518868453602	65.3359484622768	1
10.5201023562807	55.86143483631545	1
10.45229038756958	72.51579561598287	1
7.34752402536566	79.00542938268688	1
11.921452914903018	28.79219085446106	1
11.905893928058921	71.98206455307957	1
12.170911728524674	46.7020721236542	1
13.444758981684164	74.84605868051277	1
8.206797084616694	61.385908020407264	1
9.983330993887776	103.84787159364387	1
11.347484778649807	82.57050457801031	1
8.506441863494558	56.36603235992507	1
10.300505977017993	99.64715337774528	1
8.534838007297415	70.44178730671636	1
9.054964286203898	87.66746794495818	1
10.255214967605891	62.81503390245667	1
10.441044024352614	68.09925101780829	1
8.866747957606561	68.52812554999312	1
11.856323945403686	26.303504027849826	1
11.166125983821955	77.11070855653391	1
10.426740877340778	45.32730763834076	1
11.372776574987126	46.876733520557934	1
11.36178116323708	80.37575941192642	1
10.580686038149706	49.90482638044114	1
9.986567160413466	67.07241505962956	1
10.454761509893567	86.32916629869041	1
11.573634563734103	88.45015027702728	1
9.782016626406957	82.42752145212482	1
10.011272420001923	75.56733338044178	1
11.316562487617741	76.96113372778792	1
8.74276372573581	56.43034723064717	1
6.612355945143614	89.55451316440768	1
9.230645600593784	55.14099060805218	1
8.22209210821901	14.38387625321586	1
9.079812088164314	76.61820680839048	1
8.310420482063243	61.52085382858552	1
8.699162114075314	106.78237002765405	1
8.369611358033062	51.98399617295999	1
9.202249856364997	78.62859570527593	1
11.208445299091144	80.48886201534302	1
6.840780852261573	71.3818962622739	1
8.625467533911765	71.36131040596223	1
10.607876206828205	89.66457413061826	1
9.202220551834888	30.521967100250997	1
11.935490609723125	61.62695837862612	1
10.644127065934278	84.78316055079885	1
12.12730969023008	87.4768918099341	1
9.357188256746333	84.60352844445731	1
13.501513880505387	77.83145279051104	1
6.5046089838525845	75.79749751415451	1
7.569620564807101	94.1107218972542	1
7.961679689063636	31.592330901115425	1
11.26038997577142	76.30146331521057	1
9.168646613454474	38.05202153137326	1
10.02181343242447	72.87847356829717	1
10.080225897436287	58.969459537436514	1
10.801201331133027	105.21642549475517	1
8.8202643016798	87.8559062869648	1
8.611662154401875	76.21514622808826	1
11.008061265167294	79.4931712243603	1
10.424319729496881	76.18208506791179	1
8.314106778157432	42.13452383829403	1
8.7278822326645	80.53449453352178	1
10.92511098542558	71.80973785436937	1
6.083036312061901	90.94183634353395	1
11.528145566108176	93.48774308152525	1
7.020120663864134	23.238311050538584	1
4.984527395415257	90.85665303370374	1
9.87998116902631	52.53293786780175	1
5.541673941705484	54.14058986423396	1
8.942049970337122	67.6930760800672	1
10.015035089779495	80.20464323649514	1
8.107668122963407	66.94983508711589	1
6.800048065931516	90.38061974185914	1
11.253251689040992	89.88993429882645	1
10.233832731554523	103.60551802386833	1
6.337500547375084	62.76693874138097	1
9.884692118240823	81.92777688780006	1
12.055078252092947	64.7592271976003	1
10.348736007427101	59.482069271241464	1
12.718798903724222	40.76181853106606	1
6.042539404998951	44.87878332292205	1
9.050537563053789	94.51158582030371	1
11.091680803054096	105.92386253840857	1
8.012273272310717	87.80370890362528	1
11.295383487045612	56.208396039107846	1
11.33915499646748	61.60677704018137	1
10.164931770498706	83.78114417441128	1
8.474372155001832	54.15688042892518	1
7.256440689473356	50.625276473482906	1
10.04439155301192	84.17882092489157	1
9.32742512784171	48.010702514401956	1
8.176735669111611	78.02206593440413	1
8.255286587446173	106.68796945239201	1
9.888381871570887	57.20466577059503	1
6.40996308912827	92.21645795352754	1
12.934691216043635	52.919953448085906	1
7.009788783816219	78.6024073130917	1
8.63680447779649	54.325528922538275	1
8.252516437475322	87.01875876452247	1
10.249709227106374	91.44714749177051	1
7.699012767671755	59.647637172622495	1
10.804465228648315	73.65972178435705	1
8.264923003015069	81.7954856767646	1
10.987870917980802	62.4992866012109	1
8.819756609577363	68.7043914096347	1
10.002180747390312	30.739970505053968	1
14.043895154651917	62.91727731997431	1
7.339587262214646	48.64415102730438	1
7.526216169535486	84.59060116682537	1
13.704070125559095	77.84175755161822	1
10.854291798716751	129.3018058348764	1
10.338210894616116	80.39435920616614	1
8.997671682452209	80.09003523262648	1
8.376180650444645	64.57897780992835	1
10.748633887794869	79.41240816461793	1
10.931943418007204	25.19555680966384	1
9.968173498022924	71.15974749530015	1
10.466983283918752	97.91803561472068	1
13.002172365287889	65.95299782348354	1
7.2603607794479075	50.96976755400749	1
5.279896759663971	76.31182853650874	1
15.559391527895858	99.17860923192833	1
7.470372390275772	88.09179999315285	1
10.23308899685703	58.79233425171856	1
10.989837974939995	49.81112932234738	1
12.030910968303413	49.87510690093731	1
11.682767856745867	77.5884252777206	1
10.894309871383827	88.94896028922084	1
11.338977893566536	33.966809224529484	1
11.36709426320431	35.802384880375435	1
7.232562988773477	73.83312619285495	1
9.157633208194019	92.48829405642753	1
12.845958814074791	91.40769282606273	1
9.552430477185288	80.5605039794223	1
7.75466818059616	50.58590026582928	1
7.881649873298819	79.77432005338358	1
9.418500575502895	55.14642938307304	1
8.525837719192772	72.14652879906629	1
10.995175990326787	95.02823737047804	1
7.605646931440315	36.25879133129083	1
8.89504262689386	58.84415953803783	1
11.352934285694687	66.49684934082923	1
11.307539861999713	46.30942232609146	1
9.365070778920943	64.44944514698997	1
7.429434619655745	108.57944430458565	1
8.012142362650739	103.68628894548863	1
9.362491857954184	123.15896709030017	1
8.3154490978711	60.60237766534652	1
14.701155597929896	87.04025824115277	1
6.444621899297255	72.24985509257304	1
14.280912282229227	86.51735527747368	1
10.067964824432355	76.07757159843601	1
10.909347500571208	86.65616969761922	1
9.777640763948778	68.76024656210777	1
12.282501982186872	30.75338601665348	1
11.712876953918366	48.09257904690814	1
12.452095995237418	89.92049543470092	1
5.424619306307567	58.73308532796196	1
10.605865809732137	54.09726413485777	1
10.740136725238177	41.96774728697873	1
7.020316709888539	66.27249499420172	1
12.656419595840319	63.263127884455436	1
10.997360522898775	69.65511218599784	1
11.682214531284627	73.70389647644586	1
10.877740507872645	67.23797895734049	1
9.192623766231344	84.66451558486611	1
12.062250202387242	84.30704987937023	1
10.166090641048315	56.814262998345804	1
11.238106739906609	111.0383115498934	1
9.345932740002484	56.10768831044019	1
11.324347214206892	30.736785242344496	1
15.268627434439104	66.93801704164743	1
9.391306593118758	95.10678092731254	1
13.424690333700823	72.94068784307998	1
12.045349323227223	87.66981278871093	1
11.343157784613133	33.98208351314832	1
7.86198202584512	72.47630176342258	1
7.384150080962936	49.32445655616492	1
10.47586940501995	60.67199915144451	1
11.151241668771304	87.35532667152891	1
9.881913513696533	86.82503382064358	1
10.654822071478122	22.092832430228995	1
15.032760518491529	77.21909577944734	1
10.584234159732826	50.79437415665441	1
7.721841278073129	80.68337956189325	1
6.790515627141887	76.78429901916245	1
7.506260888930498	60.21442129132636	1
9.373097157685747	42.38659240728772	1
11.180374524197983	71.16656548890015	1
8.939836086479868	86.82185348436559	1
12.467175476786197	73.97572020756061	1
10.750108253280471	62.8912081733495	1
11.043809500230847	78.47064346159807	1
8.122388247786864	70.75415842174745	1
10.185972532267561	96.52248674601294	1
10.725598295498243	79.98290165699729	1
5.671665319787219	98.58793304117258	1
8.586956728359645	-11.13462989290197	1
11.700071000885735	65.44728236851026	1
13.132601453452686	83.07295412873329	1
9.739300164658623	70.68858161597699	1
8.934266225126166	86.74167388844045	1
12.998146943408516	57.32705131876003	1
13.712319207517126	87.09110242439675	1
10.936937098822263	60.37106645833539	1
9.186064884180226	80.31992154986683	1
10.454203734119773	49.37561243780007	1
13.330982778419362	86.60532403238318	1
11.242172472249456	89.69274972234899	1
11.540745989263113	72.88528752805318	1
11.135139062456268	112.64041439018578	1
10.086125769062342	40.57259945482877	1
11.543099217227049	42.646331984399396	1
9.454335072868318	73.45674475258203	1
12.290918394016582	69.87028882899494	1
5.063736571868313	91.77939231441442	1
13.661199067123158	60.51561160627682	1
13.715773817248238	79.2417188378582	1
9.3001427304797	90.5150704792621	1
9.864970737749438	102.48045414571209	1
9.142172566807337	65.23876383902166	1
6.011299281686034	92.85046660610493	1
11.590151798441097	55.10550588819535	1
8.49826441424328	64.26556521883842	1
6.387160454918222	108.1434077490841	1
10.01821635786335	75.79344489304697	1
7.635368255905563	56.53181922548731	1
11.118564005193306	82.99006635133595	1
10.97784713431794	93.04290131819907	1
8.414672272636391	77.1374603993591	1
10.79818147219061	75.581745208426	1
14.240536486874056	75.31369887573192	1
10.70641424098936	72.11774875630567	1
11.287819804167023	32.66721068982888	1
10.77493843104195	62.91698931046081	1
15.357084340422784	96.85196142774888	1
11.908860630474928	80.18831062717288	1
8.69409149680078	83.38903482654436	1
8.662934691330184	68.89795533535684	1
11.742771723424035	74.79504712480032	1
12.036551922867815	77.50758045783485	1
9.662138875970149	95.87466320272709	1
10.078952870675497	110.44931602334856	1
8.917178472608166	88.56383113062496	1
8.76783777223804	69.32606057872678	1
8.488180780790328	87.09503151989334	1
8.987358660528173	92.22424121929761	1
13.022156551917366	44.51325380660222	1
9.839805355744934	55.99442251845472	1
9.944299139474133	34.783814820254236	1
12.114563257847266	79.68178481423574	1
8.526506675400768	71.26303046852031	1
9.786824382296388	89.80822131463401	1
11.819170112084164	89.99642865760919	1
11.865171475637286	82.51200455004347	1
11.803908795608294	66.3446743874149	1
13.58364001175454	75.29753833379975	1
12.379323674032086	100.64521119835247	1
9.81542006631485	93.08398024968704	1
10.56472242868141	57.74693105435316	1
9.9003505531773	98.4138901734497	1
11.307682034860148	75.01728809510938	1
13.175086173486756	48.74584488695355	1
15.741842568002305	58.59054706404809	1
8.680193051530873	61.31222774804932	1
12.793723815681515	65.58511308149353	1
9.470292168321219	68.58366217101442	1
10.747562522881516	86.68505605962687	1
9.153349311387615	87.47365909809835	1
10.87967070276331	40.86335066257713	1
11.080054446322965	67.69712819125236	1
12.182984525157671	65.6402678768365	1
7.8248055893522945	117.04352835176431	1
8.119589267094815	67.80830219264875	1
8.944350918806835	64.76326180861628	1
10.35750605235878	88.07415884526263	1
6.378817968870989	29.79181800308023	1
11.824831679640337	100.20577652608097	1
10.685015563570687	50.59553168750166	1
10.204733487899897	92.34782326671186	1
11.355535583717304	77.31220338316646	1
12.970360759968582	50.20214958715229	1
12.020985158423263	89.24430837914304	1
11.484230147964261	64.55786387233296	1
10.580470538990264	63.25766416901911	1
9.619822446267783	70.05931638368801	1
8.401735040472781	107.49140541222683	1
7.19451130799251	74.88466596634791	1
9.552170098051219	72.06024338556188	1
11.298076087965907	64.72421325574169	1
6.124657692196752	59.817273179000296	1
10.019645441554676	77.10170642704665	1
10.805609852289994	45.67992101888151	1
5.851582964907188	60.326718643454704	1
11.92289950561847	56.43998933227137	1
8.90302410087474	45.67533050772925	1
10.02587997018827	81.13053942528198	1
12.240284850527711	123.31367749300134	1
10.54444278325294	62.24279822570424	1
6.583333555539378	67.96486876307006	1
10.206850754389466	69.46642898140013	1
8.112200670561512	77.06533825315886	1
12.087761757085492	112.06762251417842	1
10.31547769403079	33.50419128010294	1
10.084599528447876	37.43411012032421	1
6.668380088221744	58.36283447638863	1
9.337393457682948	24.754646005188825	1
12.047437904574565	92.04701496441317	1
7.986384944636708	38.939360949645874	1
8.924469394418933	123.93901939373177	1
11.078448325180526	74.70342088148855	1
9.449704177285387	98.4192629135077	1
9.534382370326897	80.46330484383282	1
11.166061054630273	65.38651505916087	1
7.794755273866498	31.861227902802305	1
11.898098731872423	84.30157669704747	1
9.914675563225279	95.69907952767909	1
8.280312948780502	38.46758751939156	1
10.668035902779701	42.29567133590224	1
11.91986501848519	102.65768900643411	1
8.429826245075837	116.82032642929599	1
15.230855644091587	61.991038201082795	1
11.552663098409674	40.00774321143924	1
8.896344546843203	118.98348998964437	1
7.549653770655449	47.68505728100463	1
12.669477432463584	64.81407839166775	1
14.812545875630075	96.33250600649657	1
9.015780410078406	66.66260093345382	1
11.359690590127205	14.85961311766522	1
8.789736720835938	75.61020654529291	1
11.853611133581875	84.65079140798571	1
6.067969007223543	77.2118571805649	1
10.713634868323746	77.12291182920502	1
11.555554180354466	89.03739213126954	1
12.461527677160474	101.78594733313	1
8.548204641549011	51.44287761118636	1
11.729807139862405	69.06509741221804	1
11.664090201148664	49.74042144326282	1
11.665985859974276	45.01845588121459	1
10.82552928750173	28.214405070265222	1
10.78521598436316	91.64238181600199	1
6.032639088175355	61.37154654954141	1
9.054154233105717	32.134032920022314	1
9.48509317941705	68.59035518595094	1
13.897702870294705	54.60752314222948	1
9.526690877659297	95.76179117395154	1
9.552863411045138	39.13079444620278	1
10.705180829208604	70.07756813215943	1
11.554969389265965	96.81510409771738	1
11.222783073962757	26.92593970704526	1
9.13859117732857	97.17802656094541	1
12.06535172756816	79.78143727517883	1
9.263015089740879	65.38906455447008	1
11.07665744771146	96.40870941298084	1
13.113085400019674	81.27587201920977	1
7.42910763330711	77.22623313430779	1
10.19001569294956	77.1499914995635	1
10.545379816824006	48.19268173156857	1
8.173627530813562	36.12731321407924	1
10.949296629253274	70.46421857338339	1
11.45220450477143	69.02559119625376	1
8.580169444685186	65.61474820710465	1
12.315731755994799	88.87483627924732	1
10.59770450716779	79.84658317876894	1
10.7112907036463	62.53614689851939	1
9.931234650369401	88.35859395737909	1
11.498682250738685	56.990987166998025	1
9.586407097966745	78.31025192674574	1
10.913989917448136	67.04303270573507	1
8.713248005086394	67.46847028525944	1
9.48642588928581	75.16575016896998	1
8.621421067514282	99.6259667293656	1
11.507778429788459	60.462694080205736	1
11.496519915389735	49.41551478200353	1
9.372646036654714	28.12740784878055	1
10.441146307644146	35.81123556576161	1
8.992406255334613	57.94438959114786	1
10.857793784237401	56.38834001664911	1
11.987445472470808	68.1212631537344	1
10.888819998202159	110.38779125485786	1
12.304309987545697	74.00578584856709	1
11.938981757952845	76.09269036275059	1
9.553000407286493	31.08499532125041	1
8.04744119512681	80.24261909365154	1
12.243474918978464	51.68865343072527	1
12.305985581527567	21.898582650236335	1
13.16473485876563	68.26354450119202	1
8.520806203876242	87.1106296751247	1
10.456148014270035	48.26252877191421	1
8.125548461961749	92.70460774102187	1
8.226232558063177	66.67625450182577	1
9.047282698411387	40.988429204845005	1
7.470163416394131	73.37162859256688	1
11.107297942569831	94.8288532431067	1
12.787019193795967	43.48916224543421	1
14.871831323967966	91.64788080276213	1
13.118735175667123	67.8234933957468	1
11.65209908990535	68.01218737863637	1
10.548482790137792	65.23071781052984	1
10.940684060251652	67.99837696652764	1
9.54130240027666	58.08151934954647	1
11.155789301922642	47.73706124686258	1
10.383203230084169	37.570984536619086	1
6.769344805134693	47.40280227158043	1
13.02578294264409	51.41282356308288	1
10.760316402702573	74.5388620057762	1
6.502590353146051	78.64314336685851	1
10.881873246473425	71.97913809276282	1
8.554423552852732	57.301070445355165	1
7.063227949829055	59.19583178142408	1
8.33275262570776	102.91244984791179	1
9.141271107981176	85.4066878028325	1
7.754677891505958	69.18371557712565	1
10.391978143029117	81.88000127607282	1
11.797592916370736	79.6391517968679	1
13.516191396027367	65.0735662675384	1
8.442185742396099	67.4897803756521	1
10.194362955451437	84.74215356545146	1
7.319491384615875	54.14415885082492	1
10.2167031134576	72.0083478971758	1
11.79100074395043	72.50657143208822	1
10.133242304754694	76.08067278943315	1
10.685241053204674	72.07714445682161	1
6.805685252070035	70.11566305332238	1
7.514667742658676	51.59482249132058	1
12.328826518680737	63.61048424288839	1
9.24000306176689	64.48091254799807	1
10.646128039820226	60.5700975846424	1
10.665469130083386	68.03068851707282	1
7.983120253693307	53.42744200276991	1
9.912538503897304	47.46226272085817	1
8.738914673762226	36.57687614384389	1
12.002122216170749	65.44908686303076	1
11.69892285160359	50.4474905176307	1
11.483183545438186	98.72085308945232	1
10.164942379656729	63.73969849689775	1
5.974078331853552	86.77882035781522	1
11.850946696175837	87.70920241596833	1
9.024073177491324	100.14812612244032	1
7.797301625543309	76.66383819163846	1
11.026404312341075	93.40820881608272	1
6.420619497859452	56.31379928345817	1
9.376025722026592	56.10974302515957	1
11.816488055872592	54.32572594666348	1
7.998001673854237	65.19038969522846	1
9.139744353836996	43.816437618144924	1
7.703928320213757	70.18137750773377	1
13.177516479906064	35.18922975628872	1
11.358208900501669	29.1158842534753	1
13.722147893229979	75.07095423013102	1
9.841345267464941	97.25654205837462	1
7.505237045034525	41.977535581847384	1
9.262947924700972	68.73230550782968	1
12.060143943296275	80.97779018966946	1
10.026141216787417	87.39587308379959	1
11.153744006415506	44.55938794576818	1
9.868604060983818	84.40577021189011	1
9.423981102381518	53.92102001882705	1
8.834365399936893	76.44599456474184	1
9.031479897635599	58.572840472749625	1
8.33532254035725	66.29470853945179	1
7.435789369618374	76.40918264309057	1
8.469063145928683	85.22189769866698	1
10.142360009718026	76.13995656243155	1
8.90407970007222	77.81246143531496	1
8.975398346152328	42.67070496357026	1
11.198339903956764	62.94477981700577	1
8.362226693734527	44.455617187067375	1
9.013808415499314	79.24230174224965	1
8.447503298491927	68.65029763046121	1
11.14706459052846	101.2482744345221	1
7.012097813035615	83.35199581418135	1
9.77596471942964	56.44449314992289	1
12.140080193042945	60.988750503139954	1
11.024564221018675	38.3051872269572	1
10.349248321391338	77.75642734246107	1
10.161971167987021	82.94432094650855	1
9.902556487292923	99.98624283333241	1
8.180477731920911	65.20829185967068	1
9.162209477528371	87.67242970572273	1
12.004695802439812	63.74497843635961	1
8.693338296201887	82.83288014810523	1
13.160482237352667	73.01555961289732	1
11.058390010282547	63.2103708283796	1
9.540237585730067	51.13354687571349	1
7.39187970610168	88.21207514256685	1
8.894380673420411	77.37040306058309	1
9.239202843305629	66.19264387166025	1
7.693020844685366	65.7413005947731	1
12.72538234912804	84.96793043258155	1
8.484129817374123	36.561619020325274	1
7.42652837569393	69.1710727667079	1
12.01433459128685	65.84743876571768	1
10.431957057925809	56.96298909024725	1
6.224887158152715	60.79568567725396	1
8.742609965558827	71.2712223568788	1
10.523324131653808	70.52543786525399	1
10.101192588769413	82.37662920719083	1
9.586650986152415	91.01242554016468	1
11.50997766550049	92.63760569095612	1
11.02380769795942	71.3377357700975	1
11.250618245862354	61.90056002661891	1
7.883857705391367	56.99686385289376	1
10.789424405284752	55.28735543056082	1
10.67888445832162	73.16434142535459	1
9.248831479913722	86.55983568557726	1
8.953079547140785	66.9217486450982	1
11.595121406225456	79.98325712893786	1
6.867725929713807	56.23619703365931	1
9.818976649692612	56.55420087989269	1
10.97802741110727	27.27667371828025	1
9.053962517726806	68.46256785974987	1
11.814428554201799	45.49849895392606	1
10.650069902465853	89.34408477948327	1
8.87607139876843	50.53498858051488	1
11.28838286172425	55.72914658373729	1
8.589837874372657	48.40018056496564	1
7.179205022917971	45.581910399030505	1
5.5678127989824295	81.55542433824594	1
11.922396835153924	43.94516846416483	1
8.490215951388231	91.53188309328236	1
11.595238446269146	108.00430015376642	1
9.361873986237002	82.3656957041904	1
8.681600276922067	90.43148492488005	1
9.882885160927813	42.01891448106868	1
9.845313242313795	80.61281290722852	1
9.49818478375257	63.26000329728748	1
4.864535143981865	51.481444987394255	1
11.041696197715822	30.198833100447445	1
8.261326669607122	41.10471534722477	1
7.979011693132327	71.37184452005678	1
10.203782389597837	60.3630516230931	1
9.66572090162193	71.53084448566543	1
16.028543842580852	52.4123994577738	1
11.668479022029473	65.60211044360076	1
9.76339443996168	50.73942009470203	1
12.428784622057808	72.97685893006619	1
10.885677688002618	71.29817676100161	1
9.445652595729861	92.91443271719618	1
8.242292467269973	53.216148788122595	1
8.602566962941916	92.3243166058536	1
7.396257363213353	77.47746359373689	1
8.006575464442708	15.434640535300886	1
7.509213114257163	86.9280391398157	1
8.507903967830996	50.48012511817996	1
9.678339637493098	77.87474912050781	1
8.332481729318207	51.19334330909182	1
8.854259365744085	95.74378826252192	1
7.994614976765853	58.94570096080074	1
12.10129289051714	74.42923874014397	1
9.00152921355339	98.78842881053278	1
7.230565878647237	70.29197606831035	1
9.939182991806467	39.268497663817605	1
10.551818497079797	75.92183445911768	1
10.292439084677774	64.88907597382824	1
10.75138977560051	19.66545251940191	1
9.930853687318159	69.03462449256057	1
8.129473884168199	62.75790413540216	1
10.578957098090477	36.84192218478878	1
7.990945497482676	70.67793518010274	1
11.105698062038435	31.153579783053416	1
7.400852878462903	89.51807192882868	1
11.477237258157048	66.88126276276951	1
10.22859002223226	60.33336596437963	1
13.324207162581807	60.96776221837307	1
9.568366779661462	96.05287962845156	1
7.973327705065515	28.54798194033941	1
13.219374378512041	40.16575815569395	1
10.046335990230263	62.409359917777664	1
8.301170482740014	98.92597802465563	1
8.698036574590406	70.84055207883445	1
7.220822488883802	107.72847817173759	1
12.741669922690498	79.2748363563708	1
7.901679619808071	63.6051887629235	1
10.519167220709027	63.99800855781089	1
7.83062640694056	24.214417956701276	1
11.680643868519043	58.101495043470024	1
8.497581662219183	94.8588878883525	1
7.830719437565882	35.80205696435926	1
8.300111638995883	34.422059126502646	1
10.96000828087414	36.94703315658563	1
9.383953345150447	65.54467049612981	1
11.00705020115732	44.688031934668714	1
12.978174153585464	36.779794894712204	1
11.237008887183773	60.236170487947696	1
7.128494275947988	52.73533705640391	1
11.227573137915043	65.46645399417916	1
11.52939746142722	76.67851140783559	1
10.066511516304427	48.718157059725606	1
8.957595075663303	53.268752270271385	1
8.290629422927951	114.82418703662798	1
8.71418583623948	51.34764792065814	1
9.887699094350623	74.50923742349418	1
10.450661442350269	52.37219521154534	1
11.090075560776945	94.78239967545815	1
10.936723210951774	48.10896767909952	1
12.12912852577449	42.95582284377952	1
7.935630855063879	39.9990295392868	1
9.889912993156695	53.08570822961004	1
8.31433041912657	60.62249320601409	1
8.31807996639776	71.81602580403622	1
7.0412215057721195	76.99602133196512	1
10.410371598972937	76.89657939165795	1
7.2101178886345085	107.35188708654344	1
6.898701691213292	24.608629862531842	1
10.925817183526478	50.5904642522147	1
10.216685653547458	65.54714131231424	1
11.777107290738497	67.27083715570544	1
12.21564727672763	66.59291637244779	1
8.834374681581872	23.28967163453985	1
10.411225104308608	96.43348320368509	1
10.0587424895676	86.30115795376918	1
10.9861760636416	56.282959198420166	1
7.982177356214231	68.24152963877569	1
6.837359713901677	71.77464087127147	1
8.72034826018188	110.60846635138853	1
8.383900695379133	57.95511389496688	1
14.248865339762887	82.10234940908785	1
9.583039879118012	92.29191209488678	1
13.752071798868572	76.38435581206691	1
8.34942404268412	97.7590236756387	1
11.596668966345845	72.10480685028607	1
11.260286367451743	50.609718283036386	1
9.237948440910527	44.19832506906796	1
7.819742000633314	82.72462357032794	1
11.201309074771046	38.81450979722635	1
12.960680765964376	60.72016811044395	1
8.237499079582712	80.88460259913265	1
11.46337524374016	61.51424824072075	1
6.74926147251335	115.25533986610526	1
8.565581856685041	56.86643169848715	1
5.63024906804516	84.02362260593853	1
11.456105733667961	68.40454553743633	1
5.930199024682922	98.09416133044522	1
11.794244353137609	83.88866384722004	1
5.669288992912051	94.52676025674856	1
5.948257937106822	36.339312499651506	1
8.860818934844406	74.35341793733025	1
11.074710167702102	64.13781571640247	1
6.385212922416977	82.03559113466949	1
11.313569314584772	29.82346487598913	1
9.7236293195241	60.811512473731334	1
8.954066183092964	102.32014356438899	1
9.173411210921216	88.10401428231773	1
9.951960692452698	103.59377697822279	1
11.092852675196301	57.530238790694895	1
7.787794451570011	55.39031213140825	1
10.87472241347049	59.476413566646116	1
7.770729008480419	78.41990138921237	1
7.823509145398688	93.56396323581843	1
12.26828044838635	59.10810100956033	1
8.288652687838475	66.55943890155672	1
11.35672786461441	87.36467437251358	1
11.838762100967633	121.91103833963794	1
9.852776271783755	76.80969430398665	1
10.743067764860106	77.31799112713203	1
9.811079567590882	38.61238631878777	1
8.325596207826873	46.359367046798816	1
8.4230390558371	64.39147147263773	1
6.922938042855948	76.34708012967177	1
7.905704743007087	73.86260366687762	1
9.463477037936247	59.58376788012704	1
9.11540793235573	85.3719972607378	1
11.55078031154909	70.07363204088905	1
10.589217330410596	74.70399116086588	1
9.952010594859223	60.80334801730867	1
10.023297821825995	51.144116725739764	1
10.875902547783882	60.17212934150109	1
7.172763380767391	45.703460339780236	1
7.397552744328095	95.22048136023919	1
7.985839263526881	76.62759965128123	1
8.382448218345951	51.856672918333004	1
8.25030808200078	45.6922058105197	1
8.989474954664544	62.375536578161636	1
10.158308215906969	53.22851734084786	1
7.492299714611211	54.35330083138206	1
11.244742958564629	94.86712352733049	1
11.41271393098823	49.81978565629845	1
7.827524273053898	88.53318466765299	1
9.300499214559498	78.9243714928086	1
7.867651365848656	75.17823009411492	1
7.21553659805652	59.921782615227364	1
9.93780444873714	68.4520799598783	1
10.124022556018986	46.202503831678584	1
10.317095641197229	83.31304893307032	1
9.459048868486214	111.10423336988146	1
11.790444505042961	84.49547244757096	1
11.326986185630446	119.56864097952408	1
10.745121791016746	75.522577226991	1
7.36457708113188	84.85466139502259	1
12.097640049985573	77.45833822277561	1
6.792707805470629	54.119292222048514	1
10.884122080057105	58.84176397254194	1
8.9397225221165	86.25722633913007	1
9.112190498858965	65.24030491385669	1
8.46546708764223	94.21483170726722	1
10.938349007702907	66.92367862667231	1
11.564763230487538	69.1317444859686	1
13.096461091851545	82.92048949574868	1
11.047745106333636	74.85867951023864	1
10.53153816901652	69.25103395016822	1
9.951069897629647	60.2597756076369	1
9.987071312007183	43.391650591866735	1
6.789684439054358	79.72415037713077	1
10.583208514427799	63.842788435433555	1
9.76918440277112	68.92485653566965	1
10.034012778233802	108.09630998774276	1
7.848406633748577	71.01140819048761	1
10.849362717963215	47.58611327490455	1
11.479759963233688	42.515867155863376	1
10.63760810859069	59.769731723196394	1
8.117422554762383	47.46761665359841	1
8.352494355187803	29.68643246238007	1
10.441647698783441	82.47925937124134	1
9.175440046697359	56.446856619873714	1
11.911486389161807	68.1123901265847	1
9.60911601260515	43.51023081008748	1
9.727563042816898	68.61153707686896	1
11.03419566755981	79.14820148346223	1
9.537606666370651	72.95605010048368	1
9.544525834041373	45.12192323200497	1
9.969904714100155	49.1035498426947	1
7.928400280015653	76.55786541406219	1
11.188856525040384	50.123677454891286	1
10.707242948605087	91.38432648603047	1
9.09943473437323	67.27711493293248	1
8.310552312686157	66.4962833038019	1
8.079103041759415	94.60098108405448	1
10.497794469562162	58.550417301951484	1
8.675279683407203	73.36239978707054	1
6.859420960654904	89.5701529279327	1
6.742332159872283	65.11094572903173	1
7.283731293756153	69.45574605289627	1
6.702792479065921	52.08599641642588	1
11.294225177438655	58.319797356744516	1
9.715721645768143	66.72487765691757	1
12.785997731942135	112.06081055361959	1
8.600070455821681	50.54207163882482	1
9.428577746279167	57.63974100473905	1
8.475422615613251	106.86319760691633	1
9.494702700360795	39.76460027976916	1
11.10531097003339	67.32344780723002	1
8.904431662556256	94.81842128727207	1
6.859455556969493	66.92824656829526	1
6.716227282979646	77.45407235419907	1
12.993753274251544	76.93058127635805	1
11.642418970924089	87.51560321258984	1
11.950858523243141	102.03518462146826	1
13.672939987620849	23.714873518124868	1
11.174573498297523	59.69029497932993	1
6.842148166157089	105.3299055140603	1
12.324965154008506	63.960540298820966	1
7.795077901675288	62.37322349126203	1
9.633322369070232	78.28041968050874	1
10.711082573889637	81.08965071623676	1
7.380164815040481	70.68359313795129	1
8.01898241251977	74.1813648805068	1
9.550681071007057	87.44009474954683	1
13.42400883719087	26.05023487528038	1
11.204429269178368	90.87856366974489	1
9.457274966250623	56.40645034427484	1
9.597848888363764	93.77686971487627	1
12.716827288895333	89.0269139058198	1
11.010824032574943	52.73568455928261	1
12.779508430918149	73.37335277944773	1
8.98032141445897	58.88157434092747	1
10.453556738803705	66.42961182438277	1
11.384621647612022	61.47893169535966	1
10.83579339017491	40.909650108212716	1
13.204068998671824	60.944501607595	1
11.500148213876772	57.87319397800667	1
10.950535271641993	126.80922248086421	1
13.632078766932047	63.65960332189076	1
10.442069784349224	65.94679867607049	1
7.412850696240611	84.81414163479117	1
3.972431871506882	66.68248369010188	1
9.499073886454626	40.04607526993387	1
8.380735851856187	76.57904188536592	1
6.14805730726626	56.831582793807655	1
12.205496632433338	75.1991499003096	1
9.449219744868653	71.06988675867784	1
6.388524319212154	38.97217878692537	1
10.647990903539938	51.90575522188918	1
8.344999268207639	51.862225714588234	1
11.846636191990818	109.98894982578777	1
10.33183836658891	91.5449305495861	1
12.323248880043081	91.01086885203037	1
10.018994720899958	64.38846537029703	1
13.013181444451945	50.63679226756909	1
7.609080858293861	99.8106706246296	1
11.479928014518997	89.78370883843407	1
12.569610481357245	63.719631702753745	1
7.473013500643486	56.233638571736776	1
8.615253764198892	86.83836864615759	1
7.953737479776594	103.87189239226274	1
9.257261736701183	64.81618131738135	1
8.620990943437793	86.69315579328817	1
10.633403237574353	48.26431188122936	1
8.93236137516422	69.39049356549226	1
7.388116966873113	89.27376199396784	1
11.640345372468204	5.0848881255960805	1
11.008785628497572	85.84409932417718	1
9.385305915873156	96.57420868266496	1
9.919137426138882	86.5597712969483	1
11.372541507895477	75.17994933563922	1
11.537349265902828	78.57815788428329	1
10.320340959655725	55.78207901854935	1
9.746604291003633	118.75776208609234	1
5.700473782608322	44.27916931144482	1
10.304393650852731	87.97988071545608	1
15.1438474473803	64.57008920377483	1
12.056993484829304	50.43936757560348	1
11.966331677991624	92.42870477974182	1
8.402024015419997	81.6284807865643	1
12.360413673823787	71.99035665857446	1
8.408932296426528	80.70647020917902	1
8.241430314867218	93.6645297186884	1
10.932911480432484	72.34972831121544	1
10.349943166160253	47.50116953233986	1
13.783654487000508	98.1458298778042	1
9.327029532018976	105.80365577931289	1
13.18254779428259	65.09186408177641	1
8.741314270032332	67.84709016862439	1
9.466558093212772	51.319938089956764	1
11.030954070043647	8.397900832169434	1
9.611912473390856	81.2390479876293	1
10.65220415882828	79.99169087017455	1
16.614480429303974	101.49348428090411	1
5.787239929577729	55.226351956636286	1
11.275291992745482	69.36736454336182	1
9.402447129254204	72.18894802533434	1
10.04934917328339	94.16840546274214	1
10.253980277911214	86.9410346826954	1
11.160755295784098	107.39054054053105	1
12.34304563588411	57.98477732496302	1
9.984729106145126	69.81936402626489	1
14.02577255924597	75.46972374753325	1
11.294278331931718	45.544948601597234	1
4.414883643085209	76.25542100981099	1
9.603328487179313	91.8998850282016	1
10.625154300188404	81.35435711042248	1
13.158428469405456	86.49510664585637	1
11.27424942486571	57.41586915592974	1
13.937001212644043	86.08379342458669	1
9.812239305933579	49.90508470431295	1
10.367497532518872	57.52335045443695	1
10.014746589632255	51.24007524667395	1
10.625090742612338	70.674018934331	1
4.984768661406198	89.93788885403299	1
8.32754838818261	73.19763064554856	1
10.777958771107269	76.88210941280163	1
9.472715877925705	25.67046384419023	1
13.128447987205561	92.95913392266465	1
9.631513960231654	77.72520644360728	1
10.591562956479466	71.82305147728572	1
13.683544090509203	81.8274976756693	1
14.614364418476663	80.1543080373314	1
12.066812224540367	89.49078003293045	1
9.971926477339778	43.61181408536507	1
10.792369572042013	54.27498443956079	1
10.185956298183916	38.759617020327106	1
12.97998270891875	103.44337559680528	1
11.066469605063102	88.44968998945355	1
9.764770928305861	98.8461697148546	1
7.466661302589892	29.63631212175852	1
4.113617168596818	36.534229952500176	1
8.503877793961657	88.0285934629926	1
12.930368034508783	66.09155284437698	1
11.110830291129805	62.19143157671442	1
9.17763660416297	86.98751447812413	1
8.324314107658676	42.83223016751996	1
9.076366941670205	31.341540532601627	1
9.230785555273599	52.97772872850479	1
6.129486421672645	47.55718952061793	1
8.338066408876882	68.99179234225137	1
9.434528510745233	47.449298996219426	1
9.806903396002024	44.986617327377495	1
8.62397141839137	38.21720836476354	1
6.9671703074468105	74.92214350111085	1
7.767278442204448	108.08494856584662	1
10.812434088782197	130.21222938693668	1
8.542838867025386	96.06158774607849	1
10.351903660948444	91.74236104681691	1
10.554403942441777	81.14570333485302	1
10.945362796030091	86.50847658281714	1
8.745015206610056	79.43438102009293	1
12.266526510091866	92.45855428224745	1
6.94504084457281	63.32467942411512	1
9.822577874000816	70.21174437073273	1
10.9626069223724	81.5239227247689	1
10.442568414182727	37.73344419110905	1
10.50713027689654	79.88885772324296	1
9.862693769356955	70.9798973164789	1
13.24166029452621	113.0495627592027	1
7.836519526411152	37.52882065184467	1
6.87598982312733	77.56997022507167	1
9.715269601550071	75.46662241099396	1
10.31256726725508	63.784092675180325	1
9.297037621056838	83.88104697960767	1
11.020456281367004	77.67400828814885	1
11.336051005583876	54.7452922387466	1
10.958120535806351	85.74700856765065	1
12.16752496166891	69.54317327078255	1
8.884974701844998	57.554761149220624	1
11.997653269656693	83.90018611122974	1
9.498436319786192	51.14977398777333	1
9.943991543672512	82.48012524700695	1
11.537093447885258	22.530293319035735	1
13.7803016400879	67.42563777190563	1
8.868250829870393	72.28221320114645	1
12.20803131005703	84.4973817571483	1
8.541294960264985	74.86260928635882	1
9.369106040203475	90.92027389526838	1
10.005169277929788	55.73916252204092	1
10.657768618792298	86.6816440975711	1
10.300855730662285	46.1397794066073	1
3.0185841701216827	78.99185852813821	1
8.603015200823357	70.49901262782438	1
11.569746898912282	53.55945371237932	1
7.388766165957751	83.24644572203891	1
9.475607458102354	46.47532907221231	1
9.052106490499547	83.61620105328628	1
11.895941780558639	82.72107584712927	1
11.97035138094456	96.3846085981846	1
10.072185500581446	74.20262742832263	1
8.833531877873863	84.64535584324858	1
8.083479411436382	82.7306654779902	1
9.432204847465364	42.00441950277528	1
10.268471178218386	70.32026782377477	1
10.321458306551683	60.71896589057641	1
12.561124735848836	47.81883314711823	1
7.300275495665616	67.52296351243325	1
8.554736157059057	54.369695600949484	1
11.156349669600738	75.06007839532874	1
10.405295872798183	49.800847192476084	1
9.839017093023337	81.43006523901421	1
9.62474938340983	65.6974728070767	1
10.500787879607842	106.5201917279341	1
7.171852007821631	77.44816922644864	1
10.976894641612551	70.47907725515257	1
11.100358337080927	78.99974258847763	1
9.359849252184407	78.49737217633519	1
7.939384916454497	54.180148068458536	1
11.812259571532781	29.09606016985279	1
12.851317272361676	78.81650100070601	1
6.126318823871782	54.55352838201126	1
10.929077587154168	81.47259884169999	1
8.040180782096565	80.84977478018112	1
10.358290234479036	67.83921825404285	1
8.078024317636268	52.889389026118394	1
12.953538664020423	49.72714094104273	1
10.777480060570472	87.36588266565116	1
10.37348390963228	66.61778917850202	1
12.870648523244485	62.81744684128789	1
7.98167220390189	59.02787270761266	1
12.003556100738484	70.40190697283901	1
11.280016337122586	66.05128782893608	1
7.649243290583819	32.34309646541255	1
11.451787435126166	88.26394958027942	1
8.376342460573706	31.40113903310492	1
12.688179713356764	54.6878969251977	1
8.651181383139878	84.79879247941267	1
10.537918343030828	79.90328376008881	1
11.43396547637287	57.18838559374783	1
10.276784702794313	70.0811093836762	1
8.812227927014474	56.638526856280535	1
8.05747691214999	83.25029029480193	1
10.723406789143649	64.44861190344997	1
7.646722923014948	104.62140087670986	1
10.392036446471927	21.884469078039935	1
10.77411287952096	57.18863843916319	1
8.817813488923978	104.01602716209301	1
6.978490889489921	60.530890905535294	1
12.51057753499102	65.44976921969501	1
9.646120139241908	61.551002432576695	1
8.815260237675759	88.79185223476014	1
10.767594096212271	91.28558119526237	1
10.437845508785726	68.02089806946606	1
14.664912042673961	87.20089317187532	1
12.842486676109015	35.6682428786882	1
4.972794385102719	68.99540670692869	1
8.961761674157044	60.35376453847613	1
11.523395620682614	60.86248677289694	1
6.3114262400294505	95.26005058029911	1
12.155019559921868	83.04012588408852	1
5.704098141121258	69.05941549494364	1
10.130397382560188	65.3824362441059	1
7.24713306210719	90.19645050140977	1
7.276190208584686	71.44817067324428	1
7.913342869249199	58.091839729750454	1
10.047649001325139	64.83846379725102	1
8.214339229986116	86.49222759657874	1
9.27480996109674	57.44239324552035	1
11.174419929795695	82.29361894430862	1
9.822456687643328	69.14485336914191	1
8.803337292097552	67.92008927639667	1
8.35869909644847	52.54008945984526	1
11.48619891060007	70.55892148206648	1
8.463053879940079	72.33726621755848	1
11.286248349487	79.13318923902816	1
11.29581493554699	61.188182250589904	1
9.631458826818303	62.916683024451316	1
11.675293595538482	60.207099089240856	1
10.116037786949756	79.11528743132185	1
12.54769812612695	61.9842603403853	1
9.836503283391748	65.34293277897024	1
7.601522371243599	58.96798330490407	1
9.359048136554275	38.61674402593209	1
3.0912930520302417	44.989286276189425	1
10.415782495585264	66.12606277988124	1
11.008541324551762	96.9843411770515	1
8.262811180102121	76.9842424061157	1
10.636455792851208	69.11525111461602	1
11.42907531516293	45.31058615204303	1
8.34024101247565	68.5285999976884	1
8.746657767137311	59.25170961071967	1
6.68223100366351	67.9945249109075	1
11.79248002462796	76.73795693467301	1
9.53807158666869	86.0212533123911	1
7.80668451032435	75.89224927868794	1
10.668392768945822	81.71652096772982	1
10.423000120758788	62.99136313238619	1
9.33872754279615	80.86196278226124	1
10.854391613506753	54.40977502951068	1
7.181820079535319	91.70599034983421	1
10.28773072773096	70.9613043330339	1
12.969285093556843	87.10460598977653	1
13.097924647948217	93.41540915113092	1
7.908826780280933	63.083052729049676	1
8.189297826932176	84.17884786854988	1
9.51092827780188	49.421104030106065	1
7.708850898746611	65.58011400813874	1
9.98503279056781	58.54032210258302	1
8.808688320523085	40.283075009692936	1
9.837753938860981	81.30478363919133	1
10.302105880141463	78.38214485841405	1
10.468729108420566	64.63999978175983	1
14.78860896335597	102.25086428877884	1
9.426994673282454	58.13245283057254	1
11.523170674797589	64.80435317540203	1
7.736142080550561	73.19353831175196	1
9.432936047348111	81.8072255461357	1
8.351034531243767	55.935885033761636	1
8.279412573095042	66.1763579240227	1
7.930335369243774	67.54622708827262	1
8.344824617021885	71.90121840652051	1
12.118436765860098	68.22309176300925	1
9.15276288304969	79.1098799294111	1
9.017127471800858	37.10235021428816	1
12.816926757555443	76.10709967024765	1
9.557847623449037	102.27950336008065	1
9.461841146588949	94.15013676730665	1
9.69068285448456	56.1040418287641	1
9.606531204068549	73.88871529502404	1
7.4968833105611035	80.93552382179814	1
9.873175399870826	88.84076053064032	1
9.42078903939085	66.22848431944814	1
7.567820445219869	86.88865717788869	1
11.427943719513742	83.52385645007088	1
6.31637973364137	46.88195125843848	1
12.400246266941993	86.27996470456905	1
9.864225448904943	88.35643677734967	1
6.509068814244625	66.81758013345205	1
9.08791211967186	34.0545572686796	1
11.123932020239636	23.74157495606981	1
14.08343288791917	90.78826669108247	1
9.731637852559462	58.78156988430507	1
8.811163351993551	88.75008742870229	1
10.47159750238802	71.6048091812288	1
9.75002345006871	41.45861662089314	1
9.127100004339441	58.03818298268515	1
11.71389204119736	77.33953150006772	1
9.295504287313559	92.45465446453994	1
8.423856920635565	59.8445473001923	1
6.859017802331114	84.39199205878685	1
15.07068768492499	54.839473804960264	1
7.782789787168374	70.97689124535538	1
11.603300558521521	55.99445947136355	1
10.96474776240637	63.48901895709524	1
9.24823906712677	32.84863452233732	1
8.755571674984171	90.30926891923058	1
8.74240079472176	54.897988873976175	1
8.666196689136589	47.23380387133358	1
8.055081154419764	70.918379718201	1
12.385465447457241	50.51339631290572	1
9.382773400460843	77.33705034553243	1
6.362562531584745	108.16677869124794	1
10.299708517012359	53.27934077908695	1
7.8766652923611	73.45567172661328	1
12.668834715878258	72.53852034564571	1
10.554026617036076	69.55225300175556	1
12.236790334681075	74.78349215179665	1
7.767791361833012	76.28568352184044	1
12.275498231262917	64.71968387105407	1
10.860590254302572	78.51790808536636	1
11.626127703437849	53.11182197770191	1
10.185691894504373	35.73756713222276	1
8.024512749878147	51.36256262151337	1
10.210714152714374	90.30618761654202	1
12.674514575217163	71.26687635142123	1
11.09544579838659	47.09114816829424	1
10.389626164124596	87.03961962414377	1
7.509719943204049	45.13388661085081	1
11.659456393574521	49.54093661588476	1
11.273494425743447	49.50899090842102	1
9.86472803668353	65.31897433077587	1
12.220804692371804	92.14795787580996	1
10.162488108256522	56.856667923140336	1
7.713470413638484	87.51435703467811	1
7.9893614558055885	34.39466870728559	1
10.490905065271095	83.37513072407339	1
12.524156952273959	92.19556378764878	1
8.759481467427037	91.16477704513389	1
10.12814423966278	32.57125758500271	1
9.553959611179053	68.99479079197074	1
8.70833180954537	35.98557699408633	1
6.500622494342703	84.5872993648867	1
11.869525981407099	102.4289379329725	1
12.640010561950595	72.44864378061081	1
11.048766997798454	23.73613545862267	1
5.599661823572521	105.57003662904079	1
7.780733068788983	61.96774041506676	1
11.088971601965858	84.19288959223796	1
13.949984834907431	55.75008806631031	1
9.383396542885377	87.07746527451286	1
11.835572198788096	78.52354195856968	1
10.788972964071899	54.21540588121704	1
11.245530230094548	88.45066675350608	1
10.790809195736909	71.98001493289205	1
10.927334103861245	71.46464912786165	1
12.777410394042283	75.99902450775052	1
12.107830264413174	44.92438379578231	1
7.48414351726455	78.1419894923809	1
9.656787068672122	42.0804159716791	1
6.109064271819916	67.36578129008514	1
11.861788990394368	58.54578912286017	1
11.04585383815656	85.23186520538337	1
10.96783687758669	49.69408919701942	1
10.93740137883568	76.28768768512614	1
7.345496292788112	91.48600617212719	1
10.53649223619154	70.1644534058851	1
8.999507717117558	113.17979551996103	1
13.02967343572841	72.83442374383353	1
8.857421083507237	95.90626715717912	1
10.637461837833136	73.06440955958612	1
5.428556633476962	78.5132465532484	1
9.448193972907555	77.9277642972286	1
11.50105750609282	58.927147947329956	1
10.664287712255362	51.05350075710028	1
7.988799896383691	43.94907483132226	1
8.459552060549393	80.6654411368458	1
8.648589157670713	27.975668282999884	1
8.352036959823426	83.90187938162192	1
9.52278604647925	97.1621435851782	1
10.55387675860261	85.67228113757464	1
11.128048991606478	100.52579870611743	1
11.947642289030622	78.50804853972608	1
9.731985176457668	115.88666695871369	1
12.219470800147889	37.70668132871778	1
10.719596352166882	33.68974748331519	1
11.527599337313553	98.2512612101806	1
12.35320283354384	63.816332312752124	1
9.677491472128148	46.38046662170861	1
10.741247504973833	50.75010693759791	1
11.189074286987609	72.6837883490805	1
12.96462556387364	64.86148211475071	1
10.677748150176262	54.138462101641004	1
7.389535332377269	76.26614569031591	1
8.743473176352838	49.37101653378032	1
10.527101602252523	91.87050451642398	1
10.429820739508479	102.57206038733295	1
10.326638972225329	60.74775090653208	1
12.543656056632914	91.37886064259564	1
14.071842060780003	85.00396373303832	1
12.189447931574907	101.81689694516692	1
12.74977401100405	40.91836027806393	1
7.834800119024344	91.91569195030375	1
14.358091058227696	85.44064712955411	1
12.172446197281346	32.448135027192194	1
11.879466445103839	68.32098893072536	1
13.389206289600963	71.71186151384943	1
10.598710592191802	61.306487291707526	1
9.530657515590084	74.445262555169	1
9.31310342396193	41.341256227604575	1
9.760384054411372	65.32823302989104	1
15.254787421119538	90.29008921450998	1
13.547313256170566	76.33225176854623	1
9.362842237805763	43.56457210449039	1
10.034073683568478	74.18911849448442	1
8.640598703686143	66.83509318854189	1
8.700549047163122	62.323542553350855	1
10.136177012607847	95.64256093906718	1
11.027743975905723	84.97616805938169	1
11.154841122488014	48.95445979697824	1
9.729020521873755	69.84543054533167	1
10.477053560261785	53.67734661470442	1
7.507411756150503	50.166280362493325	1
7.772117706524481	98.95735815951817	1
9.035721651570434	69.27109435324151	1
11.13542388558637	114.81535643495405	1
11.381895132933385	45.352391377847766	1
6.58927220215022	60.364961616597014	1
8.361221023404616	78.62505146931923	1
10.93437813232369	66.85719031697248	1
12.210231039643086	31.41496322957729	1
9.76357164463104	62.135751994043744	1
12.117137853598031	71.2045403839151	1
12.704842796361653	88.0919293373843	1
10.930382805102274	97.7174909792184	1
9.789094279744466	80.30205662021109	1
9.977133079860646	58.40506267508138	1
12.994076975038634	62.25197740655446	1
8.314123166205349	72.37572437600687	1
9.00868640923169	36.60302668242529	1
12.210279465589597	52.0175778668451	1
9.878829586315728	73.1458534730978	1
9.254578413283568	52.25267580403269	1
6.014824553027989	61.42242782694117	1
13.481291283978669	91.28947412535558	1
7.790506023852609	59.51014066373463	1
13.62207865976886	69.30471713174934	1
12.070223346073137	80.60474652890319	1
12.741228616939257	48.372998488958174	1
11.740615976252933	52.699315263367055	1
10.276789479345249	60.9042491851671	1
12.918267812327727	83.32813934098897	1
10.405297211558024	44.035956824433406	1
10.74852774994882	89.56088628156029	1
10.188611828191354	80.89307694714672	1
8.459940369990129	66.77499773713815	1
10.263378278641586	83.98375406671546	1
8.841254006247105	58.51022880767674	1
10.69054564736702	53.64489459975306	1
13.282823326495354	52.5210179576374	1
11.004619512148768	85.38743882663512	1
8.815676189329123	95.07478782186995	1
8.231801864929436	70.96295033249463	1
9.575334751978216	68.00056812171668	1
8.46967174682752	78.34517590740627	1
9.944788365187371	54.22572377188443	1
14.634160041669732	87.933699996335	1
8.527484441272454	59.05761626761922	1
8.882099033240399	60.35803639106547	1
6.973021138115286	66.2384094761177	1
9.19488862082534	77.15754829679624	1
8.174116893327712	79.01013619366327	1
9.4001085086935	78.4003691240709	1
11.052596684511606	43.39502233521145	1
10.1608682059655	41.747744101931154	1
13.415467111003135	40.570483290680855	1
12.819740631506559	79.53285219124619	1
11.776607227852239	28.450335304907014	1
11.064161874536163	59.375429552703686	1
10.138823892101843	73.3746863431439	1
8.787539762768182	76.82836095053331	1
10.73434411887734	43.652942056341104	1
12.273205125251778	62.22247110541538	1
6.0786864862202155	104.73713493461702	1
15.330631389259672	82.49342743170803	1
11.100637762175518	54.389796460256	1
12.747704337927505	89.53632435596917	1
8.435390565232517	86.07668164015104	1
9.480640356101963	78.30052014804053	1
10.415334081436981	56.6877779963649	1
10.501212481283382	92.07941855405306	1
9.275525983894434	58.51282819656454	1
9.52917277179467	76.34361244591543	1
10.441271304612698	74.25751876169396	1
15.923768554909698	103.7443828944361	1
12.053296344527986	87.80551674245214	1
8.178982886157238	83.54323916727361	1
7.717297152102772	54.54050134022087	1
11.312861445650679	54.978211507832526	1
15.225212338625049	78.88699214962863	1
15.526621508965142	78.64855283140162	1
6.200202549654341	93.19104283563618	1
10.089094862657541	49.25483322181268	1
11.702975566399246	57.479711422653594	1
8.835759143601205	73.53672294034702	1
9.488741421459277	48.45803309805426	1
10.74106952494535	72.85170350061611	1
11.509689317036353	52.78274686070232	1
9.242153643379591	81.86780525268927	1
9.867082803413235	82.17065642983123	1
10.437520464798155	97.91890732141171	1
11.072464071107724	100.21356668476217	1
8.912574058313117	73.21644062893749	1
14.712107068295527	64.40705973352499	1
14.207123486697517	72.59097590637472	1
10.652928121588701	68.25842311231403	1
10.094823352915892	86.70306121653317	1
11.304434050789373	77.77458037085324	1
7.732303232916827	55.42394845463869	1
8.447894818171106	76.69019919028433	1
8.521138729778	94.46846148378071	1
9.62487424471535	83.55526257193894	1
9.273383212069604	64.7858320571782	1
9.053241191255228	47.85793511425247	1
5.631249529305894	121.13182621438672	1
10.131007946334739	77.66005423937165	1
10.710683338082104	46.06935346923389	1
13.071328377194213	71.09482607246711	1
7.966428462778001	94.8640866947204	1
8.235003942803052	49.863776564513614	1
8.535514912648619	62.06939381761382	1
11.303481669978018	79.83962200611239	1
6.935602852966399	59.384341147884165	1
10.301635663756613	29.347064283040694	1
12.20834176232023	97.47201851120832	1
10.421391911114293	43.423322537246506	1
11.137903128715553	68.70750444851767	1
7.870675115601614	65.51904802347015	1
11.585523367692755	45.983070080737505	1
8.235126458719634	69.92617931607545	1
9.49322317197467	86.10055512941777	1
10.039063147159732	108.73319524842344	1
13.831349008108976	74.45283188737501	1
12.641219540252813	80.10963854081342	1
5.306892549749243	108.66753889496174	1
9.068715995217076	61.54183811311613	1
9.374192124397396	91.09897462142271	1
11.810670981941612	123.91773328626957	1
10.084880017646901	87.67721537472238	1
10.482727233071671	62.612971426144654	1
8.018075042722636	65.88745246523072	1
11.822562386240195	87.88533913048367	1
5.225403676414508	39.346253611613676	1
12.298221536803556	62.951518275999916	1
13.271791476513247	54.852281183295574	1
7.399321558552924	26.347273874273903	1
11.246681920526255	79.0035054756582	1
8.800623983837884	98.62353703375311	1
9.611828893740146	67.3072115749608	1
9.14844528191489	102.73924709144023	1
8.59812881010447	89.05267179620498	1
8.389955317897215	54.17117934730369	1
11.438390637668997	55.976956834058555	1
8.811124291636132	67.9306277475785	1
10.817676543592562	105.94971212345561	1
7.3622743059987155	78.33580201563129	1
6.959527064712171	41.95894047946018	1
10.006596161727556	83.46527142515808	1
12.073036241488794	122.2832098850877	1
9.935999994531121	77.40122170639401	1
11.190832702346382	73.35492370895173	1
11.679056987362463	83.77727662729905	1
8.135773930045563	85.37837525697675	1
9.978457037061906	55.00340381796475	1
12.59142941877191	45.60602080966473	1
6.7819739330912885	80.23227872826789	1
10.100309901397623	56.74028357414634	1
14.204292831975863	74.74481791715995	1
10.06298260447582	66.51872758277106	1
14.552979607719557	35.926558911788064	1
13.497099387380421	82.44100261505429	1
7.896967863578245	75.57508961380596	1
11.749273153392384	86.67071212443841	1
9.207990653103863	83.55536127597871	1
13.182607785803189	109.01599398792139	1
10.442806396754763	99.20476450652939	1
7.902403565903654	81.2441673003431	1
9.687464963580304	44.12880303552765	1
14.733134381217369	61.969013345708646	1
7.38885870519324	116.77008824324932	1
9.255687828608046	42.51847555605785	1
5.858257577054384	67.42458338511727	1
11.567440393254032	91.17918361036604	1
10.34131349651328	49.86192541530202	1
11.504559978582394	71.31546298019417	1
9.244027943401024	61.6904756421785	1
8.07940893399487	60.14509688709697	1
12.200208078018871	70.74422478738452	1
8.405729147387326	71.11011858775926	1
10.175851684960927	86.05892969547983	1
8.020414432446403	65.55596171081136	1
15.050469273275006	101.78649566045803	1
10.228665474872493	39.796306717051564	1
13.159663883609138	55.560519064702476	1
11.478069215941561	50.476004267526875	1
12.570261230761004	53.14573807928029	1
10.378399832363625	93.93949405616218	1
9.27401604191947	73.73232252102135	1
8.316484748385669	57.15659446519704	1
12.578021892997974	76.59533420598343	1
7.409281868790559	90.3027167103179	1
7.837690612188233	50.09402658699509	1
7.425905299603852	77.00930999986714	1
6.999265583024602	83.94631031686797	1
10.02305319937642	67.83704430105904	1
10.842459173425611	42.90244385267207	1
9.351682172391643	57.587302065498505	1
8.394011372415546	35.50054872720389	1
10.380443757324112	57.02022060076419	1
9.599244337665302	70.84885417478543	1
9.472201492183489	94.06912430445674	1
13.66094617064834	50.92306875389677	1
10.558824213595228	39.938056269213426	1
12.254586939069911	28.713686718169676	1
7.097324613832333	61.15756488147928	1
6.821637275379624	64.62107744543015	1
9.524887057585765	28.04615823258846	1
9.846287959609507	57.34512721956213	1
10.077044480089516	93.44472703570392	1
11.137739591151112	61.486109118035216	1
11.065818832611475	56.553727624263885	1
9.934161800868532	63.965728754068806	1
9.393125116566898	49.91777869784273	1
10.604369974764312	42.91238851014887	1
13.152217559119766	56.732844297375124	1
10.70842662348872	70.01927346023439	1
8.781568401103227	60.638299695494574	1
8.035377479932372	96.65736358861633	1
9.547316621417366	52.82055311435275	1
11.245154945990569	95.34064590023185	1
10.455838825915965	71.11242674966951	1
9.54948212085266	51.73402314565766	1
9.176847620914554	49.98982421163613	1
9.077403056546395	72.06436225737403	1
10.650577643366516	31.707090367490572	1
12.140267704157935	78.65426922819881	1
11.896225060536556	88.91923669400947	1
10.190944063556103	97.84159866917122	1
9.189676097567961	81.96571201227525	1
7.911646225992023	54.55238640423545	1
12.644970618831714	65.76515064247424	1
10.162732846308343	52.82941422865285	1
12.58383308665831	112.26851214620326	1
8.503112052881681	74.23613453922074	1
11.897431223109537	72.34843871702621	1
5.982576065760092	50.17645484714984	1
9.60679146248157	91.7126092027622	1
10.245364514890454	49.64735808695133	1
12.4690823622791	64.4529726829129	1
5.67424509421518	79.89815839590612	1
9.60460810096296	77.29417447906565	1
8.794664464467328	74.11035552342537	1
12.577551806282752	55.13565912173494	1
10.071619108104377	87.99734012656602	1
9.629637289733562	77.1333273144407	1
9.69140011848323	95.47931280675878	1
12.302107819198621	99.74897781450275	1
8.631802853364846	54.81559146698314	1
11.709318284486113	29.610810886906542	1
7.628265028301996	71.85023715623086	1
11.110041904759294	67.4856628050296	1
6.921013106199528	75.12986724162161	1
4.035409419130565	82.140727846463	1
11.618172422578875	63.18987816491824	1
11.153592665589699	76.88839258592205	1
11.331320520042485	91.72397745794692	1
10.11223971930551	63.860703254314224	1
9.07343532829134	59.683913397471144	1
7.204183429344463	98.27974380116838	1
8.99426197332845	71.17994774578774	1
10.201855875154267	65.7308158125636	1
8.506291249458585	51.6281538319238	1
9.855684971451321	89.69413970749709	1
8.1975012007497	76.21576478705504	1
11.23713234987356	62.93473700733848	1
7.6727506635362515	55.63395522406921	1
11.010634270822889	50.28999056468987	1
8.122345039894629	88.50898610398079	1
11.297669347052143	77.08389067800076	1
11.253794913663858	70.77926937847437	1
13.2916816628331	58.77693276344951	1
6.285418284097364	57.69437743469511	1
7.530057744094146	45.963042804035034	1
10.839879993921407	107.75566341152924	1
9.496768279888046	86.74004389370052	1
8.833561472038614	81.13153871592654	1
11.584052906395033	57.861260508844104	1
6.1831037351519695	66.68915854379517	1
11.50073225415287	138.4738622958908	1
13.00371818965754	57.4530572518381	1
8.430277801689916	56.69573633549892	1
11.78871348617629	22.9188165477209	1
8.314590870125743	86.27201571949689	1
8.38941473509043	77.92615963328413	1
11.291915608371754	42.74652674815705	1
13.97161565412772	92.84021303794141	1
10.64794113684293	44.15088651370261	1
10.58989278903057	71.30058465140078	1
8.988250651595072	71.13598881427941	1
10.420032035806239	57.125271949400535	1
9.52846114843172	66.62493353197831	1
10.309131941670447	101.01835974255131	1
10.112778621179846	97.08317950610233	1
11.25812104361242	86.21049699437557	1
12.799429190903751	56.57288604334983	1
11.497867899003	63.601108914199315	1
11.997280552711882	82.6894556443818	1
8.232221395910267	76.70260331774888	1
8.929542194339719	62.74841554735634	1
11.824867980895151	91.45611776741214	1
10.652309250229782	66.99105095667606	1
9.007333343980815	93.90350369139232	1
4.772987080955731	59.35593631325537	1
11.232102504843857	96.53788289788906	1
6.200854411454874	61.98952413083211	1
6.986988025161234	49.4590405920958	1
9.62440239993236	69.6938813995238	1
8.465506347653841	74.47366809222514	1
9.16037308472823	72.05913335344428	1
14.169371406855165	46.651520260955586	1
8.00230617625857	82.69580387474473	1
6.576781391067895	87.5360281548102	1
11.823546947275451	52.348205404383954	1
8.584490862460225	83.00394874434072	1
10.817027163759096	74.79301704439936	1
8.970404956497383	61.92947619870405	1
11.894695285197773	78.47275572110462	1
11.327356632822063	51.38289245762778	1
9.916909448188344	74.83794689167036	1
10.705777127832294	82.30508717187692	1
11.375620674161448	45.26517256474023	1
11.094028611466179	54.33530658235693	1
8.404753294005042	96.75892608318635	1
12.202779845913737	22.526007289390947	1
13.638843987047153	70.93123532523386	1
10.71561679582373	77.47428038973497	1
11.727813394857673	94.35082395777117	1
10.961755389170591	76.36542086156132	1
10.219379897676506	79.18942874649505	1
7.871411724355697	60.49728956103098	1
9.870416393322952	101.99340909815092	1
8.15983186022379	62.19990702673797	1
6.66605449807572	54.767366238170915	1
9.004897255640222	46.645644132419726	1
8.016575701901363	87.40167632069802	1
8.823199806278152	93.06577457362312	1
8.321796058062379	68.63832900131662	1
11.949614680350777	76.62758496960288	1
13.956395547581675	72.34807320519795	1
12.370123580039188	110.45290480134167	1
9.361318104410215	71.33403006703367	1
6.991548918667526	45.43274252029072	1
12.294875439295511	74.66106640042122	1
6.252463191932092	62.27358343380435	1
9.746527422360579	63.785418393542905	1
10.997297384744456	46.21144954160535	1
10.122392910845731	89.12724264448178	1
12.23352049562906	56.997869307764745	1
11.135062150847476	77.79079593141584	1
12.760401622768313	55.70975155594696	1
10.06438901920888	112.3050808666209	1
6.7135205143981445	74.94422764317284	1
8.133976303395553	16.5560038444141	1
11.865903409643465	52.03945733744162	1
8.492253691979792	60.01081625861493	1
10.938284168307952	73.81162802030266	1
12.123716473122876	75.92819425399082	1
9.287813343241778	61.17928639451326	1
10.517599547832214	65.46222461299573	1
8.056079017798611	63.674171722670096	1
6.639108246561915	78.79618575491351	1
9.589923514516162	48.836962685205265	1
11.087811458197404	108.0458347612234	1
13.255832983530045	94.49062150682103	1
11.062212017029928	55.462205361768575	1
8.756575799488038	47.5494567611306	1
11.701392245868824	57.53115828892538	1
11.017718360437682	52.98811261997406	1
10.26524935271855	81.34741402708065	1
12.235461259131338	67.57089174890875	1
10.372339693816025	82.105467485234	1
9.715951143485086	38.36250776321404	1
13.315056197033385	70.87729018779534	1
11.114289467137027	64.43190935123975	1
10.192477101140856	54.449438226391145	1
9.71052867449713	79.68036779470347	1
8.133138681018089	74.01171518941968	1
6.716522661807265	69.46502566377433	1
12.108802633589274	83.99745222365746	1
10.71731386300003	57.930412508514785	1
9.239466620518293	79.44565911473066	1
7.992646986925116	72.93497668237357	1
14.098692723782666	63.321972142293006	1
9.910814825532134	64.11505601109569	1
8.930063359945287	70.6012552717787	1
7.5829498715540105	53.987469877368994	1
9.92917099306113	59.05789088069511	1
9.154948455477843	58.74290032060295	1
8.44355901004855	57.100067567205016	1
8.547669496935699	29.206167788702224	1
9.989406906165918	72.17729400115877	1
11.09620951999687	100.12788905383363	1
6.821445741483456	66.6745279453842	1
10.073489567571558	78.63757408989767	1
11.54971922538294	77.7927405917177	1
10.985281610761819	63.35999381080302	1
7.65424437628624	73.65633630423098	1
9.621324683084406	71.61667217167353	1
15.48923451444762	45.858530365769425	1
9.051314107249082	65.31701173909661	1
10.738853326637802	113.84620805751317	1
5.595085724575153	94.99068040413675	1
7.958515057140753	58.851144557682815	1
7.053069088116267	89.84474206318643	1
11.122467421951136	70.19896171582809	1
11.029374985005886	61.81230559810366	1
11.391302963125094	63.16038239774423	1
9.604366902986001	66.6420560441528	1
8.320119867997377	77.73663398082857	1
7.962487786256743	61.87650272510291	1
9.075721351046367	52.2262200656439	1
12.780102770554993	73.38553389521965	1
12.28053777272258	41.361531133991505	1
6.628851989460491	44.13370224169553	1
11.01137856526911	32.501704954356974	1
14.004489414834765	47.896912879722585	1
13.341484326230237	64.66157745794348	1
8.610085190120468	108.79747953300998	1
12.59632696489957	89.5072844396276	1
9.341184370799773	87.71332843157175	1
9.009264655008407	51.516147975025746	1
11.586552049064705	86.77844225298176	1
8.092970429259081	71.61865706914455	1
10.031443439127505	78.18385070521657	1
9.15527593613881	87.62790132388884	1
11.677107174628325	108.5979023234366	1
6.432826071813279	86.52347396141512	1
9.139222065627578	91.84377948574901	1
11.762524473457374	30.421336805994358	1
9.412983699178678	72.19946380979688	1
6.1045164091404125	62.477650082075066	1
11.738620959305598	66.77782087904963	1
8.76117591476729	52.97092267329082	1
9.76646449049813	59.255124860782225	1
6.188031039671236	44.09483063465035	1
6.42481794767123	113.31427625162758	1
6.642089999067883	98.7992963957386	1
11.687892990947258	59.004495473960475	1
14.740227911839895	62.93174383868245	1
10.002478281354001	42.67395607142271	1
8.204866182627065	77.74822610614856	1
10.87042894007701	63.59048952903545	1
10.70626335976175	86.81668888864174	1
11.329339839236193	91.21331153780713	1
11.12980884583043	118.55682261114792	1
8.672625627146418	81.5232221860504	1
8.328222829133992	59.7460386769902	1
10.194053010839376	106.10602481986146	1
9.516829649750257	59.92530598882539	1
9.750374095643812	57.30158362042353	1
12.162193408735806	92.99837650910564	1
13.331924753016457	77.46632028786054	1
11.285070325873273	57.889597695919264	1
10.985570373875413	78.54827750324401	1
11.160783411000734	43.802252022728666	1
9.50198548618535	96.52157737445609	1
7.200176407495036	57.05006105183167	1
9.226909306364318	56.111888332369034	1
6.397599994678665	54.61470517951114	1
9.291405834269014	44.24510994575292	1
8.365654691378733	87.01984514472525	1
11.553600996644303	90.13729300779463	1
10.452031429981503	48.51526144779332	1
11.596337508302737	47.57243239354101	1
7.847492128747777	53.17751323957122	1
9.648803446213105	65.84062157703927	1
9.19022712038152	55.202596982873	1
10.463982454585029	70.518571418387	1
7.113649362314165	70.73428180621012	1
9.686500567825654	85.4005472708719	1
7.170754601098624	64.76473509033194	1
8.325894696673066	75.26803565768917	1
6.570807913988972	64.61940386315064	1
11.079273134810318	28.411989875774857	1
8.582915417739294	30.326371013641307	1
7.4794960560189345	73.38743130918427	1
8.706860200347776	81.59071273039983	1
7.990177918472387	62.11190950538689	1
10.763918837554087	75.48223362505551	1
11.00677175677689	38.160287006017946	1
11.673788108003865	88.03057148424483	1
9.537705429343305	62.859491742539184	1
9.250640435859488	83.50355399930338	1
11.078082606844404	72.55168827332498	1
7.858425247530016	59.774133392907046	1
8.958921642573623	47.35137159921144	1
12.21996837370077	66.24674916520779	1
10.370248804321676	96.21749797697157	1
7.3274738952661345	71.22487211109838	1
11.369305135346355	65.13503884374268	1
5.1095213322138395	73.9382346031921	1
11.239534449690833	47.34832656030825	1
11.153670688896145	29.48383655411331	1
5.208459016993862	35.11458213723827	1
8.787089184199449	74.2684763216477	1
9.702617162063701	62.27678816237689	1
10.387256494180328	67.42599278901676	1
6.641183717529757	-0.7843346838299823	1
10.147732458329195	66.579022986093	1
8.224846678035922	53.24005460469797	1
9.019600074252455	34.49466579800728	1
11.331683885659036	79.03652201918094	1
9.09745147278098	93.07765570111187	1
13.003391460782964	83.986799972041	1
9.945412654820174	70.59474602047362	1
8.703903012806164	69.9609844437778	1
9.94624579301881	55.1984165484544	1
10.49403445179472	90.4855586749157	1
11.77265730323428	68.09881293189642	1
10.196834108480681	66.04982258112545	1
8.469881583760964	64.09003316609885	1
9.788369662875056	67.91292645192266	1
7.25487759407825	71.7622584651305	1
10.11360997292109	96.51567689048888	1
8.712680421076787	58.60971847420577	1
12.53006153685858	71.03027126182437	1
11.58142818855679	57.196365533339865	1
8.743182088888002	66.54797403322605	1
9.273180878907056	64.073483757072	1
8.40347657658665	87.63636473555314	1
9.927581690740793	64.53400750714991	1
9.506789647825437	87.36204811838928	1
9.66920936052065	86.09158750585841	1
10.08795080618946	62.02025294480565	1
9.956352780077179	41.91699305180917	1
9.293081329470782	56.67459455048221	1
11.87960144804066	81.38354572278436	1
8.233574711162163	97.10041409092892	1
9.678851706083435	59.069066942745536	1
13.350376811550355	81.8710796642477	1
10.914455817975078	73.92302631229872	1
11.142719908107965	73.6460677132503	1
9.833574603682402	95.36146798084596	1
10.78996647148975	48.276453570199436	1
10.919514723272853	47.32663504392423	1
11.014319203122358	85.5872490166968	1
8.370126969630585	86.94725762376447	1
9.78860874266973	77.456381421821	1
11.807314254120357	98.17602424910694	1
11.196035014151699	100.55958638036265	1
10.352259330118226	95.5362562091596	1
12.408705071097172	43.50982126013501	1
11.710514790604856	82.69742736531465	1
6.9626974406044155	42.96071235819228	1
10.842652068683167	70.45838733802137	1
7.432707879601887	80.74461318233226	1
10.808865054903622	66.87547543586365	1
10.125125344464989	64.4060597415649	1
8.858276415875377	41.276674581745795	1
10.47538666118931	81.5927203557351	1
14.833372172192174	87.21509588117902	1
11.13383692523497	74.17124687872395	1
9.678729676505199	72.94277127521555	1
10.71752973525282	71.0292886104859	1
11.594232304266235	70.98015797003981	1
9.676162831803195	64.3549621373996	1
10.876375664519124	65.40367598469331	1
9.476595567494527	45.967697795328085	1
12.688829415094874	86.24172877982464	1
9.592443198500897	37.34633885719835	1
10.078338615111624	72.47011720847958	1
7.618996031688008	71.45764505747529	1
7.204886216629797	85.83300701488248	1
6.766075862434468	47.157281507929994	1
11.17953443321441	31.441972913435208	1
2.4149011495464396	75.91278859946343	1
12.241630553496133	61.42687724632916	1
9.697108479937564	65.80616628085349	1
9.486163092794731	95.42466810516399	1
9.430283734385828	76.8413382894685	1
8.511623662903311	70.36827048267628	1
9.50335056644392	52.649548776489276	1
7.094876063610387	96.77816806146376	1
9.125475790265616	112.37893323157874	1
10.625969909977142	85.23005165190541	1
12.092332419827905	39.35296685461337	1
12.082334636958802	59.64504885391855	1
10.601015664994641	82.71508371608371	1
7.165186920404221	69.37129974770592	1
7.998474287993508	92.76188226836362	1
11.817746793270791	73.93139402863754	1
10.341079515030875	93.40400385915565	1
7.915036491083022	62.888268039753996	1
8.661154763504554	36.29253463701212	1
8.231166124664687	87.50803417983002	1
9.137008717014817	26.27746763495555	1
14.369653662826494	59.234687261416575	1
10.685823446073089	54.116085809003195	1
10.827142430549074	80.63089327485076	1
8.084978937071142	100.3346077577797	1
9.928949271912817	93.5159084666627	1
8.517646797123856	45.25412554177587	1
9.957235544796621	102.34311811747156	1
7.7066494343386776	67.43772922835325	1
12.45888840107862	69.38122304463968	1
9.647621524582124	39.61514780112374	1
9.098065664462954	74.60011817165166	1
10.953925704659376	63.09540589864783	1
14.82088667588091	108.8465196233944	1
8.711237777974002	59.203819133702936	1
8.57859932702839	104.0618287657911	1
10.816260986937351	88.13460101495778	1
12.862704068637733	68.97015998223637	1
9.487984121636652	83.82658259471303	1
10.015926647489835	108.05579504380526	1
9.820871272939382	65.00367831122045	1
11.11875240924781	95.00822712490016	1
9.240841377066621	64.66848835392948	1
9.495203360235534	74.6742141247089	1
10.625487097147772	76.15666860390255	1
6.659363103634262	83.05094287357686	1
11.121345915642822	34.25158979305231	1
11.376392262592987	68.99234152420424	1
9.70265418991876	72.77737595347297	1
7.566033300159677	82.83535675514852	1
11.065474884963841	96.17713507473944	1
9.538119811591336	46.19788822994587	1
12.853120264573775	67.89747755296483	1
7.997200901986277	72.8238597955013	1
11.19854128901236	75.44931882855205	1
9.602798101303142	70.74215222577638	1
11.094848702974366	63.83759257757385	1
8.235047169656667	97.08518320127544	1
7.745616458151379	95.03341211067456	1
8.578281405912591	62.906680666072226	1
8.774492785292468	27.56601749112606	1
11.197340360503825	40.354422691472486	1
12.582133923053695	48.247659303566294	1
11.75167756223148	44.80157003041991	1
11.493695512991952	93.38765035795225	1
9.934440403086471	74.37337738216507	1
9.63590597661732	56.42464628354583	1
10.434391989326317	63.793384379171414	1
9.093717653270724	93.27542451586974	1
10.227686943426608	55.98415340064681	1
7.813304226457818	83.23313243710672	1
9.855047095577063	75.58958064384967	1
10.785281804539332	30.52546713292928	1
12.011763080403291	79.67015492516933	1
7.778741267317303	72.28497748418798	1
11.71647779005362	71.3163418540084	1
8.311225483012153	106.65227644373772	1
9.786631973092867	78.24670343706265	1
9.471334584616761	60.68171082331235	1
8.463709675050605	53.29050068159422	1
8.853839170962557	50.44254794784442	1
4.928640201514511	54.79392939801437	1
10.960624409169132	93.82179956698153	1
11.652845235674086	33.84519225144188	1
10.26208733848713	109.1259327664639	1
12.45326620129233	82.80710267159509	1
6.215854596240295	71.19632797326024	1
7.205513665785741	80.80634960731771	1
8.75134596912458	78.5862537867343	1
12.15111565871233	61.347084629573374	1
11.7332767093049	56.23593974311669	1
12.683994069300491	91.70003479804151	1
11.684349506607072	85.00496363459871	1
10.907252060431848	65.18817264172414	1
13.43260100145777	105.72030428776503	1
4.58428074559397	78.81084819586448	1
13.727275632064988	86.36061687316067	1
12.022599463831323	48.95364599720308	1
9.257846267440087	64.6396755001493	1
11.81015149309116	39.797182909737735	1
8.787629285539785	34.84732551516367	1
8.021961607916529	99.31838966015391	1
14.350959855572665	77.38397290211748	1
10.298347936291957	51.320839902053876	1
13.666315318581296	93.7641661359498	1
11.783810727759539	70.24310673473735	1
9.512979335079667	63.64609254763991	1
9.66982129172645	61.694380452522225	1
10.809641213602697	26.18653146110445	1
6.171318395762103	87.28351207231599	1
10.960958939966895	71.15780184243259	1
12.347222299010381	51.097575975067656	1
10.080758129950665	54.731199165850846	1
9.396396120334394	88.76212138368436	1
9.346919788302845	52.76414738657232	1
9.950593514349599	84.16219818707276	1
9.33777308092391	58.383936318915346	1
7.120293233122912	85.11089079355662	1
9.461736045329358	58.75955115157039	1
9.927386196173547	69.18817620714965	1
9.04341924098399	41.046921360310876	1
9.637342819321773	91.17865858450917	1
11.873706142591146	77.42648824339037	1
11.680326839419957	52.08008046069246	1
13.874337715447357	73.66108288150618	1
8.115331499596495	121.28361346886979	1
9.353137717534157	62.55953448722471	1
12.150629457161653	37.09930963575264	1
9.140136211273393	66.9799558315511	1
11.097925263171131	65.57606336612311	1
9.538163063059649	42.161505762810336	1
9.788042666683403	86.62443793930542	1
9.273382402717836	79.51862417619688	1
6.458511915939656	76.0745048214861	1
11.304219168907085	81.25690399136997	1
10.644110604789901	82.41829239768356	1
9.444736463553943	60.4775273467351	1
13.108140882011245	93.00709265188966	1
11.587915374903686	70.81419084775757	1
9.104421745872349	72.43075452687134	1
10.00484327890769	48.59316741045152	1
14.689229141157815	74.517096357992	1
10.037796394842108	43.571403864764406	1
10.801278856490896	89.74309587894943	1
12.077331298145573	68.31945745567391	1
11.145466732667746	79.84212217119429	1
8.92468520375271	37.32407794199438	1
8.38062504531323	97.8083108933108	1
7.3007032098724345	98.22808633227997	1
8.375709625566019	42.38751387728609	1
7.195223813263602	4.1968674475726	1
7.6426941244922135	69.4669969504009	1
7.25610155890001	92.01840841658274	1
8.58850560829166	48.48932736228548	1
11.730517287448889	58.79992559576451	1
6.040672742952918	115.80442746460812	1
9.179666394257602	89.07877765974365	1
9.120674848859665	32.24136694896912	1
11.56344177410947	45.01667365159328	1
10.779196378350326	56.68319835301135	1
15.222227412898853	72.45546851666607	1
13.855687335831187	76.71851567761753	1
13.241118247105856	50.93722661143296	1
11.495872517006553	108.92455016551484	1
9.270696675036836	50.111096687745004	1
8.911994694479207	63.47762588915726	1
7.566901518656023	82.26605565528926	1
14.462097130917181	57.39091355696055	1
11.582934484238264	86.55403898223773	1
7.970367375415102	47.216044164494164	1
8.865279085562504	41.19799735371181	1
10.412367825133332	48.4471043518885	1
12.704830571288849	72.09156455920015	1
13.435605923411792	67.45206484688995	1
9.797625343238952	83.55166217588086	1
7.055319026935976	42.35131655386441	1
11.000250639887001	77.31741750025793	1
9.829280056628297	80.21421113275542	1
11.448304539008006	86.76189676491987	1
13.70003746546076	80.48549045039323	1
9.761361155845437	97.30172922135583	1
11.030249163605552	67.56460948331527	1
9.679424404750623	38.4402904267654	1
11.766964768577962	75.87459120407323	1
9.392079092503128	61.528099083541825	1
8.806574853965612	44.26255239337374	1
11.433853505022267	76.37297776761373	1
6.017540038818	66.20374041214221	1
8.683977598303976	41.41732722047203	1
9.453550619936745	27.220931468454737	1
10.513349242090289	42.72252933385393	1
12.693713015455048	111.46075896772324	1
9.904313389670376	45.17204218181323	1
7.924718434140901	60.03678801867004	1
12.001854290675057	44.50261966687917	1
10.75305091580012	52.19168519331875	1
5.964808385073563	64.299348414625	1
9.789706868982922	60.329341424803594	1
12.460498183539455	65.7507569827545	1
8.568367291027903	34.136391681618136	1
7.503451658647544	76.72052516959374	1
7.461512784423987	76.99854588702388	1
13.069935256624332	59.63829084303287	1
12.047066155445071	65.1297626244354	1
12.337211213539632	83.29047645429212	1
8.442614446005017	63.143391542767795	1
9.854153687180215	71.6108196395296	1
11.792720375629587	57.74294282508875	1
10.886137054096855	99.04518379878033	1
8.332439345151437	62.58777432275106	1
10.472741938112092	44.38407564471693	1
10.725128954520947	116.77576826859662	1
9.352337389772854	69.7611298937764	1
10.920015761715621	54.56846448903626	1
12.730048236888258	68.0440793140618	1
10.641545981516947	84.62173771856934	1
7.63832296521274	68.13031891328097	1
10.29277485726573	74.68636569537738	1
9.85875089780917	101.55304937947835	1
6.149745794928046	84.8157669942737	1
8.052945330307779	105.40772277761458	1
6.609100265911214	57.97804471584966	1
6.086909470841617	89.44531929389981	1
10.500414563465855	73.41958365846558	1
9.720620256271904	47.33281772510643	1
9.174130121322083	57.31824242742475	1
8.61335205272789	63.81993556272786	1
9.089492901167707	103.19329223546728	1
12.969556059178682	76.86409006274388	1
14.119006603355409	68.71638697368303	1
11.223261901591504	84.75924206279922	1
9.834970308689446	98.37981731946586	1
8.682393334534877	55.86516023258062	1
7.864485433704459	71.26113923639083	1
8.789110787789884	68.41329722398292	1
13.694862125677806	74.34324812179686	1
12.975745882120034	84.39130886134771	1
9.818555675191702	84.41316643447752	1
11.200675294595028	88.06758019202894	1
7.973300595850996	72.16447645647982	1
11.756874855214338	67.44624190322702	1
10.678655272948395	49.18507725009975	1
9.347220188794278	63.327750875707856	1
7.585359761322554	80.37977660940591	1
8.056237508640356	47.348229250949814	1
9.760739274665545	77.53882424693151	1
9.456488315514191	120.6584427260656	1
8.962875879299645	67.38376290159657	1
9.565908555403853	53.23538898869924	1
10.957379178953385	47.29983198279541	1
6.679896316487412	75.19937878420708	1
8.551978696800228	77.1544785508776	1
5.187152598255244	76.06757014776069	1
8.264347664512963	37.371769445322805	1
7.1706013907909725	97.69606269079097	1
12.136310326189372	106.14607204009835	1
8.508940705637906	88.20108781862183	1
9.872057178668513	81.24412887397094	1
8.045111177774501	80.08758492611074	1
11.232850099352255	84.44594455656245	1
7.410440867645159	96.51311189983122	1
7.921543616892922	55.31514707776924	1
13.10236697845253	47.0749686256081	1
9.45499446820612	70.45126532128175	1
6.197138113596936	81.02796220791221	1
14.38244104214952	80.09987948232454	1
9.392758361884104	91.30839533408948	1
11.303662056955096	67.50084380044254	1
7.202753525625248	51.244062585355366	1
10.61688971168281	58.282015071611625	1
7.859605201229522	61.71388053063923	1
10.458474644863692	52.260348556591836	1
11.545854969072973	52.6390235224202	1
10.874468022721882	60.803176320218284	1
8.908776946502758	98.10100896633821	1
7.138066619477641	54.89677113447259	1
10.660485125506682	59.690393787749244	1
6.9923353601859635	80.6599929102531	1
9.177174872477494	59.65506927122597	1
14.112922131776447	70.60931109225349	1
10.425773052894666	83.13506586948239	1
13.919257617645098	68.86178904449689	1
5.624232018838173	119.65069689750635	1
		
		
		
		
		
		
		
		
		
		
		
		
		
		
		
		
		
		
		
		
		
		
		
		
		
		
		
		
		
		
		
		
		
		
		
		
		
		
		
		
		
		
		
		
		
		
		
		
		
		
		
		
		
		
		
		
		
		
		
		
		
		
		
		
		
		
		
		
		
		
		
		
		
		
		
		
		
		
		
		
		
		
		
		
		
		
		
		
		
		
		
		
		
		
		
		
		
		
		
		
		
		
		
		
		
		
		
		
		
		
		
		
		
		
		
		
		
		
		
		
		
		
		
		
		
		
		
		
		
		
		
		
		
		
		
		
		
		
		
		
		
		
		
		
		
		
		
		
		
		
		
		
		
		
		
		
		
		
		
		
		
		
		
		
		
		
		
		
		
		
		
		
		
		
		
		
		
		
		
		
		
		
		
		
		
		
		
		
		
		
		
		
		
		
		
		
		
		
		
		
		
		
		
		
		
		
		
		
		
		
		
		
		
		
		
		
		
		
		
		
		
		
		
		
		
		
		
		
		
		
		
		
		
		
		
		
		
		
		
		
		
		
		
		
		
		
		
		
		
		
		
		
		
		
		
		
		
		
		
		
		
		
		
		
		
		
		
		
		
		
		
		
		
		
		
		
		
		
		
		
		
		
		
		
		
		
		
		
		
		
		
		
		
		
		
		
		
		
		
		
		
		
		
		
		
		
		
		
		
		
		
		
		
		
		
		
		
		
		
		
		
		
		
		
		
		
		
		
		
		
		
		
		
		
		
		
		
		
		
		
		
		
		
		
		
		
		
		
		
		
		
		
		
		
		
		
		
		
		
		
		
		
		
		
		
		
		
		
		
		
		
		
		
		
		
		
		
		
		
		
		
		
		
		
		
		
		
		
		
		
		
		
		
		
		
		
		
		
		
		
		
		
		
		
		
		
		
		
		
		
		
		
		
		
		
		
		
		
		
		
		
		
		
		
		
		
		
		
		
		
		
		
		
		
		
		
		
		
		
		
		
		
		
		
		
		
		
		
		
		
		
		
		
		
		
		
		
		
		
		
		
		
		
		
		
		
		
		
		
		
		
		
		
		
		
		
		
		
		
		
		
		
		
		
		
		
		
		
		
		
		
		
		
		
		
		
		
		
		
		
		
		
		
		
		
		
		
		
		
		
		
		
		
		
		
		
		
		
		
		
		
		
		
		
		
		
		
		
		
		
		
		
		
		
		
		
		
		
		
		
		
		
		
		
		
		
		
		
		
		
		
		
		
		
		
		
		
		
		
		
		
		
		
		
		
		
		
		
		
		
		
		
		
		
		
		
		
		
		
		
		
		
		
		
		
		
		
		
		
		
		
		
		
		
		
		
		
		
		
		
		
		
		
		
		
		
		
		
		
		
		
		
		
		
		
		
		
		
		
		
		
		
		
		
		
		
		
		
		
		
		
		
		
		
		
		
		
		
		
		
		
		
		
		
		
		
		
		
		
		
		
		
		
		
		
		
		
		
		
		
		
		
		
		
		
		
		
		
		
		
		
		
		
		
		
		
		
		
		
		
		
		
		
		
		
		
		
		
		
		
		
		
		
		
		
		
		
		
		
		
		
		
		
		
		
		
		
		
		
		
		
		
		
		
		
		
		
		
		
		
		
		
		
		
		
		
		
		
		
		
		
		
		
		
		
		
		
		
		
		
		
		
		
		
		
		
		
		
		
		
		
		
		
		
		
		
		
		
		
		
		
		
		
		
		
		
		
		
		
		
		
		
		
		
		
		
		
		
		
		
		
		
		
		
		
		
		
		
		
		
		
		
		
		
		
		
		
		
		
		
		
		
		
		
		
		
		
		
		
		
		
		
		
		
		
		
		
		
		
		
		
		
		
		
		
		
		
		
		
		
		
		
		
		
		
		
		
		
		
		
		
		
		
		
		
		
		
		
		
		
		
		
		
		
		
		
		
		
		
		
		
		
		
		
		
		
		
		
		
		
		
		
		
		
		
		
		
		
		
		
		
		
		
		
		
		
		
		
		
		
		
		
		
		
		
		
		
		
		
		
		
		
		
		
		
		
		
		
		
		
		
		
		
		
		
		
		
		
		
		
		
		
		
		
		
		
		
		
		
		
		
		
		
		
		
		
		
		
		
		
		
		
		
		
		
		
		
		
		
		
		
		
		
		
		
		
		
		
		
		
		
		
		
		
		
		
		
		
		
		
		
		
		
		
		
		
		
		
		
		
		
		
		
		
		
		
		
		
		
		
		
		
		
		
		
		
		
		
		
		
		
		
		
		
		
		
		
		
		
		
		
		
		
		
		
		
		
		
		
		
		
		
		
		
		
		
		
		
		
		
		
		
		
		
		
		
		
		
		
		
		
		
		
		
		
		
		
		
		
		
		
		
		
		
		
		
		
		
		
		
		
		
		
		
		
		
		
		
		
		
		
		
		
		
		
		
		
		
		
		
		
		
		
		
		
		
		
		
		
		
		
		
		
		
		
		
		
		
		
		
		
		
		
		
		
		
		
		
		
		
		
		
		
		
		
		
		
		
		
		
		
		
		
		
		
		
		
		
		
		
		
		
		
		
		
		
		
		
		
		
		
		
		
		
		
		
		
		
		
		
		
		
		
		
		
		
		
		
		
		
		
		
		
		
		
		
		
		
		
		
		
		
		
		
		
		
		
		
		
		
		
		
		
		
		
		
		
		
		
		
		
		
		
		
		
		
		
		
		
		
		
		
		
		
		
		
		
		
		
		
		
		
		
		
		
		
		
		
		
		
		
		
		
		
		
		
		
		
		
		
		
		
		
		
		
		
		
		
		
		
		
		
		
		
		
		
		
		
		
		
		
		
		
		
		
		
		
		
		
		
		
		
		
		
		
		
		
		
		
		
		
		
		
		
		
		
		
		
		
		
		
		
		
		
		
		
		
		
		
		
		
		
		
		
		
		
		
		
		
		
		
		
		
		
		
		
		
		
		
		
		
		
		
		
		
		
		
		
		
		
		
		
		
		
		
		
		
		
		
		
		
		
		
		
		
		
		
		
		
		
		
		
		
		
		
		
		
		
		
		
		
		
		
		
		
		
		
		
		
		
		
		
		
		
		
		
		
		
		
		
		
		
		
		
		
		
		
		
		
		
		
		
		
		
		
		
		
		
		
		
		
		
		
		
		
		
		
		
		
		
		
		
		
		
		
		
		
		
		
		
		
		
		
		
		
		
		
		
		
		
		
		
		
		
		
		
		
		
		
		
		
		
		
		
		
		
		
		
		
		
		
		
		
		
		
		
		
		
		
		
		
		
		
		
		
		
		
		
		
		
		
		
		
		
		
		
		
		
		
		
		
		
		
		
		
		
		
		
		
		
		
		
		
		
		
		
		
		
		
		
		
		
		
		
		
		
		
		
		
		
		
		
		
		
		
		
		
		
		
		
		
		
		
		
		
		
		
		
		
		
		
		
		
		
		
		
		
		
		
		
		
		
		
		
		
		
		
		
		
		
		
		
		
		
		
		
		
		
		
		
		
		
		
		
		
		
		
		
		
		
		
		
		
		
		
		
		
		
		
		
		
		
		
		
		
		
		
		
		
		
		
		
		
		
		
		
		
		
		
		
		
		
		
		
		
		
		
		
		
		
		
		
		
		
		
		
		
		
		
		
		
		
		
		
		
		
		
		
		
		
		
		
		
		
		
		
		
		
		
		
		
		
		
		
		
		
		
		
		
		
		
		
		
		
		
		
		
		
		
		
		
		
		
		
		
		
		
		
		
		
		
		
		
		
		
		
		
		
		
		
		
		
		
		
		
		
		
		
		
		
		
		
		
		
		
		
		
		
		
		
		
		
		
		
		
		
		
		
		
		
		
		
		
		
		
		
		
		
		
		
		
		
		
		
		
		
		
		
		
		
		
		
		
		
		
		
		
		
		
		
		
		
		
		
		
		
		
		
		
		
		
		
		
		
		
		
		
		
		
		
		
		
		
		
		
		
		
		
		
		
		
		
		
		
		
		
		
		
		
		
		
		
		
		
		
		
		
		
		
		
		
		
		
		
		
		
		
		
		
		
		
		
		
		
		
		
		
		
		
		
		
		
		
		
		
		
		
		
		
		
		
		
		
		
		
		
		
		
		
		
		
		
		
		
		
		
		
		
		
		
		
		
		
		
		
		
		
		
		
		
		
		
		
		
		
		
		
		
		
		
		
		
		
		
		
		
		
		
		
		
		
		
		
		
		
		
		
		
		
		
		
		
		
		
		
		
		
		
		
		
		
		
		
		
		
		
		
		
		
		
		
		
		
		
		
		
		
		
		
		
		
		
		
		
		
		
		
		
		
		
		
		
		
		
		
		
		
		
		
		
		
		
		
		
		
		
		
		
		
		
		
		
		
		
		
		
		
		
		
		
		
		
		
		
		
		
		
		
		
		
		
		
		
		
		
		
		
		
		
		
		
		
		
		
		
		
		
		
		
		
		
		
		
		
		
		
		
		
		
		
		
		
		
		
		
		
		
		
		
		
		
		
		
		
		
		
		
		
		
		
		
		
		
		
		
		
		
		
		
		
		
		
		
		
		
		
		
		
		
		
		
		
		
		
		
		
		
		
		
		
		
		
		
		
		
		
		
		
		
		
		
		
		
		
		
		
		
		
		
		
		
		
		
		
		
		
		
		
		
		
		
		
		
		
		
		
		
		
		
		
		
		
		
		
		
		
		
		
		
		
		
		
		
		
		
		
		
		
		
		
		
		
		
		
		
		
		
		
		
		
		
		
		
		
		
		
		
		
		
		
		
		
		
		
		
		
		
		
		
		
		
		
		
		
		
		
		
		
		
		
		
		
		
		
		
		
		
		
		
		
		
		
		
		
		
		
		
		
		
		
		
		
		
		
		
		
		
		
		
		
		
		
		
		
		
		
		
		
		
		
		
		
		
		
		
		
		
		
		
		
		
		
		
		
		
		
		
		
		
		
		
		
		
		
		
		
		
		
		
		
		
		
		
		
		
		
		
		
		
		
		
		
		
		
		
		
		
		
		
		
		
		
		
		
		
		
		
		
		
		
		
		
		
		
		
		
		
		
		
		
		
		
		
		
		
		
		
		
		
		
		
		
		
		
		
		
		
		
		
		
		
		
		
		
		
		
		
		
		
		
		
		
		
		
		
		
		
		
		
		
		
		
		
		
		
		
		
		
		
		
		
		
		
		
		
		
		
		
		
		
		
		
		
		
		
		
		
		
		
		
		
		
		
		
		
		
		
		
		
		
		
		
		
		
		
		
		
		
		
		
		
		
		
		
		
		
		
		
		
		
		
		
		
		
		
		
		
		
		
		
		
		
		
		
		
		
		
		
		
		
		
		
		
		
		
		
		
		
		
		
		
		
		
		
		
		
		
		
		
		
		
		
		
		
		
		
		
		
		
		
		
		
		
		
		
		
		
		
		
		
		
		
		
		
		
		
		
		
		
		
		
		
		
		
		
		
		
		
		
		
		
		
		
		
		
		
		
		
		
		
		
		
		
		
		
		
		
		
		
		
		
		
		
		
		
		
		
		
		
		
		
		
		
		
		
		
		
		
		
		
		
		
		
		
		
		
		
		
		
		
		
		
		
		
		
		
		
		
		
		
		
		
		
		
		
		
		
		
		
		
		
		
		
		
		
		
		
		
		
		
		
		
		
		
		
		
		
		
		
		
		
		
		
		
		
		
		
		
		
		
		
		
		
		
		
		
		
		
		
		
		
		
		
		
		
		
		
		
		
		
		
		
		
		
		
		
		
		
		
		
		
		
		
		
		
		
		
		
		
		
		
		
		
		
		
		
		
		
		
		
		
		
		
		
		
		
		
		
		
		
		
		
		
		
		
		
		
		
		
		
		
		
		
		
		
		
		
		
		
		
		
		
		
		
		
		
		
		
		
		
		
		
		
		
		
		
		
		
		
		
		
		
		
		
		
		
		
		
		
		
		
		
		
		
		
		
		
		
		
		
		
		
		
		
		
		
		
		
		
		
		
		
		
		
		
		
		
		
		
		
		
		
		
		
		
		
		
		
		
		
		
		
		
		
		
		
		
		
		
		
		
		
		
		
		
		
		
		
		
		
		
		
		
		
		
		
		
		
		
		
		
		
		
		
		
		
		
		
		
		
		
		
		
		
		
		
		
		
		
		
		
		
		
		
		
		
		
		
		
		
		
		
		
		
		
		
		
		
		
		
		
		
		
		
		
		
		
		
		
		
		
		
		
		
		
		
		
		
		
		
		
		
		
		
		
		
		
		
		
		
		
		
		
		
		
		
		
		
		
		
		
		
		
		
		
		
		
		
		
		
		
		
		
		
		
		
		
		
		
		
		
		
		
		
		
		
		
		
		
		
		
		
		
		
		
		
		
		
		
		
		
		
		
		
		
		
		
		
		
		
		
		
		
		
		
		
		
		
		
		
		
		
		
		
		
		
		
		
		
		
		
		
		
		
		
		
		
		
		
		
		
		
		
		
		
		
		
		
		
		
		
		
		
		
		
		
		
		
		
		
		
		
		
		
		
		
		
		
		
		
		
		
		
		
		
		
		
		
		
		
		
		
		
		
		
		
		
		
		
		
		
		
		
		
		
		
		
		
		
		
		
		
		
		
		
		
		
		
		
		
		
		
		
		
		
		
		
		
		
		
		
		
		
		
		
		
		
		
		
		
		
		
		
		
		
		
		
		
		
		
		
		
		
		
		
		
		
		
		
		
		
		
		
		
		
		
		
		
		
		
		
		
		
		
		
		
		
		
		
		
		
		
		
		
		
		
		
		
		
		
		
		
		
		
		
		
		
		
		
		
		
		
		
		
		
		
		
		
		
		
		
		
		
		
		
		
		
		
		
		
		
		
		
		
		
		
		
		
		
		
		
		
		
		
		
		
		
		
		
		
		
		
		
		
		
		
		
		
		
		
		
		
		
		
		
		
		
		
		
		
		
		
		
		
		
		
		
		
		
		
		
		
		
		
		
		
		
		
		
		
		
		
		
		
		
		
		
		
		
		
		
		
		
		
		
		
		
		
		
		
		
		
		
		
		
		
		
		
		
		
		
		
		
		
		
		
		
		
		
		
		
		
		
		
		
		
		
		
		
		
		
		
		
		
		
		
		
		
		
		
		
		
		
		
		
		
		
		
		
		
		
		
		
		
		
		
		
		
		
		
		
		
		
		
		
		
		
		
		
		
		
		
		
		
		
		
		
		
		
		
		
		
		
		
		
		
		
		
		
		
		
		
		
		
		
		
		
		
		
		
		
		
		
		
		
		
		
		
		
		
		
		
		
		
		
		
		
		
		
		
		
		
		
		
		
		
		
		
		
		
		
		
		
		
		
		
		
		
		
		
		
		
		
		
		
		
		
		
		
		
		
		
		
		
		
		
		
		
		
		
		
		
		
		
		
		
		
		
		
		
		
		
		
		
		
		
		
		
		
		
		
		
		
		
		
		
		
		
		
		
		
		
		
		
		
		
		
		
		
		
		
		
		
		
		
		
		
		
		
		
		
		
		
		
		
		
		
		
		
		
		
		
		
		
		
		
		
		
		
		
		
		
		
		
		
		
		
		
		
		
		
		
		
		
		
		
		
		
		
		
		
		
		
		
		
		
		
		
		
		
		
		
		
		
		
		
		
		
		
		
		
		
		
		
		
		
		
		
		
		
		
		
		
		
		
		
		
		
		
		
		
		
		
		
		
		
		
		
		
		
		
		
		
		
		
		
		
		
		
		
		
		
		
		
		
		
		
		
		
		
		
		
		
		
		
		
		
		
		
		
		
		
		
		
		
		
		
		
		
		
		
		
		
		
		
		
		
		
		
		
		
		
		
		
		
		
		
		
		
		
		
		
		
		
		
		
		
		
		
		
		
		
		
		
		
		
		
		
		
		
		
		
		
		
		
		
		
		
		
		
		
		
		
		
		
		
		
		
		
		
		
		
		
		
		
		
		
		
		
		
		
		
		
		
		
		
		
		
		
		
		
		
		
		
		
		
		
		
		
		
		
		
		
		
		
		
		
		
		
		
		
		
		
		
		
		
		
		
		
		
		
		
		
		
		
		
		
		
		
		
		
		
		
		
		
		
		
		
		
		
		
		
		
		
		
		
		
		
		
		
		
		
		
		
		
		
		
		
		
		
		
		
		
		
		
		
		
		
		
		
		
		
		
		
		
		
		
		
		
		
		
		
		
		
		
		
		
		
		
		
		
		
		
		
		
		
		
		
		
		
		
		
		
		
		
		
		
		
		
		
		
		
		
		
		
		
		
		
		
		
		
		
		
		
		
		
		
		
		
		
		
		
		
		
		
		
		
		
		
		
		
		
		
		
		
		
		
		
		
		
		
		
		
		
		
		
		
		
		
		
		
		
		
		
		
		
		
		
		
		
		
		
		
		
		
		
		
		
		
		
		
		
		
		
		
		
		
		
		
		
		
		
		
		
		
		
		
		
		
		
		
		
		
		
		
		
		
		
		
		
		
		
		
		
		
		
		
		
		
		
		
		
		
		
		
		
		
		
		
		
		
		
		
		
		
		
		
		
		
		
		
		
		
		
		
		
		
		
		
		
		
		
		
		
		
		
		
		
		
		
		
		
		
		
		
		
		
		
		
		
		
		
		
		
		
		
		
		
		
		
		
		
		
		
		
		
		
		
		
		
		
		
		
		
		
		
		
		
		
		
		
		
		
		
		
		
		
		
		
		
		
		
		
		
		
		
		
		
		
		
		
		
		
		
		
		
		
		
		
		
		
		
		
		
		
		
		
		
		
		
		
		
		
		
		
		
		
		
		
		
		
		
		
		
		
		
		
		
		
		
		
		
		
		
		
		
		
		
		
		
		
		
		
		
		
		
		
		
		
		
		
		
		
		
		
		
		
		
		
		
		
		
		
		
		
		
		
		
		
		
		
		
		
		
		
		
		
		
		
		
		
		
		
		
		
		
		
		
		
		
		
		
		
		
		
		
		
		
		
		
		
		
		
		
		
		
		
		
		
		
		
		
		
		
		
		
		
		
		
		
		
		
		
		
		
		
		
		
		
		
		
		
		
		
		
		
		
		
		
		
		
		
		
		
		
		
		
		
		
		
		
		
		
		
		
		
		
		
		
		
		
		
		
		
		
		
		
		
		
		
		
		
		
		
		
		
		
		
		
		
		
		
		
		
		
		
		
		
		
		
		
		
		
		
		
		
		
		
		
		
		
		
		
		
		
		
		
		
		
		
		
		
		
		
		
		
		
		
		
		
		
		
		
		
		
		
		
		
		
		
		
		
		
		
		
		
		
		
		
		
		
		
		
		
		
		
		
		
		
		
		
		
		
		
		
		
		
		
		
		
		
		
		
		
		
		
		
		
		
		
		
		
		
		
		
		
		
		
		
		
		
		
		
		
		
		
		
		
		
		
		
		
		
		
		
		
		
		
		
		
		
		
		
		
		
		
		
		
		
		
		
		
		
		
		
		
		
		
		
		
		
		
		
		
		
		
		
		
		
		
		
		
		
		
		
		
		
		
		
		
		
		
		
		
		
		
		
		
		
		
		
		
		
		
		
		
		
		
		
		
		
		
		
		
		
		
		
		
		
		
		
		
		
		
		
		
		
		
		
		
		
		
		
		
		
		
		
		
		
		
		
		
		
		
		
		
		
		
		
		
		
		
		
		
		
		
		
		
		
		
		
		
		
		
		
		
		
		
		
		
		
		
		
		
		
		
		
		
		
		
		
		
		
		
		
		
		
		
		
		
		
		
		
		
		
		
		
		
		
		
		
		
		
		
		
		
		
		
		
		
		
		
		
		
		
		
		
		
		
		
		
		
		
		
		
		
		
		
		
		
		
		
		
		
		
		
		
		
		
		
		
		
		
		
		
		
		
		
		
		
		
		
		
		
		
		
		
		
		
		
		
		
		
		
		
		
		
		
		
		
		
		
		
		
		
		
		
		
		
		
		
		
		
		
		
		
		
		
		
		
		
		
		
		
		
		
		
		
		
		
		
		
		
		
		
		
		
		
		
		
		
		
		
		
		
		
		
		
		
		
		
		
		
		
		
		
		
		
		
		
		
		
		
		
		
		
		
		
		
		
		
		
		
		
		
		
		
		
		
		
		
		
		
		
		
		
		
		
		
		
		
		
		
		
		
		
		
		
		
		
		
		
		
		
		
		
		
		
		
		
		
		
		
		
		
		
		
		
		
		
		
		
		
		
		
		
		
		
		
		
		
		
		
		
		
		
		
		
		
		
		
		
		
		
		
		
		
		
		
		
		
		
		
		
		
		
		
		
		
		
		
		
		
		
		
		
		
		
		
		
		
		
		
		
		
		
		
		
		
		
		
		
		
		
		
		
		
		
		
		
		
		
		
		
		
		
		
		
		
		
		
		
		
		
		
		
		
		
		
		
		
		
		
		
		
		
		
		
		
		
		
		
		
		
		
		
		
		
		
		
		
		
		
		
		
		
		
		
		
		
		
		
		
		
		
		
		
		
		
		
		
		
		
		
		
		
		
		
		
		
		
		
		
		
		
		
		
		
		
		
		
		
		
		
		
		
		
		
		
		
		
		
		
		
		
		
		
		
		
		
		
		
		
		
		
		
		
		
		
		
		
		
		
		
		
		
		
		
		
		
		
		
		
		
		
		
		
		
		
		
		
		
		
		
		
		
		
		
		
		
		
		
		
		
		
		
		
		
		
		
		
		
		
		
		
		
		
		
		
		
		
		
		
		
		
		
		
		
		
		
		
		
		
		
		
		
		
		
		
		
		
		
		
		
		
		
		
		
		
		
		
		
		
		
		
		
		
		
		
		
		
		
		
		
		
		
		
		
		
		
		
		
		
		
		
		
		
		
		
		
		
		
		
		
		
		
		
		
		
		
		
		
		
		
		
		
		
		
		
		
		
		
		
		
		
		
		
		
		
		
		
		
		
		
		
		
		
		
		
		
		
		
		
		
		
		
		
		
		
		
		
		
		
		
		
		
		
		
		
		
		
		
		
		
		
		
		
		
		
		
		
		
		
		
		
		
		
		
		
		
		
		
		
		
		
		
		
		
		
		
		
		
		
		
		
		
		
		
		
		
		
		
		
		
		
		
		
		
		
		
		
		
		
		
		
		
		
		
		
		
		
		
		
		
		
		
		
		
		
		
		
		
		
		
		
		
		
		
		
		
		
		
		
		
		
		
		
		
		
		
		
		
		
		
		
		
		
		
		
		
		
		
		
		
		
		
		
		
		
		
		
		
		
		
		
		
		
		
		
		
		
		
		
		
		
		
		
		
		
		
		
		
		
		
		
		
		
		
		
		
		
		
		
		
		
		
		
		
		
		
		
		
		
		
		
		
		
		
		
		
		
		
		
		
		
		
		
		
		
		
		
		
		
		
		
		
		
		
		
		
		
		
		
		
		
		
		
		
		
		
		
		
		
		
		
		
		
		
		
		
		
		
		
		
		
		
		
		
		
		
		
		
		
		
		
		
		
		
		
		
		
		
		
		
		
		
		
		
		
		
		
		
		
		
		
		
		
		
		
		
		
		
		
		
		
		
		
		
		
		
		
		
		
		
		
		
		
		
		
		
		
		
		
		
		
		
		
		
		
		
		
		
		
		
		
		
		
		
		
		
		
		
		
		
		
		
		
		
		
		
		
		
		
		
		
		
		
		
		
		
		
		
		
		
		
		
		
		
		
		
		
		
		
		
		
		
		
		
		
		
		
		
		
		
		
		
		
		
		
		
		
		
		
		
		
		
		
		
		
		
		
		
		
		
		
		
		
		
		
		
		
		
		
		
		
		
		
		
		
		
		
		
		
		
		
		
		
		
		
		
		
		
		
		
		
		
		
		
		
		
		
		
		
		
		
		
		
		
		
		
		
		
		
		
		
		
		
		
		
		
		
		
		
		
		
		
		
		
		
		
		
		
		
		
		
		
		
		
		
		
		
		
		
		
		
		
		
		
		
		
		
		
		
		
		
		
		
		
		
		
		
		
		
		
		
		
		
		
		
		
		
		
		
		
		
		
		
		
		
		
		
		
		
		
		
		
		
		
		
		
		
		
		
		
		
		
		
		
		
		
		
		
		
		
		
		
		
		
		
		
		
		
		
		
		
		
		
		
		
		
		
		
		
		
		
		
		
		
		
		
		
		
		
		
		
		
		
		
		
		
		
		
		
		
		
		
		
		
		
		
		
		
		
		
		
		
		
		
		
		
		
		
		
		
		
		
		
		
		
		
		
		
		
		
		
		
		
		
		
		
		
		
		
		
		
		
		
		
		
		
		
		
		
		
		
		
		
		
		
		
		
		
		
		
		
		
		
		
		
		
		
		
		
		
		
		
		
		
		
		
		
		
		
		
		
		
		
		
		
		
		
		
		
		
		
		
		
		
		
		
		
		
		
		
		
		
		
		
		
		
		
		
		
		
		
		
		
		
		
		
		
		
		
		
		
		
		
		
		
		
		
		
		
		
		
		
		
		
		
		
		
		
		
		
		
		
		
		
		
		
		
		
		
		
		
		
		
		
		
		
		
		
		
		
		
		
		
		
		
		
		
		
		
		
		
		
		
		
		
		
		
		
		
		
		
		
		
		
		
		
		
		
		
		
		
		
		
		
		
		
		
		
		
		
		
		
		
		
		
		
		
		
		
		
		
		
		
		
		
		
		
		
		
		
		
		
		
		
		
		
		
		
		
		
		
		
		
		
		
		
		
		
		
		
		
		
		
		
		
		
		
		
		
		
		
		
		
		
		
		
		
		
		
		
		
		
		
		
		
		
		
		
		
		
		
		
		
		
		
		
		
		
		
		
		
		
		
		
		
		
		
		
		
		
		
		
		
		
		
		
		
		
		
		
		
		
		
		
		
		
		
		
		
		
		
		
		
		
		
		
		
		
		
		
		
		
		
		
		
		
		
		
		
		
		
		
		
		
		
		
		
		
		
		
		
		
		
		
		
		
		
		
		
		
		
		
		
		
		
		
		
		
		
		
		
		
		
		
		
		
		
		
		
		
		
		
		
		
		
		
		
		
		
		
		
		
		
		
		
		
		
		
		
		
		
		
		
		
		
		
		
		
		
		
		
		
		
		
		
		
		
		
		
		
		
		
		
		
		
		
		
		
		
		
		
		
		
		
		
		
		
		
		
		
		
		
		
		
		
		
		
		
		
		
		
		
		
		
		
		
		
		
		
		
		
		
		
		
		
		
		
		
		
		
		
		
		
		
		
		
		
		
		
		
		
		
		
		
		
		
		
		
		
		
		
		
		
		
		
		
		
		
		
		
		
		
		
		
		
		
		
		
		
		
		
		
		
		
		
		
		
		
		
		
		
		
		
		
		
		
		
		
		
		
		
		
		
		
		
		
		
		
		
		
		
		
		
		
		
		
		
		
		
		
		
		
		
		
		
		
		
		
		
		
		
		
		
		
		
		
		
		
		
		
		
		
		
		
		
		
		
		
		
		
		
		
		
		
		
		
		
		
		
		
		
		
		
		
		
		
		
		
		
		
		
		
		
		
		
		
		
		
		
		
		
		
		
		
		
		
		
		
		
		
		
		
		
		
		
		
		
		
		
		
		
		
		
		
		
		
		
		
		
		
		
		
		
		
		
		
		
		
		
		
		
		
		
		
		
		
		
		
		
		
		
		
		
		
		
		
		
		
		
		
		
		
		
		
		
		
		
		
		
		
		
		
		
		
		
		
		
		
		
		
		
		
		
		
		
		
		
		
		
		
		
		
		
		
		
		
		
		
		
		
		
		
		
		
		
		
		
		
		
		
		
		
		
		
		
		
		
		
		
		
		
		
		
		
		
		
		
		
		
		
		
		
		
		
		
		
		
		
		
		
		
		
		
		
		
		
		
		
		
		
		
		
		
		
		
		
		
		
		
		
		
		
		
		
		
		
		
		
		
		
		
		
		
		
		
		
		
		
		
		
		
		
		
		
		
		
		
		
		
		
		
		
		
		
		
		
		
		
		
		
		
		
		
		
		
		
		
		
		
		
		
		
		
		
		
		
		
		
		
		
		
		
		
		
		
		
		
		
		
		
		
		
		
		
		
		
		
		
		
		
		
		
		
		
		
		
		
		
		
		
		
		
		
		
		
		
		
		
		
		
		
		
		
		
		
		
		
		
		
		
		
		
		
		
		
		
		
		
		
		
		
		
		
		
		
		
		
		
		
		
		
		
		
		
		
		
		
		
		
		
		
		
		
		
		
		
		
		
		
		
		
		
		
		
		
		
		
		
		
		
		
		
		
		
		
		
		
		
		
		
		
		
		
		
		
		
		
		
		
		
		
		
		
		
		
		
		
		
		
		
		
		
		
		
		
		
		
		
		
		
		
		
		
		
		
		
		
		
		
		
		
		
		
		
		
		
		
		
		
		
		
		
		
		
		
		
		
		
		
		
		
		
		
		
		
		
		
		
		
		
		
		
		
		
		
		
		
		
		
		
		
		
		
		
		
		
		
		
		
		
		
		
		
		
		
		
		
		
		
		
		
		
		
		
		
		
		
		
		
		
		
		
		
		
		
		
		
		
		
		
		
		
		
		
		
		
		
		
		
		
		
		
		
		
		
		
		
		
		
		
		
		
		
		
		
		
		
		
		
		
		
		
		
		
		
		
		
		
		
		
		
		
		
		
		
		
		
		
		
		
		
		
		
		
		
		
		
		
		
		
		
		
		
		
		
		
		
		
		
		
		
		
		
		
		
		
		
		
		
		
		
		
		
		
		
		
		
		
		
		
		
		
		
		
		
		
		
		
		
		
		
		
		
		
		
		
		
		
		
		
		
		
		
		
		
		
		
		
		
		
		
		
		
		
		
		
		
		
		
		
		
		
		
		
		
		
		
		
		
		
		
		
		
		
		
		
		
		
		
		
		
		
		
		
		
		
		
		
		
		
		
		
		
		
		
		
		
		
		
		
		
		
		
		
		
		
		
		
		
		
		
		
		
		
		
		
		
		
		
		
		
		
		
		
		
		
		
		
		
		
		
		
		
		
		
		
		
		
		
		
		
		
		
		
		
		
		
		
		
		
		
		
		
		
		
		
		
		
		
		
		
		
		
		
		
		
		
		
		
		
		
		
		
		
		
		
		
		
		
		
		
		
		
		
		
		
		
		
		
		
		
		
		
		
		
		
		
		
		
		
		
		
		
		
		
		
		
		
		
		
		
		
		
		
		
		
		
		
		
		
		
		
		
		
		
		
		
		
		
		
		
		
		
		
		
		
		
		
		
		
		
		
		
		
		
		
		
		
		
		
		
		
		
		
		
		
		
		
		
		
		
		
		
		
		
		
		
		
		
		
		
		
		
		
		
		
		
		
		
		
		
		
		
		
		
		
		
		
		
		
		
		
		
		
		
		
		
		
		
		
		
		
		
		
		
		
		
		
		
		
		
		
		
		
		
		
		
		
		
		
		
		
		
		
		
		
		
		
		
		
		
		
		
		
		
		
		
		
		
		
		
		
		
		
		
		
		
		
		
		
		
		
		
		
		
		
		
		
		
		
		
		
		
		
		
		
		
		
		
		
		
		
		
		
		
		
		
		
		
		
		
		
		
		
		
		
		
		
		
		
		
		
		
		
		
		
		
		
		
		
		
		
		
		
		
		
		
		
		
		
		
		
		
		
		
		
		
		
		
		
		
		
		
		
		
		
		
		
		
		
		
		
		
		
		
		
		
		
		
		
		
		
		
		
		
		
		
		
		
		
		
		
		
		
		
		
		
		
		
		
		
		
		
		
		
		
		
		
		
		
		
		
		
		
		
		
		
		
		
		
		
		
		
		
		
		
		
		
		
		
		
		
		
		
		
		
		
		
		
		
		
		
		
		
		
		
		
		
		
		
		
		
		
		
		
		
		
		
		
		
		
		
		
		
		
		
		
		
		
		
		
		
		
		
		
		
		
		
		
		
		
		
		
		
		
		
		
		
		
		
		
		
		
		
		
		
		
		
		
		
		
		
		
		
		
		
		
		
		
		
		
		
		
		
		
		
		
		
		
		
		
		
		
		
		
		
		
		
		
		
		
		
		
		
		
		
		
		
		
		
		
		
		
		
		
		
		
		
		
		
		
		
		
		
		
		
		
		
		
		
		
		
		
		
		
		
		
		
		
		
		
		
		
		
		
		
		
		
		
		
		
		
		
		
		
		
		
		
		
		
		
		
		
		
		
		
		
		
		
		
		
		
		
		
		
		
		
		
		
		
		
		
		
		
		
		
		
		
		
		
		
		
		
		
		
		
		
		
		
		
		
		
		
		
		
		
		
		
		
		
		
		
		
		
		
		
		
		
		
		
		
		
		
		
		
		
		
		
		
		
		
		
		
		
		
		
		
		
		
		
		
		
		
		
		
		
		
		
		
		
		
		
		
		
		
		
		
		
		
		
		
		
		
		
		
		
		
		
		
		
		
		
		
		
		
		
		
		
		
		
		
		
		
		
		
		
		
		
		
		
		
		
		
		
		
		
		
		
		
		
		
		
		
		
		
		
		
		
		
		
		
		
		
		
		
		
		
		
		
		
		
		
		
		
		
		
		
		
		
		
		
		
		
		
		
		
		
		
		
		
		
		
		
		
		
		
		
		
		
		
		
		
		
		
		
		
		
		
		
		
		
		
		
		
		
		
		
		
		
		
		
		
		
		
		
		
		
		
		
		
		
		
		
		
		
		
		
		
		
		
		
		
		
		
		
		
		
		
		
		
		
		
		
		
		
		
		
		
		
		
		
		
		
		
		
		
		
		
		
		
		
		
		
		
		
		
		
		
		
		
		
		
		
		
		
		
		
		
		
		
		
		
		
		
		
		
		
		
		
		
		
		
		
		
		
		
		
		
		
		
		
		
		
		
		
		
		
		
		
		
		
		
		
		
		
		
		
		
		
		
		
		
		
		
		
		
		
		
		
		
		
		
		
		
		
		
		
		
		
		
		
		
		
		
		
		
		
		
		
		
		
		
		
		
		
		
		
		
		
		
		
		
		
		
		
		
		
		
		
		
		
		
		
		
		
		
		
		
		
		
		
		
		
		
		
		
		
		
		
		
		
		
		
		
		
		
		
		
		
		
		
		
		
		
		
		
		
		
		
		
		
		
		
		
		
		
		
		
		
		
		
		
		
		
		
		
		
		
		
		
		
		
		
		
		
		
		
		
		
		
		
		
		
		
		
		
		
		
		
		
		
		
		
		
		
		
		
		
		
		
		
		
		
		
		
		
		
		
		
		
		
		
		
		
		
		
		
		
		
		
		
		
		
		
		
		
		
		
		
		
		
		
		
		
		
		
		
		
		
		
		
		
		
		
		
		
		
		
		
		
		
		
		
		
		
		
		
		
		
		
		
		
		
		
		
		
		
		
		
		
		
		
		
		
		
		
		
		
		
		
		
		
		
		
		
		
		
		
		
		
		
		
		
		
		
		
		
		
		
		
		
		
		
		
		
		
		
		
		
		
		
		
		
		
		
		
		
		
		
		
		
		
		
		
		
		
		
		
		
		
		
		
		
		
		
		
		
		
		
		
		
		
		
		
		
		
		
		
		
		
		
		
		
		
		
		
		
		
		
		
		
		
		
		
		
		
		
		
		
		
		
		
		
		
		
		
		
		
		
		
		
		
		
		
		
		
		
		
		
		
		
		
		
		
		
		
		
		
		
		
		
		
		
		
		
		
		
		
		
		
		
		
		
		
		
		
		
		
		
		
		
		
		
		
		
		
		
		
		
		
		
		
		
		
		
		
		
		
		
		
		
		
		
		
		
		
		
		
		
		
		
		
		
		
		
		
		
		
		
		
		
		
		
		
		
		
		
		
		
		
		
		
		
		
		
		
		
		
		
		
		
		
		
		
		
		
		
		
		
		
		
		
		
		
		
		
		
		
		
		
		
		
		
		
		
		
		
		
		
		
		
		
		
		
		
		
		
		
		
		
		
		
		
		
		
		
		
		
		
		
		
		
		
		
		
		
		
		
		
		
		
		
		
		
		
		
		
		
		
		
		
		
		
		
		
		
		
		
		
		
		
		
		
		
		
		
		
		
		
		
		
		
		
		
		
		
		
		
		
		
		
		
		
		
		
		
		
		
		
		
		
		
		
		
		
		
		
		
		
		
		
		
		
		
		
		
		
		
		
		
		
		
		
		
		
		
		
		
		
		
		
		
		
		
		
		
		
		
		
		
		
		
		
		
		
		
		
		
		
		
		
		
		
		
		
		
		
		
		
		
		
		
		
		
		
		
		
		
		
		
		
		
		
		
		
		
		
		
		
		
		
		
		
		
		
		
		
		
		
		
		
		
		
		
		
		
		
		
		
		
		
		
		
		
		
		
		
		
		
		
		
		
		
		
		
		
		
		
		
		
		
		
		
		
		
		
		
		
		
		
		
		
		
		
		
		
		
		
		
		
		
		
		
		
		
		
		
		
		
		
		
		
		
		
		
		
		
		
		
		
		
		
		
		
		
		
		
		
		
		
		
		
		
		
		
		
		
		
		
		
		
		
		
		
		
		
		
		
		
		
		
		
		
		
		
		
		
		
		
		
		
		
		
		
		
		
		
		
		
		
		
		
		
		
		
		
		
		
		
		
		
		
		
		
		
		
		
		
		
		
		
		
		
		
		
		
		
		
		
		
		
		
		
		
		
		
		
		
		
		
		
		
		
		
		
		
		
		
		
		
		
		
		
		
		
		
		
		
		
		
		
		
		
		
		
		
		
		
		
		
		
		
		
		
		
		
		
		
		
		
		
		
		
		
		
		
		
		
		
		
		
		
		
		
		
		
		
		
		
		
		
		
		
		
		
		
		
		
		
		
		
		
		
		
		
		
		
		
		
		
		
		
		
		
		
		
		
		
		
		
		
		
		
		
		
		
		
		
		
		
		
		
		
		
		
		
		
		
		
		
		
		
		
		
		
		
		
		
		
		
		
		
		
		
		
		
		
		
		
		
		
		
		
		
		
		
		
		
		
		
		
		
		
		
		
		
		
		
		
		
		
		
		
		
		
		
		
		
		
		
		
		
		
		
		
		
		
		
		
		
		
		
		
		
		
		
		
		
		
		
		
		
		
		
		
		
		
		
		
		
		
		
		
		
		
		
		
		
		
		
		
		
		
		
		
		
		
		
		
		
		
		
		
		
		
		
		
		
		
		
		
		
		
		
		
		
		
		
		
		
		
		
		
		
		
		
		
		
		
		
		
		
		
		
		
		
		
		
		
		
		
		
		
		
		
		
		
		
		
		
		
		
		
		
		
		
		
		
		
		
		
		
		
		
		
		
		
		
		
		
		
		
		
		
		
		
		
		
		
		
		
		
		
		
		
		
		
		
		
		
		
		
		
		
		
		
		
		
		
		
		
		
		
		
		
		
		
		
		
		
		
		
		
		
		
		
		
		
		
		
		
		
		
		
		
		
		
		
		
		
		
		
		
		
		
		
		
		
		
		
		
		
		
		
		
		
		
		
		
		
		
		
		
		
		
		
		
		
		
		
		
		
		
		
		
		
		
		
		
		
		
		
		
		
		
		
		
		
		
		
		
		
		
		
		
		
		
		
		
		
		
		
		
		
		
		
		
		
		
		
		
		
		
		
		
		
		
		
		
		
		
		
		
		
		
		
		
		
		
		
		
		
		
		
		
		
		
		
		
		
		
		
		
		
		
		
		
		
		
		
		
		
		
		
		
		
		
		
		
		
		
		
		
		
		
		
		
		
		
		
		
		
		
		
		
		
		
		
		
		
		
		
		
		
		
		
		
		
		
		
		
		
		
		
		
		
		
		
		
		
		
		
		
		
		
		
		
		
		
		
		
		
		
		
		
		
		
		
		
		
		
		
		
		
		
		
		
		
		
		
		
		
		
		
		
		
		
		
		
		
		
		
		
		
		
		
		
		
		
		
		
		
		
		
		
		
		
		
		
		
		
		
		
		
		
		
		
		
		
		
		
		
		
		
		
		
		
		
		
		
		
		
		
		
		
		
		
		
		
		
		
		
		
		
		
		
		
		
		
		
		
		
		
		
		
		
		
		
		
		
		
		
		
		
		
		
		
		
		
		
		
		
		
		
		
		
		
		
		
		
		
		
		
		
		
		
		
		
		
		
		
		
		
		
		
		
		
		
		
		
		
		
		
		
		
		
		
		
		
		
		
		
		
		
		
		
		
		
		
		
		
		
		
		
		
		
		
		
		
		
		
		
		
		
		
		
		
		
		
		
		
		
		
		
		
		
		
		
		
		
		
		
		
		
		
		
		
		
		
		
		
		
		
		
		
		
		
		
		
		
		
		
		
		
		
		
		
		
		
		
		
		
		
		
		
		
		
		
		
		
		
		
		
		
		
		
		
		
		
		
		
		
		
		
		
		
		
		
		
		
		
		
		
		
		
		
		
		
		
		
		
		
		
		
		
		
		
		
		
		
		
		
		
		
		
		
		
		
		
		
		
		
		
		
		
		
		
		
		
		
		
		
		
		
		
		
		
		
		
		
		
		
		
		
		
		
		
		
		
		
		
		
		
		
		
		
		
		
		
		
		
		
		
		
		
		
		
		
		
		
		
		
		
		
		
		
		
		
		
		
		
		
		
		
		
		
		
		
		
		
		
		
		
		
		
		
		
		
		
		
		
		
		
		
		
		
		
		
		
		
		
		
		
		
		
		
		
		
		
		
		
		
		
		
		
		
		
		
		
		
		
		
		
		
		
		
		
		
		
		
		
		
		
		
		
		
		
		
		
		
		
		
		
		
		
		
		
		
		
		
		
		
		
		
		
		
		
		
		
		
		
		
		
		
		
		
		
		
		
		
		
		
		
		
		
		
		
		
		
		
		
		
		
		
		
		
		
		
		
		
		
		
		
		
		
		
		
		
		
		
		
		
		
		
		
		
		
		
		
		
		
		
		
		
		
		
		
		
		
		
		
		
		
		
		
		
		
		
		
		
		
		
		
		
		
		
		
		
		
		
		
		
		
		
		
		
		
		
		
		
		
		
		
		
		
		
		
		
		
		
		
		
		
		
		
		
		
		
		
		
		
		
		
		
		
		
		
		
		
		
		
		
		
		
		
		
		
		
		
		
		
		
		
		
		
		
		
		
		
		
		
		
		
		
		
		
		
		
		
		
		
		
		
		
		
		
		
		
		
		
		
		
		
		
		
		
		
		
		
		
		
		
		
		
		
		
		
		
		
		
		
		
		
		
		
		
		
		
		
		
		
		
		
		
		
		
		
		
		
		
		
		
		
		
		
		
		
		
		
		
		
		
		
		
		
		
		
		
		
		
		
		
		
		
		
		
		
		
		
		
		
		
		
		
		
		
		
		
		
		
		
		
		
		
		
		
		
		
		
		
		
		
		
		
		
		
		
		
		
		
		
		
		
		
		
		
		
		
		
		
		
		
		
		
		
		
		
		
		
		
		
		
		
		
		
		
		
		
		
		
		
		
		
		
		
		
		
		
		
		
		
		
		
		
		
		
		
		
		
		
		
		
		
		
		
		
		
		
		
		
		
		
		
		
		
		
		
		
		
		
		
		
		
		
		
		
		
		
		
		
		
		
		
		
		
		
		
		
		
		
		
		
		
		
		
		
		
		
		
		
		
		
		
		
		
		
		
		
		
		
		
		
		
		
		
		
		
		
		
		
		
		
		
		
		
		
		
		
		
		
		
		
		
		
		
		
		
		
		
		
		
		
		
		
		
		
		
		
		
		
		
		
		
		
		
		
		
		
		
		
		
		
		
		
		
		
		
		
		
		
		
		
		
		
		
		
		
		
		
		
		
		
		
		
		
		
		
		
		
		
		
		
		
		
		
		
		
		
		
		
		
		
		
		
		
		
		
		
		
		
		
		
		
		
		
		
		
		
		
		
		
		
		
		
		
		
		
		
		
		
		
		
		
		
		
		
		
		
		
		
		
		
		
		
		
		
		
		
		
		
		
		
		
		
		
		
		
		
		
		
		
		
		
		
		
		
		
		
		
		
		
		
		
		
		
		
		
		
		
		
		
		
		
		
		
		
		
		
		
		
		
		
		
		
		
		
		
		
		
		
		
		
		
		
		
		
		
		
		
		
		
		
		
		
		
		
		
		
		
		
		
		
		
		
		
		
		
		
		
		
		
		
		
		
		
		
		
		
		
		
		
		
		
		
		
		
		
		
		
		
		
		
		
		
		
		
		
		
		
		
		
		
		
		
		
		
		
		
		
		
		
		
		
		
		
		
		
		
		
		
		
		
		
		
		
		
		
		
		
		
		
		
		
		
		
		
		
		
		
		
		
		
		
		
		
		
		
		
		
		
		
		
		
		
		
		
		
		
		
		
		
		
		
		
		
		
		
		
		
		
		
		
		
		
		
		
		
		
		
		
		
		
		
		
		
		
		
		
		
		
		
		
		
		
		
		
		
		
		
		
		
		
		
		
		
		
		
		
		
		
		
		
		
		
		
		
		
		
		
		
		
		
		
		
		
		
		
		
		
		
		
		
		
		
		
		
		
		
		
		
		
		
		
		
		
		
		
		
		
		
		
		
		
		
		
		
		
		
		
		
		
		
		
		
		
		
		
		
		
		
		
		
		
		
		
		
		
		
		
		
		
		
		
		
		
		
		
		
		
		
		
		
		
		
		
		
		
		
		
		
		
		
		
		
		
		
		
		
		
		
		
		
		
		
		
		
		
		
		
		
		
		
		
		
		
		
		
		
		
		
		
		
		
		
		
		
		
		
		
		
		
		
		
		
		
		
		
		
		
		
		
		
		
		
		
		
		
		
		
		
		
		
		
		
		
		
		
		
		
		
		
		
		
		
		
		
		
		
		
		
		
		
		
		
		
		
		
		
		
		
		
		
		
		
		
		
		
		
		
		
		
		
		
		
		
		
		
		
		
		
		
		
		
		
		
		
		
		
		
		
		
		
		
		
		
		
		
		
		
		
		
		
		
		
		
		
		
		
		
		
		
		
		
		
		
		
		
		
		
		
		
		
		
		
		
		
		
		
		
		
		
		
		
		
		
		
		
		
		
		
		
		
		
		
		
		
		
		
		
		
		
		
		
		
		
		
		
		
		
		
		
		
		
		
		
		
		
		
		
		
		
		
		
		
		
		
		
		
		
		
		
		
		
		
		
		
		
		
		
		
		
		
		
		
		
		
		
		
		
		
		
		
		
		
		
		
		
		
		
		
		
		
		
		
		
		
		
		
		
		
		
		
		
		
		
		
		
		
		
		
		
		
		
		
		
		
		
		
		
		
		
		
		
		
		
		
		
		
		
		
		
		
		
		
		
		
		
		
		
		
		
		
		
		
		
		
		
		
		
		
		
		
		
		
		
		
		
		
		
		
		
		
		
		
		
		
		
		
		
		
		
		
		
		
		
		
		
		
		
		
		
		
		
		
		
		
		
		
		
		
		
		
		
		
		
		
		
		
		
		
		
		
		
		
		
		
		
		
		
		
		
		
		
		
		
		
		
		
		
		
		
		
		
		
		
		
		
		
		
		
		
		
		
		
		
		
		
		
		
		
		
		
		
		
		
		
		
		
		
		
		
		
		
		
		
		
		
		
		
		
		
		
		
		
		
		
		
		
		
		
		
		
		
		
		
		
		
		
		
		
		
		
		
		
		
		
		
		
		
		
		
		
		
		
		
		
		
		
		
		
		
		
		
		
		
		
		
		
		
		
		
		
		
		
		
		
		
		
		
		
		
		
		
		
		
		
		
		
		
		
		
		
		
		
		
		
		
		
		
		
		
		
		
		
		
		
		
		
		
		
		
		
		
		
		
		
		
		
		
		
		
		
		
		
		
		
		
		
		
		
		
		
		
		
		
		
		
		
		
		
		
		
		
		
		
		
		
		
		
		
		
		
		
		
		
		
		
		
		
		
		
		
		
		
		
		
		
		
		
		
		
		
		
		
		
		
		
		
		
		
		
		
		
		
		
		
		
		
		
		
		
		
		
		
		
		
		
		
		
		
		
		
		
		
		
		
		
		
		
		
		
		
		
		
		
		
		
		
		
		
		
		
		
		
		
		
		
		
		
		
		
		
		
		
		
		
		
		
		
		
		
		
		
		
		
		
		
		
		
		
		
		
		
		
		
		
		
		
		
		
		
		
		
		
		
		
		
		
		
		
		
		
		
		
		
		
		
		
		
		
		
		
		
		
		
		
		
		
		
		
		
		
		
		
		
		
		
		
		
		
		
		
		
		
		
		
		
		
		
		
		
		
		
		
		
		
		
		
		
		
		
		
		
		
		
		
		
		
		
		
		
		
		
		
		
		
		
		
		
		
		
		
		
		
		
		
		
		
		
		
		
		
		
		
		
		
		
		
		
		
		
		
		
		
		
		
		
		
		
		
		
		
		
		
		
		
		
		
		
		
		
		
		
		
		
		
		
		
		
		
		
		
		
		
		
		
		
		
		
		
		
		
		
		
		
		
		
		
		
		
		
		
		
		
		
		
		
		
		
		
		
		
		
		
		
		
		
		
		
		
		
		
		
		
		
		
		
		
		
		
		
		
		
		
		
		
		
		
		
		
		
		
		
		
		
		
		
		
		
		
		
		
		
		
		
		
		
		
		
		
		
		
		
		
		
		
		
		
		
		
		
		
		
		
		
		
		
		
		
		
		
		
		
		
		
		
		
		
		
		
		
		
		
		
		
		
		
		
		
		
		
		
		
		
		
		
		
		
		
		
		
		
		
		
		
		
		
		
		
		
		
		
		
		
		
		
		
		
		
		
		
		
		
		
		
		
		
		
		
		
		
		
		
		
		
		
		
		
		
		
		
		
		
		
		
		
		
		
		
		
		
		
		
		
		
		
		
		
		
		
		
		
		
		
		
		
		
		
		
		
		
		
		
		
		
		
		
		
		
		
		
		
		
		
		
		
		
		
		
		
		
		
		
		
		
		
		
		
		
		
		
		
		
		
		
		
		
		
		
		
		
		
		
		
		
		
		
		
		
		
		
		
		
		
		
		
		
		
		
		
		
		
		
		
		
		
		
		
		
		
		
		
		
		
		
		
		
		
		
		
		
		
		
		
		
		
		
		
		
		
		
		
		
		
		
		
		
		
		
		
		
		
		
		
		
		
		
		
		
		
		
		
		
		
		
		
		
		
		
		
		
		
		
		
		
		
		
		
		
		
		
		
		
		
		
		
		
		
		
		
		
		
		
		
		
		
		
		
		
		
		
		
		
		
		
		
		
		
		
		
		
		
		
		
		
		
		
		
		
		
		
		
		
		
		
		
		
		
		
		
		
		
		
		
		
		
		
		
		
		
		
		
		
		
		
		
		
		
		
		
		
		
		
		
		
		
		
		
		
		
		
		
		
		
		
		
		
		
		
		
		
		
		
		
		
		
		
		
		
		
		
		
		
		
		
		
		
		
		
		
		
		
		
		
		
		
		
		
		
		
		
		
		
		
		
		
		
		
		
		
		
		
		
		
		
		
		
		
		
		
		
		
		
		
		
		
		
		
		
		
		
		
		
		
		
		
		
		
		
		
		
		
		
		
		
		
		
		
		
		
		
		
		
		
		
		
		
		
		
		
		
		
		
		
		
		
		
		
		
		
		
		
		
		
		
		
		
		
		
		
		
		
		
		
		
		
		
		
		
		
		
		
		
		
		
		
		
		
		
		
		
		
		
		
		
		
		
		
		
		
		
		
		
		
		
		
		
		
		
		
		
		
		
		
		
		
		
		
		
		
		
		
		
		
		
		
		
		
		
		
		
		
		
		
		
		
		
		
		
		
		
		
		
		
		
		
		
		
		
		
		
		
		
		
		
		
		
		
		
		
		
		
		
		
		
		
		
		
		
		
		
		
		
		
		
		
		
		
		
		
		
		
		
		
		
		
		
		
		
		
		
		
		
		
		
		
		
		
		
		
		
		
		
		
		
		
		
		
		
		
		
		
		
		
		
		
		
		
		
		
		
		
		
		
		
		
		
		
		
		
		
		
		
		
		
		
		
		
		
		
		
		
		
		
		
		
		
		
		
		
		
		
		
		
		
		
		
		
		
		
		
		
		
		
		
		
		
		
		
		
		
		
		
		
		
		
		
		
		
		
		
		
		
		
		
		
		
		
		
		
		
		
		
		
		
		
		
		
		
		
		
		
		
		
		
		
		
		
		
		
		
		
		
		
		
		
		
		
		
		
		
		
		
		
		
		
		
		
		
		
		
		
		
		
		
		
		
		
		
		
		
		
		
		
		
		
		
		
		
		
		
		
		
		
		
		
		
		
		
		
		
		
		
		
		
		
		
		
		
		
		
		
		
		
		
		
		
		
		
		
		
		
		
		
		
		
		
		
		
		
		
		
		
		
		
		
		
		
		
		
		
		
		
		
		
		
		
		
		
		
		
		
		
		
		
		
		
		
		
		
		
		
		
		
		
		
		
		
		
		
		
		
		
		
		
		
		
		
		
		
		
		
		
		
		
		
		
		
		
		
		
		
		
		
		
		
		
		
		
		
		
		
		
		
		
		
		
		
		
		
		
		
		
		
		
		
		
		
		
		
		
		
		
		
		
		
		
		
		
		
		
		
		
		
		
		
		
		
		
		
		
		
		
		
		
		
		
		
		
		
		
		
		
		
		
		
		
		
		
		
		
		
		
		
		
		
		
		
		
		
		
		
		
		
		
		
		
		
		
		
		
		
		
		
		
		
		
		
		
		
		
		
		
		
		
		
		
		
		
		
		
		
		
		
		
		
		
		
		
		
		
		
		
		
		
		
		
		
		
		
		
		
		
		
		
		
		
		
		
		
		
		
		
		
		
		
		
		
		
		
		
		
		
		
		
		
		
		
		
		
		
		
		
		
		
		
		
		
		
		
		
		
		
		
		
		
		
		
		
		
		
		
		
		
		
		
		
		
		
		
		
		
		
		
		
		
		
		
		
		
		
		
		
		
		
		
		
		
		
		
		
		
		
		
		
		
		
		
		
		
		
		
		
		
		
		
		
		
		
		
		
		
		
		
		
		
		
		
		
		
		
		
		
		
		
		
		
		
		
		
		
		
		
		
		
		
		
		
		
		
		
		
		
		
		
		
		
		
		
		
		
		
		
		
		
		
		
		
		
		
		
		
		
		
		
		
		
		
		
		
		
		
		
		
		
		
		
		
		
		
		
		
		
		
		
		
		
		
		
		
		
		
		
		
		
		
		
		
		
		
		
		
		
		
		
		
		
		
		
		
		
		
		
		
		
		
		
		
		
		
		
		
		
		
		
		
		
		
		
		
		
		
		
		
		
		
		
		
		
		
		
		
		
		
		
		
		
		
		
		
		
		
		
		
		
		
		
		
		
		
		
		
		
		
		
		
		
		
		
		
		
		
		
		
		
		
		
		
		
		
		
		
		
		
		
		
		
		
		
		
		
		
		
		
		
		
		
		
		
		
		
		
		
		
		
		
		
		
		
		
		
		
		
		
		
		
		
		
		
		
		
		
		
		
		
		
		
		
		
		
		
		
		
		
		
		
		
		
		
		
		
		
		
		
		
		
		
		
		
		
		
		
		
		
		
		
		
		
		
		
		
		
		
		
		
		
		
		
		
		
		
		
		
		
		
		
		
		
		
		
		
		
		
		
		
		
		
		
		
		
		
		
		
		
		
		
		
		
		
		
		
		
		
		
		
		
		
		
		
		
		
		
		
		
		
		
		
		
		
		
		
		
		
		
		
		
		
		
		
		
		
		
		
		
		
		
		
		
		
		
		
		
		
		
		
		
		
		
		
		
		
		
		
		
		
		
		
		
		
		
		
		
		
		
		
		
		
		
		
		
		
		
		
		
		
		
		
		
		
		
		
		
		
		
		
		
		
		
		
		
		
		
		
		
		
		
		
		
		
		
		
		
		
		
		
		
		
		
		
		
		
		
		
		
		
		
		
		
		
		
		
		
		
		
		
		
		
		
		
		
		
		
		
		
		
		
		
		
		
		
		
		
		
		
		
		
		
		
		
		
		
		
		
		
		
		
		
		
		
		
		
		
		
		
		
		
		
		
		
		
		
		
		
		
		
		
		
		
		
		
		
		
		
		
		
		
		
		
		
		
		
		
		
		
		
		
		
		
		
		
		
		
		
		
		
		
		
		
		
		
		
		
		
		
		
		
		
		
		
		
		
		
		
		
		
		
		
		
		
		
		
		
		
		
		
		
		
		
		
		
		
		
		
		
		
		
		
		
		
		
		
		
		
		
		
		
		
		
		
		
		
		
		
		
		
		
		
		
		
		
		
		
		
		
		
		
		
		
		
		
		
		
		
		
		
		
		
		
		
		
		
		
		
		
		
		
		
		
		
		
		
		
		
		
		
		
		
		
		
		
		
		
		
		
		
		
		
		
		
		
		
		
		
		
		
		
		
		
		
		
		
		
		
		
		
		
		
		
		
		
		
		
		
		
		
		
		
		
		
		
		
		
		
		
		
		
		
		
		
		
		
		
		
		
		
		
		
		
		
		
		
		
		
		
		
		
		
		
		
		
		
		
		
		
		
		
		
		
		
		
		
		
		
		
		
		
		
		
		
		
		
		
		
		
		
		
		
		
		
		
		
		
		
		
		
		
		
		
		
		
		
		
		
		
		
		
		
		
		
		
		
		
		
		
		
		
		
		
		
		
		
		
		
		
		
		
		
		
		
		
		
		
		
		
		
		
		
		
		
		
		
		
		
		
		
		
		
		
		
		
		
		
		
		
		
		
		
		
		
		
		
		
		
		
		
		
		
		
		
		
		
		
		
		
		
		
		
		
		
		
		
		
		
		
		
		
		
		
		
		
		
		
		
		
		
		
		
		
		
		
		
		
		
		
		
		
		
		
		
		
		
		
		
		
		
		
		
		
		
		
		
		
		
		
		
		
		
		
		
		
		
		
		
		
		
		
		
		
		
		
		
		
		
		
		
		
		
		
		
		
		
		
		
		
		
		
		
		
		
		
		
		
		
		
		
		
		
		
		
		
		
		
		
		
		
		
		
		
		
		
		
		
		
		
		
		
		
		
		
		
		
		
		
		
		
		
		
		
		
		
		
		
		
		
		
		
		
		
		
		
		
		
		
		
		
		
		
		
		
		
		
		
		
		
		
		
		
		
		
		
		
		
		
		
		
		
		
		
		
		
		
		
		
		
		
		
		
		
		
		
		
		
		
		
		
		
		
		
		
		
		
		
		
		
		
		
		
		
		
		
		
		
		
		
		
		
		
		
		
		
		
		
		
		
		
		
		
		
		
		
		
		
		
		
		
		
		
		
		
		
		
		
		
		
		
		
		
		
		
		
		
		
		
		
		
		
		
		
		
		
		
		
		
		
		
		
		
		
		
		
		
		
		
		
		
		
		
		
		
		
		
		
		
		
		
		
		
		
		
		
		
		
		
		
		
		
		
		
		
		
		
		
		
		
		
		
		
		
		
		
		
		
		
		
		
		
		
		
		
		
		
		
		
		
		
		
		
		
		
		
		
		
		
		
		
		
		
		
		
		
		
		
		
		
		
		
		
		
		
		
		
		
		
		
		
		
		
		
		
		
		
		
		
		
		
		
		
		
		
		
		
		
		
		
		
		
		
		
		
		
		
		
		
		
		
		
		
		
		
		
		
		
		
		
		
		
		
		
		
		
		
		
		
		
		
		
		
		
		
		
		
		
		
		
		
		
		
		
		
		
		
		
		
		
		
		
		
		
		
		
		
		
		
		
		
		
		
		
		
		
		
		
		
		
		
		
		
		
		
		
		
		
		
		
		
		
		
		
		
		
		
		
		
		
		
		
		
		
		
		
		
		
		
		
		
		
		
		
		
		
		
		
		
		
		
		
		
		
		
		
		
		
		
		
		
		
		
		
		
		
		
		
		
		
		
		
		
		
		
		
		
		
		
		
		
		
		
		
		
		
		
		
		
		
		
		
		
		
		
		
		
		
		
		
		
		
		
		
		
		
		
		
		
		
		
		
		
		
		
		
		
		
		
		
		
		
		
		
		
		
		
		
		
		
		
		
		
		
		
		
		
		
		
		
		
		
		
		
		
		
		
		
		
		
		
		
		
		
		
		
		
		
		
		
		
		
		
		
		
		
		
		
		
		
		
		
		
		
		
		
		
		
		
		
		
		
		
		
		
		
		
		
		
		
		
		
		
		
		
		
		
		
		
		
		
		
		
		
		
		
		
		
		
		
		
		
		
		
		
		
		
		
		
		
		
		
		
		
		
		
		
		
		
		
		
		
		
		
		
		
		
		
		
		
		
		
		
		
		
		
		
		
		
		
		
		
		
		
		
		
		
		
		
		
		
		
		
		
		
		
		
		
		
		
		
		
		
		
		
		
		
		
		
		
		
		
		
		
		
		
		
		
		
		
		
		
		
		
		
		
		
		
		
		
		
		
		
		
		
		
		
		
		
		
		
		
		
		
		
		
		
		
		
		
		
		
		
		
		
		
		
		
		
		
		
		
		
		
		
		
		
		
		
		
		
		
		
		
		
		
		
		
		
		
		
		
		
		
		
		
		
		
		
		
		
		
		
		
		
		
		
		
		
		
		
		
		
		
		
		
		
		
		
		
		
		
		
		
		
		
		
		
		
		
		
		
		
		
		
		
		
		
		
		
		
		
		
		
		
		
		
		
		
		
		
		
		
		
		
		
		
		
		
		
		
		
		
		
		
		
		
		
		
		
		
		
		
		
		
		
		
		
		
		
		
		
		
		
		
		
		
		
		
		
		
		
		
		
		
		
		
		
		
		
		
		
		
		
		
		
		
		
		
		
		
		
		
		
		
		
		
		
		
		
		
		
		
		
		
		
		
		
		
		
		
		
		
		
		
		
		
		
		
		
		
		
		
		
		
		
		
		
		
		
		
		
		
		
		
		
		
		
		
		
		
		
		
		
		
		
		
		
		
		
		
		
		
		
		
		
		
		
		
		
		
		
		
		
		
		
		
		
		
		
		
		
		
		
		
		
		
		
		
		
		
		
		
		
		
		
		
		
		
		
		
		
		
		
		
		
		
		
		
		
		
		
		
		
		
		
		
		
		
		
		
		
		
		
		
		
		
		
		
		
		
		
		
		
		
		
		
		
		
		
		
		
		
		
		
		
		
		
		
		
		
		
		
		
		
		
		
		
		
		
		
		
		
		
		
		
		
		
		
		
		
		
		
		
		
		
		
		
		
		
		
		
		
		
		
		
		
		
		
		
		
		
		
		
		
		
		
		
		
		
		
		
		
		
		
		
		
		
		
		
		
		
		
		
		
		
		
		
		
		
		
		
		
		
		
		
		
		
		
		
		
		
		
		
		
		
		
		
		
		
		
		
		
		
		
		
		
		
		
		
		
		
		
		
		
		
		
		
		
		
		
		
		
		
		
		
		
		
		
		
		
		
		
		
		
		
		
		
		
		
		
		
		
		
		
		
		
		
		
		
		
		
		
		
		
		
		
		
		
		
		
		
		
		
		
		
		
		
		
		
		
		
		
		
		
		
		
		
		
		
		
		
		
		
		
		
		
		
		
		
		
		
		
		
		
		
		
		
		
		
		
		
		
		
		
		
		
		
		
		
		
		
		
		
		
		
		
		
		
		
		
		
		
		
		
		
		
		
		
		
		
		
		
		
		
		
		
		
		
		
		
		
		
		
		
		
		
		
		
		
		
		
		
		
		
		
		
		
		
		
		
		
		
		
		
		
		
		
		
		
		
		
		
		
		
		
		
		
		
		
		
		
		
		
		
		
		
		
		
		
		
		
		
		
		
		
		
		
		
		
		
		
		
		
		
		
		
		
		
		
		
		
		
		
		
		
		
		
		
		
		
		
		
		
		
		
		
		
		
		
		
		
		
		
		
		
		
		
		
		
		
		
		
		
		
		
		
		
		
		
		
		
		
		
		
		
		
		
		
		
		
		
		
		
		
		
		
		
		
		
		
		
		
		
		
		
		
		
		
		
		
		
		
		
		
		
		
		
		
		
		
		
		
		
		
		
		
		
		
		
		
		
		
		
		
		
		
		
		
		
		
		
		
		
		
		
		
		
		
		
		
		
		
		
		
		
		
		
		
		
		
		
		
		
		
		
		
		
		
		
		
		
		
		
		
		
		
		
		
		
		
		
		
		
		
		
		
		
		
		
		
		
		
		
		
		
		
		
		
		
		
		
		
		
		
		
		
		
		
		
		
		
		
		
		
		
		
		
		
		
		
		
		
		
		
		
		
		
		
		
		
		
		
		
		
		
		
		
		
		
		
		
		
		
		
		
		
		
		
		
		
		
		
		
		
		
		
		
		
		
		
		
		
		
		
		
		
		
		
		
		
		
		
		
		
		
		
		
		
		
		
		
		
		
		
		
		
		
		
		
		
		
		
		
		
		
		
		
		
		
		
		
		
		
		
		
		
		
		
		
		
		
		
		
		
		
		
		
		
		
		
		
		
		
		
		
		
		
		
		
		
		
		
		
		
		
		
		
		
		
		
		
		
		
		
		
		
		
		
		
		
		
		
		
		
		
		
		
		
		
		
		
		
		
		
		
		
		
		
		
		
		
		
		
		
		
		
		
		
		
		
		
		
		
		
		
		
		
		
		
		
		
		
		
		
		
		
		
		
		
		
		
		
		
		
		
		
		
		
		
		
		
		
		
		
		
		
		
		
		
		
		
		
		
		
		
		
		
		
		
		
		
		
		
		
		
		
		
		
		
		
		
		
		
		
		
		
		
		
		
		
		
		
		
		
		
		
		
		
		
		
		
		
		
		
		
		
		
		
		
		
		
		
		
		
		
		
		
		
		
		
		
		
		
		
		
		
		
		
		
		
		
		
		
		
		
		
		
		
		
		
		
		
		
		
		
		
		
		
		
		
		
		
		
		
		
		
		
		
		
		
		
		
		
		
		
		
		
		
		
		
		
		
		
		
		
		
		
		
		
		
		
		
		
		
		
		
		
		
		
		
		
		
		
		
		
		
		
		
		
		
		
		
		
		
		
		
		
		
		
		
		
		
		
		
		
		
		
		
		
		
		
		
		
		
		
		
		
		
		
		
		
		
		
		
		
		
		
		
		
		
		
		
		
		
		
		
		
		
		
		
		
		
		
		
		
		
		
		
		
		
		
		
		
		
		
		
		
		
		
		
		
		
		
		
		
		
		
		
		
		
		
		
		
		
		
		
		
		
		
		
		
		
		
		
		
		
		
		
		
		
		
		
		
		
		
		
		
		
		
		
		
		
		
		
		
		
		
		
		
		
		
		
		
		
		
		
		
		
		
		
		
		
		
		
		
		
		
		
		
		
		
		
		
		
		
		
		
		
		
		
		
		
		
		
		
		
		
		
		
		
		
		
		
		
		
		
		
		
		
		
		
		
		
		
		
		
		
		
		
		
		
		
		
		
		
		
		
		
		
		
		
		
		
		
		
		
		
		
		
		
		
		
		
		
		
		
		
		
		
		
		
		
		
		
		
		
		
		
		
		
		
		
		
		
		
		
		
		
		
		
		
		
		
		
		
		
		
		
		
		
		
		
		
		
		
		
		
		
		
		
		
		
		
		
		
		
		
		
		
		
		
		
		
		
		
		
		
		
		
		
		
		
		
		
		
		
		
		
		
		
		
		
		
		
		
		
		
		
		
		
		
		
		
		
		
		
		
		
		
		
		
		
		
		
		
		
		
		
		
		
		
		
		
		
		
		
		
		
		
		
		
		
		
		
		
		
		
		
		
		
		
		
		
		
		
		
		
		
		
		
		
		
		
		
		
		
		
		
		
		
		
		
		
		
		
		
		
		
		
		
		
		
		
		
		
		
		
		
		
		
		
		
		
		
		
		
		
		
		
		
		
		
		
		
		
		
		
		
		
		
		
		
		
		
		
		
		
		
		
		
		
		
		
		
		
		
		
		
		
		
		
		
		
		
		
		
		
		
		
		
		
		
		
		
		
		
		
		
		
		
		
		
		
		
		
		
		
		
		
		
		
		
		
		
		
		
		
		
		
		
		
		
		
		
		
		
		
		
		
		
		
		
		
		
		
		
		
		
		
		
		
		
		
		
		
		
		
		
		
		
		
		
		
		
		
		
		
		
		
		
		
		
		
		
		
		
		
		
		
		
		
		
		
		
		
		
		
		
		
		
		
		
		
		
		
		
		
		
		
		
		
		
		
		
		
		
		
		
		
		
		
		
		
		
		
		
		
		
		
		
		
		
		
		
		
		
		
		
		
		
		
		
		
		
		
		
		
		
		
		
		
		
		
		
		
		
		
		
		
		
		
		
		
		
		
		
		
		
		
		
		
		
		
		
		
		
		
		
		
		
		
		
		
		
		
		
		
		
		
		
		
		
		
		
		
		
		
		
		
		
		
		
		
		
		
		
		
		
		
		
		
		
		
		
		
		
		
		
		
		
		
		
		
		
		
		
		
		
		
		
		
		
		
		
		
		
		
		
		
		
		
		
		
		
		
		
		
		
		
		
		
		
		
		
		
		
		
		
		
		
		
		
		
		
		
		
		
		
		
		
		
		
		
		
		
		
		
		
		
		
		
		
		
		
		
		
		
		
		
		
		
		
		
		
		
		
		
		
		
		
		
		
		
		
		
		
		
		
		
		
		
		
		
		
		
		
		
		
		
		
		
		
		
		
		
		
		
		
		
		
		
		
		
		
		
		
		
		
		
		
		
		
		
		
		
		
		
		
		
		
		
		
		
		
		
		
		
		
		
		
		
		
		
		
		
		
		
		
		
		
		
		
		
		
		
		
		
		
		
		
		
		
		
		
		
		
		
		
		
		
		
		
		
		
		
		
		
		
		
		
		
		
		
		
		
		
		
		
		
		
		
		
		
		
		
		
		
		
		
		
		
		
		
		
		
		
		
		
		
		
		
		
		
		
		
		
		
		
		
		
		
		
		
		
		
		
		
		
		
		
		
		
		
		
		
		
		
		
		
		
		
		
		
		
		
		
		
		
		
		
		
		
		
		
		
		
		
		
		
		
		
		
		
		
		
		
		
		
		
		
		
		
		
		
		
		
		
		
		
		
		
		
		
		
		
		
		
		
		
		
		
		
		
		
		
		
		
		
		
		
		
		
		
		
		
		
		
		
		
		
		
		
		
		
		
		
		
		
		
		
		
		
		
		
		
		
		
		
		
		
		
		
		
		
		
		
		
		
		
		
		
		
		
		
		
		
		
		
		
		
		
		
		
		
		
		
		
		
		
		
		
		
		
		
		
		
		
		
		
		
		
		
		
		
		
		
		
		
		
		
		
		
		
		
		
		
		
		
		
		
		
		
		
		
		
		
		
		
		
		
		
		
		
		
		
		
		
		
		
		
		
		
		
		
		
		
		
		
		
		
		
		
		
		
		
		
		
		
		
		
		
		
		
		
		
		
		
		
		
		
		
		
		
		
		
		
		
		
		
		
		
		
		
		
		
		
		
		
		
		
		
		
		
		
		
		
		
		
		
		
		
		
		
		
		
		
		
		
		
		
		
		
		
		
		
		
		
		
		
		
		
		
		
		
		
		
		
		
		
		
		
		
		
		
		
		
		
		
		
		
		
		
		
		
		
		
		
		
		
		
		
		
		
		
		
		
		
		
		
		
		
		
		
		
		
		
		
		
		
		
		
		
		
		
		
		
		
		
		
		
		
		
		
		
		
		
		
		
		
		
		
		
		
		
		
		
		
		
		
		
		
		
		
		
		
		
		
		
		
		
		
		
		
		
		
		
		
		
		
		
		
		
		
		
		
		
		
		
		
		
		
		
		
		
		
		
		
		
		
		
		
		
		
		
		
		
		
		
		
		
		
		
		
		
		
		
		
		
		
		
		
		
		
		
		
		
		
		
		
		
		
		
		
		
		
		
		
		
		
		
		
		
		
		
		
		
		
		
		
		
		
		
		
		
		
		
		
		
		
		
		
		
		
		
		
		
		
		
		
		
		
		
		
		
		
		
		
		
		
		
		
		
		
		
		
		
		
		
		
		
		
		
		
		
		
		
		
		
		
		
		
		
		
		
		
		
		
		
		
		
		
		
		
		
		
		
		
		
		
		
		
		
		
		
		
		
		
		
		
		
		
		
		
		
		
		
		
		
		
		
		
		
		
		
		
		
		
		
		
		
		
		
		
		
		
		
		
		
		
		
		
		
		
		
		
		
		
		
		
		
		
		
		
		
		
		
		
		
		
		
		
		
		
		
		
		
		
		
		
		
		
		
		
		
		
		
		
		
		
		
		
		
		
		
		
		
		
		
		
		
		
		
		
		
		
		
		
		
		
		
		
		
		
		
		
		
		
		
		
		
		
		
		
		
		
		
		
		
		
		
		
		
		
		
		
		
		
		
		
		
		
		
		
		
		
		
		
		
		
		
		
		
		
		
		
		
		
		
		
		
		
		
		
		
		
		
		
		
		
		
		
		
		
		
		
		
		
		
		
		
		
		
		
		
		
		
		
		
		
		
		
		
		
		
		
		
		
		
		
		
		
		
		
		
		
		
		
		
		
		
		
		
		
		
		
		
		
		
		
		
		
		
		
		
		
		
		
		
		
		
		
		
		
		
		
		
		
		
		
		
		
		
		
		
		
		
		
		
		
		
		
		
		
		
		
		
		
		
		
		
		
		
		
		
		
		
		
		
		
		
		
		
		
		
		
		
		
		
		
		
		
		
		
		
		
		
		
		
		
		
		
		
		
		
		
		
		
		
		
		
		
		
		
		
		
		
		
		
		
		
		
		
		
		
		
		
		
		
		
		
		
		
		
		
		
		
		
		
		
		
		
		
		
		
		
		
		
		
		
		
		
		
		
		
		
		
		
		
		
		
		
		
		
		
		
		
		
		
		
		
		
		
		
		
		
		
		
		
		
		
		
		
		
		
		
		
		
		
		
		
		
		
		
		
		
		
		
		
		
		
		
		
		
		
		
		
		
		
		
		
		
		
		
		
		
		
		
		
		
		
		
		
		
		
		
		
		
		
		
		
		
		
		
		
		
		
		
		
		
		
		
		
		
		
		
		
		
		
		
		
		
		
		
		
		
		
		
		
		
		
		
		
		
		
		
		
		
		
		
		
		
		
		
		
		
		
		
		
		
		
		
		
		
		
		
		
		
		
		
		
		
		
		
		
		
		
		
		
		
		
		
		
		
		
		
		
		
		
		
		
		
		
		
		
		
		
		
		
		
		
		
		
		
		
		
		
		
		
		
		
		
		
		
		
		
		
		
		
		
		
		
		
		
		
		
		
		
		
		
		
		
		
		
		
		
		
		
		
		
		
		
		
		
		
		
		
		
		
		
		
		
		
		
		
		
		
		
		
		
		
		
		
		
		
		
		
		
		
		
		
		
		
		
		
		
		
		
		
		
		
		
		
		
		
		
		
		
		
		
		
		
		
		
		
		
		
		
		
		
		
		
		
		
		
		
		
		
		
		
		
		
		
		
		
		
		
		
		
		
		
		
		
		
		
		
		
		
		
		
		
		
		
		
		
		
		
		
		
		
		
		
		
		
		
		
		
		
		
		
		
		
		
		
		
		
		
		
		
		
		
		
		
		
		
		
		
		
		
		
		
		
		
		
		
		
		
		
		
		
		
		
		
		
		
		
		
		
		
		
		
		
		
		
		
		
		
		
		
		
		
		
		
		
		
		
		
		
		
		
		
		
		
		
		
		
		
		
		
		
		
		
		
		
		
		
		
		
		
		
		
		
		
		
		
		
		
		
		
		
		
		
		
		
		
		
		
		
		
		
		
		
		
		
		
		
		
		
		
		
		
		
		
		
		
		
		
		
		
		
		
		
		
		
		
		
		
		
		
		
		
		
		
		
		
		
		
		
		
		
		
		
		
		
		
		
		
		
		
		
		
		
		
		
		
		
		
		
		
		
		
		
		
		
		
		
		
		
		
		
		
		
		
		
		
		
		
		
		
		
		
		
		
		
		
		
		
		
		
		
		
		
		
		
		
		
		
		
		
		
		
		
		
		
		
		
		
		
		
		
		
		
		
		
		
		
		
		
		
		
		
		
		
		
		
		
		
		
		
		
		
		
		
		
		
		
		
		
		
		
		
		
		
		
		
		
		
		
		
		
		
		
		
		
		
		
		
		
		
		
		
		
		
		
		
		
		
		
		
		
		
		
		
		
		
		
		
		
		
		
		
		
		
		
		
		
		
		
		
		
		
		
		
		
		
		
		
		
		
		
		
		
		
		
		
		
		
		
		
		
		
		
		
		
		
		
		
		
		
		
		
		
		
		
		
		
		
		
		
		
		
		
		
		
		
		
		
		
		
		
		
		
		
		
		
		
		
		
		
		
		
		
		
		
		
		
		
		
		
		
		
		
		
		
		
		
		
		
		
		
		
		
		
		
		
		
		
		
		
		
		
		
		
		
		
		
		
		
		
		
		
		
		
		
		
		
		
		
		
		
		
		
		
		
		
		
		
		
		
		
		
		
		
		
		
		
		
		
		
		
		
		
		
		
		
		
		
		
		
		
		
		
		
		
		
		
		
		
		
		
		
		
		
		
		
		
		
		
		
		
		
		
		
		
		
		
		
		
		
		
		
		
		
		
		
		
		
		
		
		
		
		
		
		
		
		
		
		
		
		
		
		
		
		
		
		
		
		
		
		
		
		
		
		
		
		
		
		
		
		
		
		
		
		
		
		
		
		
		
		
		
		
		
		
		
		
		
		
		
		
		
		
		
		
		
		
		
		
		
		
		
		
		
		
		
		
		
		
		
		
		
		
		
		
		
		
		
		
		
		
		
		
		
		
		
		
		
		
		
		
		
		
		
		
		
		
		
		
		
		
		
		
		
		
		
		
		
		
		
		
		
		
		
		
		
		
		
		
		
		
		
		
		
		
		
		
		
		
		
		
		
		
		
		
		
		
		
		
		
		
		
		
		
		
		
		
		
		
		
		
		
		
		
		
		
		
		
		
		
		
		
		
		
		
		
		
		
		
		
		
		
		
		
		
		
		
		
		
		
		
		
		
		
		
		
		
		
		
		
		
		
		
		
		
		
		
		
		
		
		
		
		
		
		
		
		
		
		
		
		
		
		
		
		
		
		
		
		
		
		
		
		
		
		
		
		
		
		
		
		
		
		
		
		
		
		
		
		
		
		
		
		
		
		
		
		
		
		
		
		
		
		
		
		
		
		
		
		
		
		
		
		
		
		
		
		
		
		
		
		
		
		
		
		
		
		
		
		
		
		
		
		
		
		
		
		
		
		
		
		
		
		
		
		
		
		
		
		
		
		
		
		
		
		
		
		
		
		
		
		
		
		
		
		
		
		
		
		
		
		
		
		
		
		
		
		
		
		
		
		
		
		
		
		
		
		
		
		
		
		
		
		
		
		
		
		
		
		
		
		
		
		
		
		
		
		
		
		
		
		
		
		
		
		
		
		
		
		
		
		
		
		
		
		
		
		
		
		
		
		
		
		
		
		
		
		
		
		
		
		
		
		
		
		
		
		
		
		
		
		
		
		
		
		
		
		
		
		
		
		
		
		
		
		
		
		
		
		
		
		
		
		
		
		
		
		
		
		
		
		
		
		
		
		
		
		
		
		
		
		
		
		
		
		
		
		
		
		
		
		
		
		
		
		
		
		
		
		
		
		
		
		
		
		
		
		
		
		
		
		
		
		
		
		
		
		
		
		
		
		
		
		
		
		
		
		
		
		
		
		
		
		
		
		
		
		
		
		
		
		
		
		
		
		
		
		
		
		
		
		
		
		
		
		
		
		
		
		
		
		
		
		
		
		
		
		
		
		
		
		
		
		
		
		
		
		
		
		
		
		
		
		
		
		
		
		
		
		
		
		
		
		
		
		
		
		
		
		
		
		
		
		
		
		
		
		
		
		
		
		
		
		
		
		
		
		
		
		
		
		
		
		
		
		
		
		
		
		
		
		
		
		
		
		
		
		
		
		
		
		
		
		
		
		
		
		
		
		
		
		
		
		
		
		
		
		
		
		
		
		
		
		
		
		
		
		
		
		
		
		
		
		
		
		
		
		
		
		
		
		
		
		
		
		
		
		
		
		
		
		
		
		
		
		
		
		
		
		
		
		
		
		
		
		
		
		
		
		
		
		
		
		
		
		
		
		
		
		
		
		
		
		
		
		
		
		
		
		
		
		
		
		
		
		
		
		
		
		
		
		
		
		
		
		
		
		
		
		
		
		
		
		
		
		
		
		
		
		
		
		
		
		
		
		
		
		
		
		
		
		
		
		
		
		
		
		
		
		
		
		
		
		
		
		
		
		
		
		
		
		
		
		
		
		
		
		
		
		
		
		
		
		
		
		
		
		
		
		
		
		
		
		
		
		
		
		
		
		
		
		
		
		
		
		
		
		
		
		
		
		
		
		
		
		
		
		
		
		
		
		
		
		
		
		
		
		
		
		
		
		
		
		
		
		
		
		
		
		
		
		
		
		
		
		
		
		
		
		
		
		
		
		
		
		
		
		
		
		
		
		
		
		
		
		
		
		
		
		
		
		
		
		
		
		
		
		
		
		
		
		
		
		
		
		
		
		
		
		
		
		
		
		
		
		
		
		
		
		
		
		
		
		
		
		
		
		
		
		
		
		
		
		
		
		
		
		
		
		
		
		
		
		
		
		
		
		
		
		
		
		
		
		
		
		
		
		
		
		
		
		
		
		
		
		
		
		
		
		
		
		
		
		
		
		
		
		
		
		
		
		
		
		
		
		
		
		
		
		
		
		
		
		
		
		
		
		
		
		
		
		
		
		
		
		
		
		
		
		
		
		
		
		
		
		
		
		
		
		
		
		
		
		
		
		
		
		
		
		
		
		
		
		
		
		
		
		
		
		
		
		
		
		
		
		
		
		
		
		
		
		
		
		
		
		
		
		
		
		
		
		
		
		
		
		
		
		
		
		
		
		
		
		
		
		
		
		
		
		
		
		
		
		
		
		
		
		
		
		
		
		
		
		
		
		
		
		
		
		
		
		
		
		
		
		
		
		
		
		
		
		
		
		
		
		
		
		
		
		
		
		
		
		
		
		
		
		
		
		
		
		
		
		
		
		
		
		
		
		
		
		
		
		
		
		
		
		
		
		
		
		
		
		
		
		
		
		
		
		
		
		
		
		
		
		
		
		
		
		
		
		
		
		
		
		
		
		
		
		
		
		
		
		
		
		
		
		
		
		
		
		
		
		
		
		
		
		
		
		
		
		
		
		
		
		
		
		
		
		
		
		
		
		
		
		
		
		
		
		
		
		
		
		
		
		
		
		
		
		
		
		
		
		
		
		
		
		
		
		
		
		
		
		
		
		
		
		
		
		
		
		
		
		
		
		
		
		
		
		
		
		
		
		
		
		
		
		
		
		
		
		
		
		
		
		
		
		
		
		
		
		
		
		
		
		
		
		
		
		
		
		
		
		
		
		
		
		
		
		
		
		
		
		
		
		
		
		
		
		
		
		
		
		
		
		
		
		
		
		
		
		
		
		
		
		
		
		
		
		
		
		
		
		
		
		
		
		
		
		
		
		
		
		
		
		
		
		
		
		
		
		
		
		
		
		
		
		
		
		
		
		
		
		
		
		
		
		
		
		
		
		
		
		
		
		
		
		
		
		
		
		
		
		
		
		
		
		
		
		
		
		
		
		
		
		
		
		
		
		
		
		
		
		
		
		
		
		
		
		
		
		
		
		
		
		
		
		
		
		
		
		
		
		
		
		
		
		
		
		
		
		
		
		
		
		
		
		
		
		
		
		
		
		
		
		
		
		
		
		
		
		
		
		
		
		
		
		
		
		
		
		
		
		
		
		
		
		
		
		
		
		
		
		
		
		
		
		
		
		
		
		
		
		
		
		
		
		
		
		
		
		
		
		
		
		
		
		
		
		
		
		
		
		
		
		
		
		
		
		
		
		
		
		
		
		
		
		
		
		
		
		
		
		
		
		
		
		
		
		
		
		
		
		
		
		
		
		
		
		
		
		
		
		
		
		
		
		
		
		
		
		
		
		
		
		
		
		
		
		
		
		
		
		
		
		
		
		
		
		
		
		
		
		
		
		
		
		
		
		
		
		
		
		
		
		
		
		
		
		
		
		
		
		
		
		
		
		
		
		
		
		
		
		
		
		
		
		
		
		
		
		
		
		
		
		
		
		
		
		
		
		
		
		
		
		
		
		
		
		
		
		
		
		
		
		
		
		
		
		
		
		
		
		
		
		
		
		
		
		
		
		
		
		
		
		
		
		
		
		
		
		
		
		
		
		
		
		
		
		
		
		
		
		
		
		
		
		
		
		
		
		
		
		
		
		
		
		
		
		
		
		
		
		
		
		
		
		
		
		
		
		
		
		
		
		
		
		
		
		
		
		
		
		
		
		
		
		
		
		
		
		
		
		
		
		
		
		
		
		
		
		
		
		
		
		
		
		
		
		
		
		
		
		
		
		
		
		
		
		
		
		
		
		
		
		
		
		
		
		
		
		
		
		
		
		
		
		
		
		
		
		
		
		
		
		
		
		
		
		
		
		
		
		
		
		
		
		
		
		
		
		
		
		
		
		
		
		
		
		
		
		
		
		
		
		
		
		
		
		
		
		
		
		
		
		
		
		
		
		
		
		
		
		
		
		
		
		
		
		
		
		
		
		
		
		
		
		
		
		
		
		
		
		
		
		
		
		
		
		
		
		
		
		
		
		
		
		
		
		
		
		
		
		
		
		
		
		
		
		
		
		
		
		
		
		
		
		
		
		
		
		
		
		
		
		
		
		
		
		
		
		
		
		
		
		
		
		
		
		
		
		
		
		
		
		
		
		
		
		
		
		
		
		
		
		
		
		
		
		
		
		
		
		
		
		
		
		
		
		
		
		
		
		
		
		
		
		
		
		
		
		
		
		
		
		
		
		
		
		
		
		
		
		
		
		
		
		
		
		
		
		
		
		
		
		
		
		
		
		
		
		
		
		
		
		
		
		
		
		
		
		
		
		
		
		
		
		
		
		
		
		
		
		
		
		
		
		
		
		
		
		
		
		
		
		
		
		
		
		
		
		
		
		
		
		
		
		
		
		
		
		
		
		
		
		
		
		
		
		
		
		
		
		
		
		
		
		
		
		
		
		
		
		
		
		
		
		
		
		
		
		
		
		
		
		
		
		
		
		
		
		
		
		
		
		
		
		
		
		
		
		
		
		
		
		
		
		
		
		
		
		
		
		
		
		
		
		
		
		
		
		
		
		
		
		
		
		
		
		
		
		
		
		
		
		
		
		
		
		
		
		
		
		
		
		
		
		
		
		
		
		
		
		
		
		
		
		
		
		
		
		
		
		
		
		
		
		
		
		
		
		
		
		
		
		
		
		
		
		
		
		
		
		
		
		
		
		
		
		
		
		
		
		
		
		
		
		
		
		
		
		
		
		
		
		
		
		
		
		
		
		
		
		
		
		
		
		
		
		
		
		
		
		
		
		
		
		
		
		
		
		
		
		
		
		
		
		
		
		
		
		
		
		
		
		
		
		
		
		
		
		
		
		
		
		
		
		
		
		
		
		
		
		
		
		
		
		
		
		
		
		
		
		
		
		
		
		
		
		
		
		
		
		
		
		
		
		
		
		
		
		
		
		
		
		
		
		
		
		
		
		
		
		
		
		
		
		
		
		
		
		
		
		
		
		
		
		
		
		
		
		
		
		
		
		
		
		
		
		
		
		
		
		
		
		
		
		
		
		
		
		
		
		
		
		
		
		
		
		
		
		
		
		
		
		
		
		
		
		
		
		
		
		
		
		
		
		
		
		
		
		
		
		
		
		
		
		
		
		
		
		
		
		
		
		
		
		
		
		
		
		
		
		
		
		
		
		
		
		
		
		
		
		
		
		
		
		
		
		
		
		
		
		
		
		
		
		
		
		
		
		
		
		
		
		
		
		
		
		
		
		
		
		
		
		
		
		
		
		
		
		
		
		
		
		
		
		
		
		
		
		
		
		
		
		
		
		
		
		
		
		
		
		
		
		
		
		
		
		
		
		
		
		
		
		
		
		
		
		
		
		
		
		
		
		
		
		
		
		
		
		
		
		
		
		
		
		
		
		
		
		
		
		
		
		
		
		
		
		
		
		
		
		
		
		
		
		
		
		
		
		
		
		
		
		
		
		
		
		
		
		
		
		
		
		
		
		
		
		
		
		
		
		
		
		
		
		
		
		
		
		
		
		
		
		
		
		
		
		
		
		
		
		
		
		
		
		
		
		
		
		
		
		
		
		
		
		
		
		
		
		
		
		
		
		
		
		
		
		
		
		
		
		
		
		
		
		
		
		
		
		
		
		
		
		
		
		
		
		
		
		
		
		
		
		
		
		
		
		
		
		
		
		
		
		
		
		
		
		
		
		
		
		
		
		
		
		
		
		
		
		
		
		
		
		
		
		
		
		
		
		
		
		
		
		
		
		
		
		
		
		
		
		
		
		
		
		
		
		
		
		
		
		
		
		
		
		
		
		
		
		
		
		
		
		
		
		
		
		
		
		
		
		
		
		
		
		
		
		
		
		
		
		
		
		
		
		
		
		
		
		
		
		
		
		
		
		
		
		
		
		
		
		
		
		
		
		
		
		
		
		
		
		
		
		
		
		
		
		
		
		
		
		
		
		
		
		
		
		
		
		
		
		
		
		
		
		
		
		
		
		
		
		
		
		
		
		
		
		
		
		
		
		
		
		
		
		
		
		
		
		
		
		
		
		
		
		
		
		
		
		
		
		
		
		
		
		
		
		
		
		
		
		
		
		
		
		
		
		
		
		
		
		
		
		
		
		
		
		
		
		
		
		
		
		
		
		
		
		
		
		
		
		
		
		
		
		
		
		
		
		
		
		
		
		
		
		
		
		
		
		
		
		
		
		
		
		
		
		
		
		
		
		
		
		
		
		
		
		
		
		
		
		
		
		
		
		
		
		
		
		
		
		
		
		
		
		
		
		
		
		
		
		
		
		
		
		
		
		
		
		
		
		
		
		
		
		
		
		
		
		
		
		
		
		
		
		
		
		
		
		
		
		
		
		
		
		
		
		
		
		
		
		
		
		
		
		
		
		
		
		
		
		
		
		
		
		
		
		
		
		
		
		
		
		
		
		
		
		
		
		
		
		
		
		
		
		
		
		
		
		
		
		
		
		
		
		
		
		
		
		
		
		
		
		
		
		
		
		
		
		
		
		
		
		
		
		
		
		
		
		
		
		
		
		
		
		
		
		
		
		
		
		
		
		
		
		
		
		
		
		
		
		
		
		
		
		
		
		
		
		
		
		
		
		
		
		
		
		
		
		
		
		
		
		
		
		
		
		
		
		
		
		
		
		
		
		
		
		
		
		
		
		
		
		
		
		
		
		
		
		
		
		
		
		
		
		
		
		
		
		
		
		
		
		
		
		
		
		
		
		
		
		
		
		
		
		
		
		
		
		
		
		
		
		
		
		
		
		
		
		
		
		
		
		
		
		
		
		
		
		
		
		
		
		
		
		
		
		
		
		
		
		
		
		
		
		
		
		
		
		
		
		
		
		
		
		
		
		
		
		
		
		
		
		
		
		
		
		
		
		
		
		
		
		
		
		
		
		
		
		
		
		
		
		
		
		
		
		
		
		
		
		
		
		
		
		
		
		
		
		
		
		
		
		
		
		
		
		
		
		
		
		
		
		
		
		
		
		
		
		
		
		
		
		
		
		
		
		
		
		
		
		
		
		
		
		
		
		
		
		
		
		
		
		
		
		
		
		
		
		
		
		
		
		
		
		
		
		
		
		
		
		
		
		
		
		
		
		
		
		
		
		
		
		
		
		
		
		
		
		
		
		
		
		
		
		
		
		
		
		
		
		
		
		
		
		
		
		
		
		
		
		
		
		
		
		
		
		
		
		
		
		
		
		
		
		
		
		
		
		
		
		
		
		
		
		
		
		
		
		
		
		
		
		
		
		
		
		
		
		
		
		
		
		
		
		
		
		
		
		
		
		
		
		
		
		
		
		
		
		
		
		
		
		
		
		
		
		
		
		
		
		
		
		
		
		
		
		
		
		
		
		
		
		
		
		
		
		
		
		
		
		
		
		
		
		
		
		
		
		
		
		
		
		
		
		
		
		
		
		
		
		
		
		
		
		
		
		
		
		
		
		
		
		
		
		
		
		
		
		
		
		
		
		
		
		
		
		
		
		
		
		
		
		
		
		
		
		
		
		
		
		
		
		
		
		
		
		
		
		
		
		
		
		
		
		
		
		
		
		
		
		
		
		
		
		
		
		
		
		
		
		
		
		
		
		
		
		
		
		
		
		
		
		
		
		
		
		
		
		
		
		
		
		
		
		
		
		
		
		
		
		
		
		
		
		
		
		
		
		
		
		
		
		
		
		
		
		
		
		
		
		
		
		
		
		
		
		
		
		
		
		
		
		
		
		
		
		
		
		
		
		
		
		
		
		
		
		
		
		
		
		
		
		
		
		
		
		
		
		
		
		
		
		
		
		
		
		
		
		
		
		
		
		
		
		
		
		
		
		
		
		
		
		
		
		
		
		
		
		
		
		
		
		
		
		
		
		
		
		
		
		
		
		
		
		
		
		
		
		
		
		
		
		
		
		
		
		
		
		
		
		
		
		
		
		
		
		
		
		
		
		
		
		
		
		
		
		
		
		
		
		
		
		
		
		
		
		
		
		
		
		
		
		
		
		
		
		
		
		
		
		
		
		
		
		
		
		
		
		
		
		
		
		
		
		
		
		
		
		
		
		
		
		
		
		
		
		
		
		
		
		
		
		
		
		
		
		
		
		
		
		
		
		
		
		
		
		
		
		
		
		
		
		
		
		
		
		
		
		
		
		
		
		
		
		
		
		
		
		
		
		
		
		
		
		
		
		
		
		
		
		
		
		
		
		
		
		
		
		
		
		
		
		
		
		
		
		
		
		
		
		
		
		
		
		
		
		
		
		
		
		
		
		
		
		
		
		
		
		
		
		
		
		
		
		
		
		
		
		
		
		
		
		
		
		
		
		
		
		
		
		
		
		
		
		
		
		
		
		
		
		
		
		
		
		
		
		
		
		
		
		
		
		
		
		
		
		
		
		
		
		
		
		
		
		
		
		
		
		
		
		
		
		
		
		
		
		
		
		
		
		
		
		
		
		
		
		
		
		
		
		
		
		
		
		
		
		
		
		
		
		
		
		
		
		
		
		
		
		
		
		
		
		
		
		
		
		
		
		
		
		
		
		
		
		
		
		
		
		
		
		
		
		
		
		
		
		
		
		
		
		
		
		
		
		
		
		
		
		
		
		
		
		
		
		
		
		
		
		
		
		
		
		
		
		
		
		
		
		
		
		
		
		
		
		
		
		
		
		
		
		
		
		
		
		
		
		
		
		
		
		
		
		
		
		
		
		
		
		
		
		
		
		
		
		
		
		
		
		
		
		
		
		
		
		
		
		
		
		
		
		
		
		
		
		
		
		
		
		
		
		
		
		
		
		
		
		
		
		
		
		
		
		
		
		
		
		
		
		
		
		
		
		
		
		
		
		
		
		
		
		
		
		
		
		
		
		
		
		
		
		
		
		
		
		
		
		
		
		
		
		
		
		
		
		
		
		
		
		
		
		
		
		
		
		
		
		
		
		
		
		
		
		
		
		
		
		
		
		
		
		
		
		
		
		
		
		
		
		
		
		
		
		
		
		
		
		
		
		
		
		
		
		
		
		
		
		
		
		
		
		
		
		
		
		
		
		
		
		
		
		
		
		
		
		
		
		
		
		
		
		
		
		
		
		
		
		
		
		
		
		
		
		
		
		
		
		
		
		
		
		
		
		
		
		
		
		
		
		
		
		
		
		
		
		
		
		
		
		
		
		
		
		
		
		
		
		
		
		
		
		
		
		
		
		
		
		
		
		
		
		
		
		
		
		
		
		
		
		
		
		
		
		
		
		
		
		
		
		
		
		
		
		
		
		
		
		
		
		
		
		
		
		
		
		
		
		
		
		
		
		
		
		
		
		
		
		
		
		
		
		
		
		
		
		
		
		
		
		
		
		
		
		
		
		
		
		
		
		
		
		
		
		
		
		
		
		
		
		
		
		
		
		
		
		
		
		
		
		
		
		
		
		
		
		
		
		
		
		
		
		
		
		
		
		
		
		
		
		
		
		
		
		
		
		
		
		
		
		
		
		
		
		
		
		
		
		
		
		
		
		
		
		
		
		
		
		
		
		
		
		
		
		
		
		
		
		
		
		
		
		
		
		
		
		
		
		
		
		
		
		
		
		
		
		
		
		
		
		
		
		
		
		
		
		
		
		
		
		
		
		
		
		
		
		
		
		
		
		
		
		
		
		
		
		
		
		
		
		
		
		
		
		
		
		
		
		
		
		
		
		
		
		
		
		
		
		
		
		
		
		
		
		
		
		
		
		
		
		
		
		
		
		
		
		
		
		
		
		
		
		
		
		
		
		
		
		
		
		
		
		
		
		
		
		
		
		
		
		
		
		
		
		
		
		
		
		
		
		
		
		
		
		
		
		
		
		
		
		
		
		
		
		
		
		
		
		
		
		
		
		
		
		
		
		
		
		
		
		
		
		
		
		
		
		
		
		
		
		
		
		
		
		
		
		
		
		
		
		
		
		
		
		
		
		
		
		
		
		
		
		
		
		
		
		
		
		
		
		
		
		
		
		
		
		
		
		
		
		
		
		
		
		
		
		
		
		
		
		
		
		
		
		
		
		
		
		
		
		
		
		
		
		
		
		
		
		
		
		
		
		
		
		
		
		
		
		
		
		
		
		
		
		
		
		
		
		
		
		
		
		
		
		
		
		
		
		
		
		
		
		
		
		
		
		
		
		
		
		
		
		
		
		
		
		
		
		
		
		
		
		
		
		
		
		
		
		
		
		
		
		
		
		
		
		
		
		
		
		
		
		
		
		
		
		
		
		
		
		
		
		
		
		
		
		
		
		
		
		
		
		
		
		
		
		
		
		
		
		
		
		
		
		
		
		
		
		
		
		
		
		
		
		
		
		
		
		
		
		
		
		
		
		
		
		
		
		
		
		
		
		
		
		
		
		
		
		
		
		
		
		
		
		
		
		
		
		
		
		
		
		
		
		
		
		
		
		
		
		
		
		
		
		
		
		
		
		
		
		
		
		
		
		
		
		
		
		
		
		
		
		
		
		
		
		
		
		
		
		
		
		
		
		
		
		
		
		
		
		
		
		
		
		
		
		
		
		
		
		
		
		
		
		
		
		
		
		
		
		
		
		
		
		
		
		
		
		
		
		
		
		
		
		
		
		
		
		
		
		
		
		
		
		
		
		
		
		
		
		
		
		
		
		
		
		
		
		
		
		
		
		
		
		
		
		
		
		
		
		
		
		
		
		
		
		
		
		
		
		
		
		
		
		
		
		
		
		
		
		
		
		
		
		
		
		
		
		
		
		
		
		
		
		
		
		
		
		
		
		
		
		
		
		
		
		
		
		
		
		
		
		
		
		
		
		
		
		
		
		
		
		
		
		
		
		
		
		
		
		
		
		
		
		
		
		
		
		
		
		
		
		
		
		
		
		
		
		
		
		
		
		
		
		
		
		
		
		
		
		
		
		
		
		
		
		
		
		
		
		
		
		
		
		
		
		
		
		
		
		
		
		
		
		
		
		
		
		
		
		
		
		
		
		
		
		
		
		
		
		
		
		
		
		
		
		
		
		
		
		
		
		
		
		
		
		
		
		
		
		
		
		
		
		
		
		
		
		
		
		
		
		
		
		
		
		
		
		
		
		
		
		
		
		
		
		
		
		
		
		
		
		
		
		
		
		
		
		
		
		
		
		
		
		
		
		
		
		
		
		
		
		
		
		
		
		
		
		
		
		
		
		
		
		
		
		
		
		
		
		
		
		
		
		
		
		
		
		
		
		
		
		
		
		
		
		
		
		
		
		
		
		
		
		
		
		
		
		
		
		
		
		
		
		
		
		
		
		
		
		
		
		
		
		
		
		
		
		
		
		
		
		
		
		
		
		
		
		
		
		
		
		
		
		
		
		
		
		
		
		
		
		
		
		
		
		
		
		
		
		
		
		
		
		
		
		
		
		
		
		
		
		
		
		
		
		
		
		
		
		
		
		
		
		
		
		
		
		
		
		
		
		
		
		
		
		
		
		
		
		
		
		
		
		
		
		
		
		
		
		
		
		
		
		
		
		
		
		
		
		
		
		
		
		
		
		
		
		
		
		
		
		
		
		
		
		
		
		
		
		
		
		
		
		
		
		
		
		
		
		
		
		
		
		
		
		
		
		
		
		
		
		
		
		
		
		
		
		
		
		
		
		
		
		
		
		
		
		
		
		
		
		
		
		
		
		
		
		
		
		
		
		
		
		
		
		
		
		
		
		
		
		
		
		
		
		
		
		
		
		
		
		
		
		
		
		
		
		
		
		
		
		
		
		
		
		
		
		
		
		
		
		
		
		
		
		
		
		
		
		
		
		
		
		
		
		
		
		
		
		
		
		
		
		
		
		
		
		
		
		
		
		
		
		
		
		
		
		
		
		
		
		
		
		
		
		
		
		
		
		
		
		
		
		
		
		
		
		
		
		
		
		
		
		
		
		
		
		
		
		
		
		
		
		
		
		
		
		
		
		
		
		
		
		
		
		
		
		
		
		
		
		
		
		
		
		
		
		
		
		
		
		
		
		
		
		
		
		
		
		
		
		
		
		
		
		
		
		
		
		
		
		
		
		
		
		
		
		
		
		
		
		
		
		
		
		
		
		
		
		
		
		
		
		
		
		
		
		
		
		
		
		
		
		
		
		
		
		
		
		
		
		
		
		
		
		
		
		
		
		
		
		
		
		
		
		
		
		
		
		
		
		
		
		
		
		
		
		
		
		
		
		
		
		
		
		
		
		
		
		
		
		
		
		
		
		
		
		
		
		
		
		
		
		
		
		
		
		
		
		
		
		
		
		
		
		
		
		
		
		
		
		
		
		
		
		
		
		
		
		
		
		
		
		
		
		
		
		
		
		
		
		
		
		
		
		
		
		
		
		
		
		
		
		
		
		
		
		
		
		
		
		
		
		
		
		
		
		
		
		
		
		
		
		
		
		
		
		
		
		
		
		
		
		
		
		
		
		
		
		
		
		
		
		
		
		
		
		
		
		
		
		
		
		
		
		
		
		
		
		
		
		
		
		
		
		
		
		
		
		
		
		
		
		
		
		
		
		
		
		
		
		
		
		
		
		
		
		
		
		
		
		
		
		
		
		
		
		
		
		
		
		
		
		
		
		
		
		
		
		
		
		
		
		
		
		
		
		
		
		
		
		
		
		
		
		
		
		
		
		
		
		
		
		
		
		
		
		
		
		
		
		
		
		
		
		
		
		
		
		
		
		
		
		
		
		
		
		
		
		
		
		
		
		
		
		
		
		
		
		
		
		
		
		
		
		
		
		
		
		
		
		
		
		
		
		
		
		
		
		
		
		
		
		
		
		
		
		
		
		
		
		
		
		
		
		
		
		
		
		
		
		
		
		
		
		
		
		
		
		
		
		
		
		
		
		
		
		
		
		
		
		
		
		
		
		
		
		
		
		
		
		
		
		
		
		
		
		
		
		
		
		
		
		
		
		
		
		
		
		
		
		
		
		
		
		
		
		
		
		
		
		
		
		
		
		
		
		
		
		
		
		
		
		
		
		
		
		
		
		
		
		
		
		
		
		
		
		
		
		
		
		
		
		
		
		
		
		
		
		
		
		
		
		
		
		
		
		
		
		
		
		
		
		
		
		
		
		
		
		
		
		
		
		
		
		
		
		
		
		
		
		
		
		
		
		
		
		
		
		
		
		
		
		
		
		
		
		
		
		
		
		
		
		
		
		
		
		
		
		
		
		
		
		
		
		
		
		
		
		
		
		
		
		
		
		
		
		
		
		
		
		
		
		
		
		
		
		
		
		
		
		
		
		
		
		
		
		
		
		
		
		
		
		
		
		
		
		
		
		
		
		
		
		
		
		
		
		
		
		
		
		
		
		
		
		
		
		
		
		
		
		
		
		
		
		
		
		
		
		
		
		
		
		
		
		
		
		
		
		
		
		
		
		
		
		
		
		
		
		
		
		
		
		
		
		
		
		
		
		
		
		
		
		
		
		
		
		
		
		
		
		
		
		
		
		
		
		
		
		
		
		
		
		
		
		
		
		
		
		
		
		
		
		
		
		
		
		
		
		
		
		
		
		
		
		
		
		
		
		
		
		
		
		
		
		
		
		
		
		
		
		
		
		
		
		
		
		
		
		
		
		
		
		
		
		
		
		
		
		
		
		
		
		
		
		
		
		
		
		
		
		
		
		
		
		
		
		
		
		
		
		
		
		
		
		
		
		
		
		
		
		
		
		
		
		
		
		
		
		
		
		
		
		
		
		
		
		
		
		
		
		
		
		
		
		
		
		
		
		
		
		
		
		
		
		
		
		
		
		
		
		
		
		
		
		
		
		
		
		
		
		
		
		
		
		
		
		
		
		
		
		
		
		
		
		
		
		
		
		
		
		
		
		
		
		
		
		
		
		
		
		
		
		
		
		
		
		
		
		
		
		
		
		
		
		
		
		
		
		
		
		
		
		
		
		
		
		
		
		
		
		
		
		
		
		
		
		
		
		
		
		
		
		
		
		
		
		
		
		
		
		
		
		
		
		
		
		
		
		
		
		
		
		
		
		
		
		
		
		
		
		
		
		
		
		
		
		
		
		
		
		
		
		
		
		
		
		
		
		
		
		
		
		
		
		
		
		
		
		
		
		
		
		
		
		
		
		
		
		
		
		
		
		
		
		
		
		
		
		
		
		
		
		
		
		
		
		
		
		
		
		
		
		
		
		
		
		
		
		
		
		
		
		
		
		
		
		
		
		
		
		
		
		
		
		
		
		
		
		
		
		
		
		
		
		
		
		
		
		
		
		
		
		
		
		
		
		
		
		
		
		
		
		
		
		
		
		
		
		
		
		
		
		
		
		
		
		
		
		
		
		
		
		
		
		
		
		
		
		
		
		
		
		
		
		
		
		
		
		
		
		
		
		
		
		
		
		
		
		
		
		
		
		
		
		
		
		
		
		
		
		
		
		
		
		
		
		
		
		
		
		
		
		
		
		
		
		
		
		
		
		
		
		
		
		
		
		
		
		
		
		
		
		
		
		
		
		
		
		
		
		
		
		
		
		
		
		
		
		
		
		
		
		
		
		
		
		
		
		
		
		
		
		
		
		
		
		
		
		
		
		
		
		
		
		
		
		
		
		
		
		
		
		
		
		
		
		
		
		
		
		
		
		
		
		
		
		
		
		
		
		
		
		
		
		
		
		
		
		
		
		
		
		
		
		
		
		
		
		
		
		
		
		
		
		
		
		
		
		
		
		
		
		
		
		
		
		
		
		
		
		
		
		
		
		
		
		
		
		
		
		
		
		
		
		
		
		
		
		
		
		
		
		
		
		
		
		
		
		
		
		
		
		
		
		
		
		
		
		
		
		
		
		
		
		
		
		
		
		
		
		
		
		
		
		
		
		
		
		
		
		
		
		
		
		
		
		
		
		
		
		
		
		
		
		
		
		
		
		
		
		
		
		
		
		
		
		
		
		
		
		
		
		
		
		
		
		
		
		
		
		
		
		
		
		
		
		
		
		
		
		
		
		
		
		
		
		
		
		
		
		
		
		
		
		
		
		
		
		
		
		
		
		
		
		
		
		
		
		
		
		
		
		
		
		
		
		
		
		
		
		
		
		
		
		
		
		
		
		
		
		
		
		
		
		
		
		
		
		
		
		
		
		
		
		
		
		
		
		
		
		
		
		
		
		
		
		
		
		
		
		
		
		
		
		
		
		
		
		
		
		
		
		
		
		
		
		
		
		
		
		
		
		
		
		
		
		
		
		
		
		
		
		
		
		
		
		
		
		
		
		
		
		
		
		
		
		
		
		
		
		
		
		
		
		
		
		
		
		
		
		
		
		
		
		
		
		
		
		
		
		
		
		
		
		
		
		
		
		
		
		
		
		
		
		
		
		
		
		
		
		
		
		
		
		
		
		
		
		
		
		
		
		
		
		
		
		
		
		
		
		
		
		
		
		
		
		
		
		
		
		
		
		
		
		
		
		
		
		
		
		
		
		
		
		
		
		
		
		
		
		
		
		
		
		
		
		
		
		
		
		
		
		
		
		
		
		
		
		
		
		
		
		
		
		
		
		
		
		
		
		
		
		
		
		
		
		
		
		
		
		
		
		
		
		
		
		
		
		
		
		
		
		
		
		
		
		
		
		
		
		
		
		
		
		
		
		
		
		
		
		
		
		
		
		
		
		
		
		
		
		
		
		
		
		
		
		
		
		
		
		
		
		
		
		
		
		
		
		
		
		
		
		
		
		
		
		
		
		
		
		
		
		
		
		
		
		
		
		
		
		
		
		
		
		
		
		
		
		
		
		
		
		
		
		
		
		
		
		
		
		
		
		
		
		
		
		
		
		
		
		
		
		
		
		
		
		
		
		
		
		
		
		
		
		
		
		
		
		
		
		
		
		
		
		
		
		
		
		
		
		
		
		
		
		
		
		
		
		
		
		
		
		
		
		
		
		
		
		
		
		
		
		
		
		
		
		
		
		
		
		
		
		
		
		
		
		
		
		
		
		
		
		
		
		
		
		
		
		
		
		
		
		
		
		
		
		
		
		
		
		
		
		
		
		
		
		
		
		
		
		
		
		
		
		
		
		
		
		
		
		
		
		
		
		
		
		
		
		
		
		
		
		
		
		
		
		
		
		
		
		
		
		
		
		
		
		
		
		
		
		
		
		
		
		
		
		
		
		
		
		
		
		
		
		
		
		
		
		
		
		
		
		
		
		
		
		
		
		
		
		
		
		
		
		
		
		
		
		
		
		
		
		
		
		
		
		
		
		
		
		
		
		
		
		
		
		
		
		
		
		
		
		
		
		
		
		
		
		
		
		
		
		
		
		
		
		
		
		
		
		
		
		
		
		
		
		
		
		
		
		
		
		
		
		
		
		
		
		
		
		
		
		
		
		
		
		
		
		
		
		
		
		
		
		
		
		
		
		
		
		
		
		
		
		
		
		
		
		
		
		
		
		
		
		
		
		
		
		
		
		
		
		
		
		
		
		
		
		
		
		
		
		
		
		
		
		
		
		
		
		
		
		
		
		
		
		
		
		
		
		
		
		
		
		
		
		
		
		
		
		
		
		
		
		
		
		
		
		
		
		
		
		
		
		
		
		
		
		
		
		
		
		
		
		
		
		
		
		
		
		
		
		
		
		
		
		
		
		
		
		
		
		
		
		
		
		
		
		
		
		
		
		
		
		
		
		
		
		
		
		
		
		
		
		
		
		
		
		
		
		
		
		
		
		
		
		
		
		
		
		
		
		
		
		
		
		
		
		
		
		
		
		
		
		
		
		
		
		
		
		
		
		
		
		
		
		
		
		
		
		
		
		
		
		
		
		
		
		
		
		
		
		
		
		
		
		
		
		
		
		
		
		
		
		
		
		
		
		
		
		
		
		
		
		
		
		
		
		
		
		
		
		
		
		
		
		
		
		
		
		
		
		
		
		
		
		
		
		
		
		
		
		
		
		
		
		
		
		
		
		
		
		
		
		
		
		
		
		
		
		
		
		
		
		
		
		
		
		
		
		
		
		
		
		
		
		
		
		
		
		
		
		
		
		
		
		
		
		
		
		
		
		
		
		
		
		
		
		
		
		
		
		
		
		
		
		
		
		
		
		
		
		
		
		
		
		
		
		
		
		
		
		
		
		
		
		
		
		
		
		
		
		
		
		
		
		
		
		
		
		
		
		
		
		
		
		
		
		
		
		
		
		
		
		
		
		
		
		
		
		
		
		
		
		
		
		
		
		
		
		
		
		
		
		
		
		
		
		
		
		
		
		
		
		
		
		
		
		
		
		
		
		
		
		
		
		
		
		
		
		
		
		
		
		
		
		
		
		
		
		
		
		
		
		
		
		
		
		
		
		
		
		
		
		
		
		
		
		
		
		
		
		
		
		
		
		
		
		
		
		
		
		
		
		
		
		
		
		
		
		
		
		
		
		
		
		
		
		
		
		
		
		
		
		
		
		
		
		
		
		
		
		
		
		
		
		
		
		
		
		
		
		
		
		
		
		
		
		
		
		
		
		
		
		
		
		
		
		
		
		
		
		
		
		
		
		
		
		
		
		
		
		
		
		
		
		
		
		
		
		
		
		
		
		
		
		
		
		
		
		
		
		
		
		
		
		
		
		
		
		
		
		
		
		
		
		
		
		
		
		
		
		
		
		
		
		
		
		
		
		
		
		
		
		
		
		
		
		
		
		
		
		
		
		
		
		
		
		
		
		
		
		
		
		
		
		
		
		
		
		
		
		
		
		
		
		
		
		
		
		
		
		
		
		
		
		
		
		
		
		
		
		
		
		
		
		
		
		
		
		
		
		
		
		
		
		
		
		
		
		
		
		
		
		
		
		
		
		
		
		
		
		
		
		
		
		
		
		
		
		
		
		
		
		
		
		
		
		
		
		
		
		
		
		
		
		
		
		
		
		
		
		
		
		
		
		
		
		
		
		
		
		
		
		
		
		
		
		
		
		
		
		
		
		
		
		
		
		
		
		
		
		
		
		
		
		
		
		
		
		
		
		
		
		
		
		
		
		
		
		
		
		
		
		
		
		
		
		
		
		
		
		
		
		
		
		
		
		
		
		
		
		
		
		
		
		
		
		
		
		
		
		
		
		
		
		
		
		
		
		
		
		
		
		
		
		
		
		
		
		
		
		
		
		
		
		
		
		
		
		
		
		
		
		
		
		
		
		
		
		
		
		
		
		
		
		
		
		
		
		
		
		
		
		
		
		
		
		
		
		
		
		
		
		
		
		
		
		
		
		
		
		
		
		
		
		
		
		
		
		
		
		
		
		
		
		
		
		
		
		
		
		
		
		
		
		
		
		
		
		
		
		
		
		
		
		
		
		
		
		
		
		
		
		
		
		
		
		
		
		
		
		
		
		
		
		
		
		
		
		
		
		
		
		
		
		
		
		
		
		
		
		
		
		
		
		
		
		
		
		
		
		
		
		
		
		
		
		
		
		
		
		
		
		
		
		
		
		
		
		
		
		
		
		
		
		
		
		
		
		
		
		
		
		
		
		
		
		
		
		
		
		
		
		
		
		
		
		
		
		
		
		
		
		
		
		
		
		
		
		
		
		
		
		
		
		
		
		
		
		
		
		
		
		
		
		
		
		
		
		
		
		
		
		
		
		
		
		
		
		
		
		
		
		
		
		
		
		
		
		
		
		
		
		
		
		
		
		
		
		
		
		
		
		
		
		
		
		
		
		
		
		
		
		
		
		
		
		
		
		
		
		
		
		
		
		
		
		
		
		
		
		
		
		
		
		
		
		
		
		
		
		
		
		
		
		
		
		
		
		
		
		
		
		
		
		
		
		
		
		
		
		
		
		
		
		
		
		
		
		
		
		
		
		
		
		
		
		
		
		
		
		
		
		
		
		
		
		
		
		
		
		
		
		
		
		
		
		
		
		
		
		
		
		
		
		
		
		
		
		
		
		
		
		
		
		
		
		
		
		
		
		
		
		
		
		
		
		
		
		
		
		
		
		
		
		
		
		
		
		
		
		
		
		
		
		
		
		
		
		
		
		
		
		
		
		
		
		
		
		
		
		
		
		
		
		
		
		
		
		
		
		
		
		
		
		
		
		
		
		
		
		
		
		
		
		
		
		
		
		
		
		
		
		
		
		
		
		
		
		
		
		
		
		
		
		
		
		
		
		
		
		
		
		
		
		
		
		
		
		
		
		
		
		
		
		
		
		
		
		
		
		
		
		
		
		
		
		
		
		
		
		
		
		
		
		
		
		
		
		
		
		
		
		
		
		
		
		
		
		
		
		
		
		
		
		
		
		
		
		
		
		
		
		
		
		
		
		
		
		
		
		
		
		
		
		
		
		
		
		
		
		
		
		
		
		
		
		
		
		
		
		
		
		
		
		
		
		
		
		
		
		
		
		
		
		
		
		
		
		
		
		
		
		
		
		
		
		
		
		
		
		
		
		
		
		
		
		
		
		
		
		
		
		
		
		
		
		
		
		
		
		
		
		
		
		
		
		
		
		
		
		
		
		
		
		
		
		
		
		
		
		
		
		
		
		
		
		
		
		
		
		
		
		
		
		
		
		
		
		
		
		
		
		
		
		
		
		
		
		
		
		
		
		
		
		
		
		
		
		
		
		
		
		
		
		
		
		
		
		
		
		
		
		
		
		
		
		
		
		
		
		
		
		
		
		
		
		
		
		
		
		
		
		
		
		
		
		
		
		
		
		
		
		
		
		
		
		
		
		
		
		
		
		
		
		
		
		
		
		
		
		
		
		
		
		
		
		
		
		
		
		
		
		
		
		
		
		
		
		
		
		
		
		
		
		
		
		
		
		
		
		
		
		
		
		
		
		
		
		
		
		
		
		
		
		
		
		
		
		
		
		
		
		
		
		
		
		
		
		
		
		
		
		
		
		
		
		
		
		
		
		
		
		
		
		
		
		
		
		
		
		
		
		
		
		
		
		
		
		
		
		
		
		
		
		
		
		
		
		
		
		
		
		
		
		
		
		
		
		
		
		
		
		
		
		
		
		
		
		
		
		
		
		
		
		
		
		
		
		
		
		
		
		
		
		
		
		
		
		
		
		
		
		
		
		
		
		
		
		
		
		
		
		
		
		
		
		
		
		
		
		
		
		
		
		
		
		
		
		
