40.931962700849965	84.73346872512217	1
69.28586224103262	82.67278064310928	1
31.46603214904871	87.36188908806935	1
71.67500844163044	78.55346630980692	1
51.5463025756164	88.8397599031311	1
41.44492213239592	75.55686961748223	1
46.005978577424735	85.40810244942335	1
49.978622143354336	77.0589695307514	1
46.386278403369715	80.67051099792135	1
42.933268846305275	85.12778628320869	1
39.87314772189431	83.87773462188224	1
40.26437240850013	75.52119042925864	1
58.617820545247504	74.83080895527594	1
48.26810892660947	72.74407772230006	1
55.81041138554046	74.09016371653938	1
47.32683166829981	72.15514556456209	1
36.74976795193588	82.64549629538253	1
42.21224031861172	74.25126355153292	1
51.175317129648334	81.33385854989233	1
25.239149926111764	82.21384222346272	1
49.91603451201448	78.34488003141401	1
52.08266941906344	82.15913442958585	1
58.35632399739014	80.02868714478262	1
39.09877280163936	79.62600866086093	1
46.64850761794157	78.88075034134465	1
56.91028084995978	80.21604333074838	1
49.97817582715342	81.25510543260148	1
45.018463774648545	74.78617845421338	1
39.60515931401874	92.50111002838304	1
49.03696245914619	85.05129378333176	1
63.21033144459275	74.69190717398011	1
50.91277069418097	85.57565381639455	1
65.50536829278187	87.13261125828623	1
82.56362829702029	83.41234899842286	1
39.44793720126711	78.89848228038817	1
60.262612018306484	83.45839064753862	1
49.85660255538192	88.0826518250835	1
65.84392402890491	84.0095705995507	1
41.86999331563702	81.45242755917184	1
58.30675766730792	84.7483651141869	1
49.717441302853366	77.09335323129639	1
48.04936957828316	85.27342680318107	1
42.57769820526629	76.50739901400455	1
39.33133884097925	78.60528441235533	1
45.03092521930996	73.75695891462378	1
37.44609873708308	76.38168336826148	1
52.42918002755968	74.46442708911842	1
60.167196111147284	74.70747090839552	1
41.670160557251	81.15484304579878	1
50.11314229410739	81.96418993635972	1
40.12202025428627	80.89877049213521	1
61.829004453302566	79.7907390765694	1
51.16597176332739	79.0713802530179	1
48.714381600444426	84.81197560414837	1
65.40004379440433	84.81903600296249	1
53.140260875936946	84.10098339712735	1
47.8689524411476	89.170494142593	1
39.34631751599356	78.73686952671605	1
57.21704226553886	82.75614321839913	1
43.997489811596274	74.5240637111949	1
68.34996023430344	86.37339255399827	1
51.590390042996496	84.89256333430869	1
44.16396470939665	75.97492802587297	1
37.158654202690144	79.67653863422508	1
45.70838375018005	73.80053777804417	1
40.1542851355769	85.63614530709734	1
63.43207359786274	77.58827403588714	1
65.13840309025001	87.37012419627868	1
45.67089667551535	79.14790452098714	1
51.53246685444267	76.13159328418891	1
59.71673101385774	77.92615503841287	1
56.597764348828306	85.84680296629602	1
52.47771043805418	83.86483687175377	1
39.11450287374834	89.27545550308469	1
52.448957035842014	77.8090720283767	1
53.07450684577742	80.61038564369265	1
46.379518436065105	79.79062662994573	1
60.66001388537052	86.65538109139762	1
43.985082454284495	79.13499058553066	1
67.34575272268802	80.14809902877752	1
53.58516713123913	86.00631585815745	1
33.47640553262256	90.48347438565725	1
44.872959879965855	86.23538045194576	1
58.814463670844866	75.49453833464024	1
37.84355168359196	79.61158986624199	1
41.85033202258115	78.45496855984968	1
56.72416584103026	79.54274760329554	1
50.325812316680235	80.99004954258857	1
37.35216848625689	84.47646527634879	1
71.57350043392253	76.49785903189078	1
34.62717756643533	87.01958993994104	1
58.28213826938572	82.79577567962204	1
37.26656543418676	87.2938044970768	1
63.57387019338694	80.85558570640515	1
36.337197803822676	88.05804183686415	1
44.235301109467535	71.20516208198488	1
48.565641336560184	72.869046881184	1
47.586095109787195	72.07875132899757	1
59.471577332343664	80.93130853754823	1
65.21219585307504	82.361631762272	1
45.56885598416809	75.95897825625052	1
53.9544682372097	81.88521150274275	1
55.802118612616965	74.16216010858108	1
62.161215087990854	67.84844647991727	1
54.681225727530546	87.23550408417516	1
57.74066489725366	74.7291521899009	1
38.797605111731315	76.66052508485525	1
41.51953919098025	78.77408874039784	1
50.71676800744213	79.77077413714488	1
54.8468425980851	78.88563086594725	1
66.57805579472911	76.73870892574429	1
41.3363684428197	77.91946438336828	1
41.53162052857457	86.06138349069101	1
52.9531165670282	78.79904599942054	1
49.578685563847316	81.19883756380344	1
44.29395300922539	76.22979487907962	1
75.25505258043523	81.58371124700312	1
65.07718255505465	73.64254292750945	1
68.45151913284097	80.11575574023753	1
49.640623188579525	81.09470741822373	1
56.0480352699834	87.91206113637392	1
39.24113651585401	76.8669995862652	1
50.21526437905684	75.20863365806117	1
48.94161266565437	81.58344396873885	1
59.88111453464839	83.08165475832729	1
59.089614140059794	80.32403905073966	1
72.87917493526655	80.00586933147744	1
51.99879529882701	82.5492962013931	1
30.930902004286786	80.73302594708105	1
43.687970630864186	84.66649823808342	1
30.050580615840687	84.82492923999403	1
56.720001922777655	77.79983778988587	1
36.05615551294225	88.86570269897936	1
52.97182269818492	82.2575817775498	1
60.45112446018206	69.74530334959123	1
49.841669452574536	79.91246065024215	1
53.98437141500955	81.35740307721315	1
41.343002757781996	78.93754193618305	1
51.482753909974996	72.76030395464866	1
54.60641523542578	77.84195590252439	1
45.742281353605435	79.73428374217099	1
21.226679550642782	83.46970754267049	1
50.55867443157747	78.16918210165613	1
59.136587648928995	86.55853422253807	1
50.46850084343735	79.2333434562654	1
37.021896384142075	75.92357305153548	1
56.84787491950956	74.83704131907947	1
59.67832044744132	79.31622103053904	1
39.03197868377866	79.38357671582276	1
51.098070895859394	83.63484691761786	1
51.49777551326866	80.13945100950677	1
40.946387642330215	76.38903920989408	1
55.782400247442425	85.16375510048645	1
45.78899979923564	75.21474505108063	1
51.78676384473451	79.74659479370213	1
42.74660811282404	77.39737411556905	1
65.28949660044445	82.09930886717423	1
38.682337643097085	81.86757524928407	1
49.15570808141753	87.36367709207661	1
54.617922860353595	92.70357335851529	1
47.9170427660663	77.09189456890569	1
37.53837001800486	77.96110553311784	1
51.36321248039725	86.03042403710074	1
53.273616183537506	72.75699309100094	1
47.56764051075513	78.30271160191943	1
43.42380662852618	82.17934790549587	1
62.5181730159468	83.05022640412295	1
48.66069415081986	85.12154942045464	1
44.9025070143335	80.00911700286858	1
44.46653666937193	74.12619748065991	1
66.46285682203272	71.66136837471751	1
55.84037110531314	79.68097489514113	1
51.31330286483829	77.89637453703595	1
46.5622116003179	76.68154759777995	1
48.02044074539342	83.89048355056357	1
53.300980671240936	83.50978362089258	1
48.72853680158861	80.83686456045	1
55.90910806246046	70.85441869522582	1
54.80334626420352	88.23159277278488	1
54.41812432163446	73.11789709482936	1
38.86858710450672	93.15244410684922	1
41.65665730780732	82.41086098228793	1
50.93601193566108	73.53393219262165	1
55.072325016666774	75.98365091536938	1
34.757399612597865	85.26143814062999	1
54.806780140451174	74.6574247545108	1
44.136385979945125	80.66443534496865	1
48.58831070311266	84.86369331173256	1
46.61859921920435	84.08062207356451	1
50.54247116289853	80.75082747726503	1
55.72309842633589	75.63207023934184	1
66.80704784845796	76.98835818628301	1
60.06265585042365	84.17869801085523	1
58.47396217094209	82.98033921587958	1
60.97282718652792	72.63761649003594	1
40.16411013347778	78.77523254677807	1
35.85782813550216	76.93891261059653	1
49.074545012251164	78.61083209054134	1
47.40131245398585	73.91691284305568	1
68.80506687774553	69.76660797884719	1
62.24853976218288	76.27618852086535	1
44.93384822639016	72.95888012801666	1
53.037839866159686	73.26475613952232	1
70.12973526730292	69.90717016031027	1
48.242060626815274	79.84844893878545	1
42.09837634998628	81.73688124393614	1
53.07303971544923	79.71588139406738	1
44.84154414340666	81.62028639155331	1
42.05033202889109	71.1396926609076	1
32.21078014254244	79.40341877105608	1
54.410956769747855	79.86015711406743	1
63.88522622878935	79.80978175816597	1
60.34845701782433	67.40606758870922	1
31.53068891903139	86.94261920092421	1
39.72280782826058	73.93503668484175	1
43.4607704954128	87.08538519104992	1
47.446557383345905	85.39673462542687	1
45.670961933403625	80.42313740546714	1
61.07359210694408	86.43751351197176	1
41.70271867810178	77.3479739414725	1
47.48313447200324	80.86284479222883	1
39.92253382484093	81.50075466611412	1
58.69242408932356	78.70138487884171	1
49.236034790435646	81.37219872389525	1
31.225591359053798	80.21784358802748	1
46.28155060435216	84.21397785744016	1
59.365003729869485	80.51198522527345	1
39.269074510269654	80.71270720668048	1
41.71356598397634	75.72410380837636	1
55.59933952522539	75.52405726625389	1
74.28544137022307	80.66708204123047	1
58.063943926931636	77.89942964614158	1
48.203473222178346	76.98436394763182	1
39.34063028468188	86.20528949337074	1
65.41146329362024	77.9778420965046	1
47.43913712153245	86.32168425709851	1
38.560986893461866	80.87023364193068	1
63.324495761266085	84.53804469950343	1
66.03960992325432	77.94413442888624	1
41.888801383847394	75.07471516137225	1
61.79405070345994	84.06748718351683	1
34.54794094264645	82.61939726926518	1
44.47592699794678	76.48739978007282	1
44.43148270592518	82.3126168859775	1
46.67011973305506	87.22116938527593	1
48.14525195482153	78.3285816861763	1
34.14857605086156	86.89623604989454	1
42.06445652864025	81.79720714059714	1
49.39398069723237	72.23664969569052	1
77.52624755899443	79.59500672464516	1
65.44501885846277	81.66002915637195	1
71.46942119032352	81.21834583374093	1
50.691054131867745	87.89082617266445	1
56.25558418490974	69.73690739063333	1
38.232095096714254	75.0733724355729	1
64.9455524663955	93.3336213200795	1
60.479846310862584	84.18806616591073	1
61.68494611141011	72.17930930702094	1
64.17965854260488	80.78831760489417	1
52.33869197013561	73.17215039449107	1
48.90726003993489	79.42451919323868	1
41.074945527074206	74.6867065859136	1
34.41836378243073	91.58507237298438	1
52.14605367207213	85.07417331120882	1
44.71921914074897	80.39974177928548	1
59.677941602225886	76.90173440382897	1
44.97332614273563	79.28899092442461	1
48.242947798203375	76.60740152507886	1
59.01938269917489	81.12151644240856	1
62.21487992278151	86.10991489353262	1
46.37798355009519	73.85409346765523	1
37.1307081819368	85.12057894694726	1
53.850796935043505	75.18043112048146	1
55.42385332639576	76.22219042046297	1
35.97879779454512	63.15212896926421	1
45.640929271001575	78.77018750394743	1
30.05323348547656	81.15487112165223	1
37.45649575260167	82.01381014300092	1
54.722083869658356	80.23658402542374	1
37.78389052010969	71.59168132966609	1
52.101074816585246	87.98107186916567	1
58.08838276002421	80.84746456768994	1
43.22034666730537	72.79600756041297	1
47.911815021010085	77.9773179116909	1
29.961134965014622	85.82278999205737	1
46.441340734449824	77.80547962738689	1
43.39564416826616	81.5232751285235	1
35.25552959671811	78.50158756370536	1
84.68356312911324	72.05297911657432	1
39.544918071547315	79.26861878931128	1
46.994962699365566	78.13694160281462	1
39.08966433868151	80.72085565804487	1
52.940661878877734	81.65129317801264	1
44.59111674984686	87.1567839603203	1
43.98251570131556	79.22021595280683	1
50.91278167374338	90.16147818100545	1
46.039261786863534	85.48110440644899	1
45.86487986987186	82.55289183486855	1
43.654735030652674	85.00307021168396	1
40.98852059369843	78.3412205733596	1
48.0535797276218	77.7959164280971	1
43.94393428102863	82.5901188773093	1
41.99076654229317	87.05348132884714	1
53.57835037502599	77.71170434388937	1
60.46218705769952	81.0372315257159	1
46.15952269613083	79.64556074141082	1
42.18661636136292	85.59459328112244	1
69.37446014646594	72.78218122830825	1
36.20228401905891	73.57213770561529	1
45.968707125623546	75.53096468631313	1
35.07217484304206	80.85156080154655	1
55.98160640030894	77.43127597394538	1
41.31919720620802	79.52425387397675	1
36.958873099135175	77.378481285077	1
41.73655278606543	79.64209441453453	1
38.725622242678064	81.79446610750836	1
43.81180572927201	81.7097763945827	1
41.251057642190545	77.99920361943572	1
57.459560206537034	80.9229598015492	1
38.02338181936276	84.30565147184574	1
59.87121224685456	75.35353501122896	1
50.845522060695295	75.20538374540962	1
35.685867543079745	77.78499150945103	1
44.27484536804296	73.44259943490499	1
47.75264156355937	84.12097498002095	1
45.340981879712274	81.74334852893386	1
48.6228550230045	74.65761222171488	1
51.91573715889934	86.96013256732536	1
38.41222597167248	75.90985896756406	1
51.931182295393384	81.532470196528	1
66.72018653602677	69.39733016636139	1
41.08273377412205	70.958063100166	1
52.754655438277595	81.84702385848716	1
48.035680117246514	88.08691389957586	1
43.31694015309921	75.68683777467993	1
64.83939417990173	84.43559664249246	1
50.63875131008854	87.78491135257121	1
56.13875404697503	91.94078078379394	1
67.38456914430793	84.12846451957716	1
31.728561823284892	84.62902434994338	1
43.185098648075375	78.13272278707369	1
25.75890125800763	66.2569243342079	1
46.936644279495845	82.85731206573772	1
59.691511641643814	83.82065813346213	1
40.85142618355397	79.49557955697341	1
56.9011868287255	87.95624985978147	1
53.90714144285387	80.5589851764355	1
41.91605985976508	78.9775146352657	1
48.67977411968002	81.48226428970146	1
50.45242967830662	82.98727560206994	1
44.7579305818368	78.3684475743958	1
60.48365727198985	79.39334969760019	1
36.36540917404277	78.40234498339767	1
58.707779295592644	82.9272393262586	1
58.60962264196429	74.82646634209675	1
54.51749420102417	86.30730358686942	1
51.35028153061999	84.00013124810543	1
49.23039410335865	78.70384216119436	1
58.466960638450715	81.11344733807478	1
56.13138776012005	85.4637728139684	1
52.05915327349035	77.9269174315932	1
47.463371719306764	70.89731759848533	1
44.8085156078111	82.48340854545174	1
55.89226540022874	81.4937099362572	1
54.66484457250189	74.41346115058228	1
58.33046053882098	82.85654119923161	1
33.22227228904041	83.26632089410174	1
66.60814311304512	78.55189154968284	1
52.09555286691159	79.35097250193243	1
56.809404753485445	75.16018417793991	1
47.88399232145428	85.38983102062886	1
53.02898073311081	84.45748521229166	1
60.20602388409852	82.6515918824874	1
46.88176044468634	74.86649767242056	1
62.671256326791905	82.81412009004701	1
45.84703483849463	78.67681636464562	1
47.78834078242192	74.60818395703885	1
60.936745375878544	87.63439745166671	1
60.62312398363937	77.87723381767945	1
49.80893734784645	77.88199293080478	1
42.74041901433428	73.05575507188475	1
35.99573260272824	80.56663900038195	1
59.86138170313713	82.97160940429886	1
53.74853533176037	84.05628170730643	1
54.810861831030884	79.93671670117425	1
23.998403028185862	69.53460288497685	1
43.57047058575478	88.09464897770499	1
41.30650815730142	77.03368782520549	1
46.259487632819535	82.63278257589303	1
44.10309098795294	78.1568817302488	1
47.33506478905757	85.13546218397528	1
44.728457477852366	75.66380212593167	1
41.884161092218456	82.3027402272502	1
59.77331460073256	73.36195932046954	1
39.252187082151444	75.1453769422223	1
32.07913806598254	76.5942003627672	1
49.43277353086828	73.51047695852536	1
51.12248043212311	81.7752345827912	1
33.78664690857252	72.0041627164385	1
40.36509958690324	76.13961417574389	1
50.392535272893205	75.4328618281451	1
54.57322416642499	85.88558680063281	1
74.19495208555615	80.23126511546882	1
62.56687219788338	70.78985187691788	1
65.25150176595356	79.89939736031926	1
44.58604863971858	77.21467056302457	1
64.38643035580468	86.42075195640226	1
47.893673927656906	87.0851378288148	1
39.89296489420067	87.92713659519464	1
39.53216766669747	74.95955934345582	1
52.27063159027663	85.28411011194103	1
29.397302631153764	83.14769935833432	1
61.498509231789185	78.11475332702277	1
48.07147000397132	89.52635603342807	1
33.34650618719273	86.04462057242277	1
47.98328325331797	76.62641032668685	1
57.09541117157565	83.89200528204363	1
55.70279222001993	79.57729321728776	1
47.24356500905268	73.36388624338959	1
49.461991216923884	77.84914384466872	1
44.44289762801919	73.63891404689967	1
61.23590086166286	84.29387852677655	1
63.099697722471916	74.81672969188999	1
53.65206228695102	77.10340764888574	1
45.21614418037692	74.23186113252525	1
53.80043757006338	82.49189552962234	1
50.6802501053253	86.03916653672175	1
50.51164734407214	77.77953558071663	1
35.40865302981186	82.73785205360922	1
48.18307443247357	92.16434024851958	1
27.59718504650425	76.03646094613573	1
38.466182592072734	78.8959899569312	1
36.312613959230475	74.6736777903385	1
32.34772558206552	83.76377260174463	1
30.390217818991175	76.98975672991462	1
49.53423335363047	82.62156909650949	1
47.02261492917811	85.90418259474393	1
44.81556488362814	81.09421174221201	1
29.406642183013417	87.31585533110592	1
62.48032752205185	79.83435384718982	1
48.320717566678155	77.4842548144095	1
65.70690790401488	80.50319847136694	1
49.824117696375254	72.30067598551815	1
54.84104716978281	77.92607410058417	1
41.50209511607339	71.7735845541529	1
49.72306956743036	77.36414111965789	1
49.83092236467015	77.90150821250649	1
71.4923798429134	74.46107014137614	1
43.23284965349252	73.54844446905219	1
37.99734982870689	92.86841473501656	1
41.911934361648925	80.99548613957484	1
54.336144137212074	88.01642199716132	1
55.30481269961566	72.13627386736788	1
59.18211217217641	81.44837388841806	1
43.422941866216064	82.19962606005078	1
85.36015508009818	95.74565771133908	1
50.554496480934006	73.68764982582655	1
51.66822204310486	79.32318637101876	1
70.20292215816738	77.16923590315703	1
48.763586819227925	71.23781404726813	1
41.49581498076003	85.9024944557755	1
58.13171679761157	87.04367312503666	1
40.38497642099365	77.76765012954765	1
55.12949175922605	83.61142340675482	1
53.27727377387847	79.73492497523924	1
53.25062414502098	79.2411667059388	1
67.62495884411294	82.7542154368664	1
54.449076665566274	84.24288530971839	1
50.01897974793301	85.88603954821998	1
37.544811123354904	83.78115509923718	1
52.34647295843453	83.03426964769089	1
53.98677043372244	91.61241313301618	1
61.783995819203696	79.40036425923843	1
53.573531266775696	78.11864479996822	1
46.98033969195841	76.76768330699846	1
47.203617863617865	82.74400253929606	1
50.47118373203259	79.72854381705326	1
45.103478993792024	81.0074348802516	1
56.98396957501418	75.21559259939977	1
53.688918383772304	76.83041075319542	1
42.04757274407115	67.49921969497363	1
43.70478019233327	80.16710439310108	1
45.969109143659196	80.54123584008077	1
37.537840769583376	86.15299882687313	1
28.232396595239976	83.26676619361487	1
46.804780047858095	82.48656148412181	1
52.43711036451213	87.8245405760853	1
58.15437272251559	77.01944416149028	1
51.4253476379364	84.52955221063011	1
48.349889285745874	76.7050953786364	1
53.803079958571686	81.89596834793359	1
61.53420716033755	84.68476463847406	1
66.22547829764122	82.03272815069809	1
46.559931306125335	82.44789032885488	1
55.07416409889768	79.45587041589641	1
67.04492651510567	77.78886814720668	1
64.43488052967213	84.32551568568704	1
51.34576078086646	74.2310252198368	1
61.501930054418324	78.77094687732611	1
56.81554870503526	79.46789667783955	1
50.10303113959746	88.78522470701866	1
50.50486267634596	94.10694746245197	1
51.17681542451276	73.34845086623343	1
49.56637338113567	68.84049797143884	1
38.81692405558762	82.95276886756481	1
49.01966905992457	73.90938291341227	1
35.58502707363034	87.86403420102108	1
50.117423501505144	86.0352877069633	1
57.950355589464706	80.19268779877056	1
46.99896530932441	84.42223838124885	1
45.07378699282332	82.33025520412367	1
66.44726820942714	73.6195686324142	1
49.16450401608112	77.90495642948572	1
56.888997276070896	75.6653682390666	1
60.02690779071514	83.13614104301372	1
51.24365310761937	82.05862938140147	1
50.422737300014134	91.04988684087256	1
41.02218720885305	81.77147166716603	1
49.00858472558139	77.48702800354995	1
73.42310799057812	79.4218590278931	1
52.92648644538596	86.77410573689609	1
59.418709268349495	76.70188421139162	1
49.1951192276029	87.81766967273427	1
59.65420174010883	77.94601789999656	1
47.130654702552896	83.09459270963508	1
40.156870865800755	82.67897740027092	1
46.581563583054646	79.26325764763249	1
47.28807584772992	74.551243680401	1
54.31012713319083	87.18199494098903	1
44.482851816451	74.8221929941314	1
53.54647652565238	81.33520976882238	1
41.97847468682231	78.67875208896086	1
29.58375495497315	75.72394237651815	1
39.849586645328515	76.2441217261253	1
44.60510831832505	75.77683963043445	1
67.49999602633186	75.89922054468127	1
53.97169264535423	79.46666106445481	1
56.56060136690027	78.29932606589178	1
43.80652432497053	91.28617035398126	1
45.267381096883646	73.39207689948411	1
48.83803243450793	80.42875429315276	1
44.82088517631533	79.62294203197142	1
51.42884041540962	82.09033359974876	1
50.68932116308058	71.00753957724218	1
49.64093943315345	76.60678401090163	1
58.70728033497841	76.08287300523061	1
41.331673050659035	82.56568803474467	1
50.97552874505858	83.61697465188846	1
67.25852436590785	80.22383439845677	1
44.08819131356251	86.57087549604194	1
42.69820516127102	77.34359215123075	1
60.317153333377796	78.5905949265344	1
38.995267464815555	78.98517619212035	1
27.508039257757147	81.24988331702565	1
34.64475504409633	74.20991138751705	1
48.90697507448963	72.70309947654282	1
41.475814239629486	73.98908926129631	1
54.557652751821415	80.82485926948296	1
54.810626358983995	81.6233651670553	1
43.70406036484491	78.06334628573423	1
63.549739690513775	74.19045020818682	1
57.426974184831984	91.09847423108154	1
61.76125235841132	81.3324153261996	1
74.19576435039619	82.81156197609121	1
58.6398039693695	76.79807615828663	1
51.44661683314748	77.12515544676008	1
48.774255022790406	75.86252425610776	1
35.392045356651735	84.0516548138971	1
42.01418274829587	78.22705210733133	1
45.15806841236598	77.32839074901003	1
44.123580488050465	74.59478655472199	1
42.163062948514174	84.08198857745816	1
55.87696790315106	76.48056851925548	1
59.46673077693648	81.55375122395179	1
66.31671865377747	79.70781902926805	1
37.01836229661785	76.00386374177391	1
40.35479508865112	86.80209019357191	1
44.27333224735229	83.58477853180553	1
53.28748404008108	74.94923300275089	1
62.57498563380997	87.59247255564745	1
59.228837479056	77.16848793644361	1
33.626477881282135	78.23243206367374	1
64.42757255411755	82.17233826669211	1
36.355773097608505	78.73482420147207	1
25.672461774101873	73.12898567004501	1
37.40541935379617	85.89433142549032	1
64.54998201153379	77.0934465404015	1
49.204320714923	83.84043897818351	1
59.33522949560512	78.31589039122129	1
43.163087362142115	78.85579030236872	1
44.88966937502151	79.31765935134484	1
55.36133460898566	80.18144382718931	1
53.69479044283992	81.92827054810772	1
59.658379119557125	88.37765468542533	1
58.38465878943981	83.0433935880482	1
38.18712493996042	77.74511132027818	1
48.38677341274143	78.97829684527127	1
35.72445939875588	79.33123205811671	1
54.337501184487664	84.22118476409527	1
63.563960523203946	81.41118331621455	1
45.83328379598697	81.0777291525566	1
46.906180873949	90.54371439844945	1
51.89264088502764	81.9548418329181	1
60.54960146249148	85.0426191721606	1
47.2540075609161	87.74983662810078	1
36.509082131748066	86.65158665289107	1
43.35178731463742	77.60641165184204	1
38.99989800789005	80.7205192353109	1
48.56232942244889	79.92938825384044	1
43.418839875636316	74.27291775480097	1
50.04850231071119	65.1137087706467	1
51.52398301715271	85.79038474668235	1
52.68605928725414	85.49917304142089	1
27.23604219076777	80.51853728067911	1
59.40889973521985	83.17377198087686	1
74.4346371365777	72.76967312949421	1
44.1594172496621	69.29723684427528	1
40.18572856504897	80.0673372942808	1
43.85668635872759	77.38720132099536	1
65.43295315221461	74.18100300604497	1
57.6351119131692	80.6590870845498	1
43.67347516805446	86.9501785219244	1
57.17411240678831	84.16343423593601	1
41.17421734771732	78.557325306863	1
46.53556715365436	80.67819556870683	1
40.04078947798609	80.46236877994843	1
33.56082453624794	75.56022473455943	1
34.91385324659513	85.15098702854249	1
38.615034848564775	78.09025822749928	1
32.44227619281481	78.49408973568794	1
54.686059587567264	80.022212413673	1
41.24513590211555	77.25175681388896	1
25.450277435913637	81.18610075074488	1
45.16733013528039	82.41330341565444	1
41.27092176420814	85.2434775130437	1
61.582379290833174	82.80275917110491	1
57.4851314481347	83.07922605310286	1
46.39944711596674	81.83464043603068	1
66.6478934144359	80.90096946880503	1
44.727752150128936	85.9547516225709	1
63.58800773500248	82.49532530375106	1
39.012933759627444	77.6580255437909	1
38.98273287733706	80.86878299851186	1
44.09556733393553	82.42682393378027	1
54.17830961343169	76.27204861725022	1
41.203478242356866	89.78230112590124	1
49.83559988082218	79.51882083011509	1
59.90396440214649	83.84110235458066	1
56.90726124098156	89.03479389415021	1
58.562690734189026	81.82158532697142	1
42.943010468876636	78.3379230881265	1
42.170527607706056	74.86470123600722	1
50.388890347658034	79.2349443522011	1
45.24064762384915	77.64614284601322	1
42.59004633633923	78.47995845178043	1
44.189517760678314	81.57582868078556	1
59.92193180870768	82.0904746735279	1
44.91197448086504	82.78475521547014	1
47.691887497100616	82.21490246662623	1
39.27847110547991	76.54495263546374	1
53.13405717838279	86.50820480300045	1
45.85575663387125	77.51456894839055	1
42.66385535083618	73.1225306256371	1
49.27153379525057	85.34949554704933	1
59.510264505441725	84.12231254142188	1
48.359050143196384	81.31764347678666	1
38.52183731333572	77.0907573781588	1
57.90022424560676	75.15328617912012	1
58.48389146645518	87.89039811177747	1
38.86955100529234	82.42568788007911	1
45.06791468863055	86.15675977953207	1
35.83506283116766	79.1919173577223	1
36.14033125225545	79.88802313427145	1
56.054318399163115	88.85147769980058	1
43.96648155176546	74.45242518526597	1
33.77764555679774	73.12119141167238	1
54.534529545121345	82.20214478852462	1
46.18780309577173	86.22390442627932	1
55.12528128007879	71.7900232987494	1
39.253838233738676	78.48960887912857	1
41.66128165491679	83.70302801147125	1
47.37446658220721	81.38556566551355	1
63.08139527615276	85.27895402672897	1
46.461487281448875	69.90537805499022	1
45.75928463583228	76.8433348149342	1
46.49731204277785	83.82769376174063	1
40.47339347955422	78.19435251921408	1
37.221820540241445	71.31118741685842	1
53.186676571573784	82.96220117300142	1
43.23367082380638	72.58679045615733	1
41.58279358834101	79.42806619658366	1
40.04800222128462	82.9361187004925	1
59.17765463673058	86.16723865253356	1
62.293774187640864	88.66133325254837	1
36.5137105967928	85.1828514114926	1
39.80957847829609	86.50795278917396	1
43.862831118700754	73.83564389479318	1
54.48873068273335	71.09367066957375	1
46.77524011755584	75.54382785453758	1
53.23330961970097	74.10133760902482	1
48.28676039481783	84.23722372391734	1
72.68672459896014	85.08719883074684	1
37.93272483408605	73.67168970468911	1
53.867674715101934	78.37601142907967	1
37.989312327976975	94.12131914440492	1
50.13551062329722	84.24513594405174	1
46.64474615883812	80.46027039701393	1
71.04678118403699	80.54724548251248	1
43.01120087450847	78.65572173912649	1
55.08595385668007	80.9689070870912	1
61.27917719406504	73.87862617085233	1
33.98073919076665	79.90655326490185	1
57.735866088880115	84.49823335804903	1
48.0824644079251	77.21644296058673	1
46.93825765232693	84.99080601979477	1
47.66546330595896	82.9291769494563	1
54.437517759191735	74.09409130418493	1
70.3136923074639	75.13426429003931	1
55.102819257309484	82.58968505202498	1
68.79955003755992	72.00763621105881	1
40.37412544036722	75.58539419733454	1
49.52608749292472	69.68334195672477	1
46.75400812998638	72.92203890424061	1
47.295585626049615	81.29953574250132	1
54.784485783765696	77.33286373036091	1
63.4392212968703	85.09792408361096	1
67.56779609223437	78.45995235922368	1
44.45753355803424	75.03277749410717	1
60.93852664358016	86.02496687110327	1
35.73551621543572	71.26963966498943	1
31.243754649134665	84.9239627249657	1
56.04649644861977	75.60888350987163	1
47.56748862376182	82.00402696500214	1
35.88628997386468	80.82729867923695	1
51.70060286690563	84.40074734574034	1
63.73950796632978	85.44257415386016	1
44.47648171842248	79.69481745608343	1
41.602388857343584	86.65973354814054	1
45.20945629313749	78.26152389499198	1
59.404281880820044	75.36250161434657	1
34.883058080072914	84.1009426444173	1
40.80803552401218	87.33625464810062	1
48.63817209201119	85.3273024918837	1
55.36981262227532	80.07306987589625	1
58.43055219682748	81.58386833969902	1
61.473021628569136	82.2785860272198	1
44.906846452198664	83.96765501412044	1
34.718421017505534	85.20370491696623	1
62.12898286230256	74.75705777415155	1
52.92408098792306	81.914613282925	1
57.13879087331857	78.1478685649281	1
68.20166037057359	73.75259628819622	1
57.147722711608715	80.29558957340159	1
41.16730229632901	75.06478619384765	1
57.225630159423794	77.91395558583741	1
59.501562106065485	77.09824638940229	1
49.9671222359516	84.44736897849296	1
37.55240105908646	86.59613733517237	1
43.83593726032977	73.7239328895183	1
33.15705808291504	75.25656562420038	1
41.45248194522845	81.52200888429716	1
40.52352483928101	73.26870763527856	1
50.27454401871477	73.79131046116173	1
44.16261352920917	72.18216345699918	1
39.33195829757255	75.96306919576605	1
47.10880929026652	81.15326526418288	1
42.17747156519654	76.84815054360371	1
46.84031400860528	93.73984771641396	1
49.33592314739189	81.79165150843907	1
40.530846248835694	80.76678968944209	1
34.053091378329746	81.74169026557516	1
39.96258848066262	73.41727130451567	1
31.164868958222304	87.3343183885234	1
58.424326771661505	82.06954543869561	1
47.22477486688346	82.9439943651194	1
47.48883712671885	83.40044679702409	1
69.8146707147016	82.58839341759348	1
39.81438455061685	76.3952991164452	1
39.863068736232414	79.55359335950097	1
40.25882245054474	82.28033922802805	1
32.5548106415814	79.70045509569324	1
65.53198763020816	79.5712018895757	1
56.94215847293511	69.61392272591127	1
47.14443911825239	83.30460127085286	1
58.587936594758276	82.7875795129371	1
53.84303383132886	83.24771029016345	1
57.63453909845624	74.36935267305951	1
42.28505956753971	80.73859385535775	1
64.96662158308821	73.29980538265414	1
42.685093727187834	88.66530512928148	1
42.4100902275884	80.47666675231551	1
52.424874510532945	77.93045383877474	1
33.90680376445786	76.0976183897848	1
44.712365697468734	85.21096441186828	1
39.76040191964598	87.14579399531883	1
54.9521667625767	76.39183811446742	1
66.11144051695388	76.28869012839874	1
56.78570586172148	83.97439547775734	1
36.29254770109688	79.58039914485202	1
60.01527769887636	79.79459954022002	1
56.99761402375323	79.06281228497734	1
51.64756594023933	66.55052503018217	1
52.388434416293364	83.0154151925085	1
59.90918946775648	74.6531875067604	1
36.61355834178684	81.16664535255704	1
61.39969917380265	87.69810112308086	1
44.19551354946846	100.65274534031813	1
51.84908405908826	74.6641597234521	1
64.71635242166762	78.72885693258257	1
46.092158678029335	78.73066421621284	1
46.28050768768339	80.72225171520795	1
44.35588263948816	81.1646927388233	1
39.89766137127348	82.41541448003417	1
42.435639892467776	89.78887773978565	1
52.559103474333924	72.74777794807889	1
38.57016234351907	82.6976573780727	1
53.27608865482654	71.74292078407896	1
46.230070026062506	82.0838214290298	1
40.39656831220855	79.27935452207085	1
40.70238772400163	90.30258000345783	1
57.09255414405452	82.42720181862973	1
51.124897378926086	85.84034375453369	1
57.254918172374225	79.17952170224333	1
68.17958651958844	79.23042792027314	1
58.47679536373754	69.81252270656402	1
60.47062053451329	80.25042732140695	1
46.44894077909353	72.7274582069252	1
44.133319344532474	81.67951993018332	1
50.822633547449534	91.62683372858787	1
46.33030854613941	77.55136710111864	1
46.78078740052004	84.99654231438764	1
48.87334292052735	73.28878430482249	1
68.69958811704936	78.5914749849299	1
41.84142674786644	79.57705475278603	1
61.264362394567016	78.22910842479469	1
68.96927128522707	84.21865238041883	1
39.264036196703366	80.0558006294573	1
46.013051935725116	84.5556191660345	1
43.888682731433974	78.88974512379008	1
23.022668172649716	79.07999687828197	1
54.000309610219524	83.08443358660853	1
62.82929078999728	70.632728575549	1
48.35214625109161	77.69927307935116	1
35.06843115857368	74.63156964506601	1
45.216797206027614	82.26756643863183	1
61.02034861100711	87.35312154259682	1
62.40609246322012	80.13824304065551	1
66.47258448904665	83.46494254950755	1
65.5210772840323	87.06324817409057	1
42.431457245243635	85.2877175895537	1
39.80698683138281	85.13530069642874	1
52.47606308857539	77.35366967419918	1
53.68889005515818	82.33179481619831	1
75.72873654311553	75.16149798085813	1
43.27926708779546	84.77693161703539	1
58.24795515113498	73.97460497673485	1
56.849277837449705	72.72019484323158	1
59.98600112352443	78.36045303044135	1
61.78077997907544	85.64209882353978	1
44.31599352403852	82.0860862276144	1
50.835271704821125	79.23447047484613	1
46.42162981718843	82.56822549338735	1
55.749259650756315	83.73464260435836	1
36.603831799476744	89.28245332933562	1
78.14206391009338	89.41605400009523	1
50.90407529213794	87.01508636342459	1
40.85083084106473	75.59735261242986	1
50.41351089695689	94.91944526473588	1
46.53602695551312	76.3063296239859	1
49.06011763010759	83.60357318136933	1
53.64338944571279	84.02823454234091	1
53.23288660358313	79.90528976656667	1
41.47347490475699	82.62980594588036	1
45.386159951068436	74.01066290293043	1
41.7764312060462	83.71572755375894	1
46.38900045071806	75.9045572482848	1
51.46985577960914	84.99820542974705	1
53.26653688012228	62.42880720742067	1
41.91748968627244	91.30531558275828	1
62.706502770426155	78.76723482741534	1
39.99999619447655	77.53646839072293	1
51.213230074623986	85.26594797407394	1
47.07404615356965	74.84995452205197	1
53.461692954774044	72.32672121224707	1
41.11894498778041	75.48067871131042	1
55.907163985154405	84.81477432019507	1
56.136157414397516	75.59493570112738	1
51.043709184720235	78.2548233094599	1
58.02564220497882	82.58341219324386	1
49.01143509579014	76.91182890256806	1
39.414962438448086	79.47519090596371	1
61.74848758069174	76.74714009357895	1
55.074222712258845	81.5052098923226	1
53.53655496533267	80.86489668913154	1
38.0896166710808	83.22851040220283	1
52.909594750107914	76.95236247916685	1
30.327856465500965	75.61560780749957	1
55.358766777470095	70.35097359950217	1
47.0755228455816	74.35501059281437	1
39.331825383162965	72.34997594249009	1
58.74215860180216	81.59905907969686	1
40.550037349269154	91.24694663372388	1
66.39921414088309	75.40492559816758	1
41.824542495844206	78.3061717515827	1
48.31446816279496	85.99600389641384	1
41.690823015452665	81.63902161579477	1
48.282753852709554	73.64403558587814	1
53.11503627957355	80.55850836929955	1
31.686029828873018	80.92114782633215	1
52.73624526098473	81.23135954847214	1
36.72163218886614	80.38081465174646	1
62.51622990059087	73.83106202407978	1
59.83529652712468	76.6898519935345	1
54.97241478425091	80.85266447146799	1
48.839486754697006	90.43242160896334	1
52.406867686065056	81.44615227602755	1
60.97011521183081	75.35148110609518	1
60.02655628532519	72.9514824984841	1
45.9202094465062	75.8276484033264	1
72.9285824898662	83.09406917595719	1
57.83398889809378	77.76938821866075	1
45.5273162627341	85.37059562302152	1
41.25609687732751	79.26690684769684	1
43.601748262140454	80.85456492298917	1
37.21874033119514	78.11922005013452	1
50.755225449363216	76.566150311993	1
42.69401008921364	74.75183171560691	1
35.87820440529326	86.02276786104939	1
38.757716878671374	75.86214185762866	1
47.47459890206723	89.13944183775793	1
57.955099569657456	82.8046205328222	1
55.11261128622965	87.65740469219935	1
55.86786499248541	82.43801065574678	1
50.775779981999854	75.50201268878621	1
48.108276954177036	82.93331085815498	1
48.33986325643063	76.04072238921202	1
39.50194729205646	76.33149277974522	1
42.61949369428508	75.90689986282837	1
32.36095737614625	77.05059817426215	1
54.48531746169625	76.15866373515577	1
57.55622863539148	78.6694133881553	1
53.970222490287625	92.33492774750741	1
47.35139364151328	82.9917891215761	1
42.42439400732647	88.11930736910503	1
65.35989540004066	76.89421447968573	1
55.250455731884806	83.89939149803385	1
52.1240091667519	81.25526515694335	1
74.53171458098446	78.33414611812286	1
50.847364860788375	78.93988813793449	1
57.96563074072445	75.11859241767456	1
55.78196966413311	80.68912637658501	1
25.3224364907665	80.91204069952607	1
34.53060994363117	84.47595914757214	1
44.50812227208863	74.82081888112633	1
48.850715780257964	79.64473653723205	1
59.454472522014996	79.15005080359528	1
52.03648499118015	78.50248853128508	1
55.601471378086345	82.92397098176262	1
33.34619706205993	87.78103338038814	1
47.184182634918464	80.53291825299107	1
49.57857114573394	69.86093750171958	1
46.14450684502194	71.11907139282023	1
51.3756503267095	85.73096258291473	1
32.328397363159034	79.97989342760943	1
49.55182160887735	82.08059342676388	1
38.81366524049282	68.48818848018892	1
49.31404810284943	84.36563133340782	1
64.03665974015257	82.40331558595233	1
37.06100548289139	72.77620734879642	1
40.051461215862886	78.31352625227323	1
57.876267256531946	84.28531820980795	1
62.98794866006985	70.48291060932308	1
56.54036338426253	73.83297847240881	1
56.47373982013324	78.0770417156398	1
59.99442863044215	74.80133353247597	1
52.829519021702524	79.61884266318339	1
38.11232927490829	81.28359567503703	1
59.79225440274622	79.2879546626495	1
66.52727027149761	81.87620029059413	1
56.01337495316773	73.5174165764467	1
57.485481524614094	79.65320191812435	1
60.018624224201	87.18081507337632	1
57.0300814557828	86.36817573799557	1
34.046341225365495	77.26641392705025	1
28.619264830430645	80.56122112290795	1
65.06066579622471	75.06128874413999	1
52.181379768539244	72.49603822303649	1
45.64039082262146	79.47179832462261	1
54.73851891755848	79.66228076915398	1
45.79801679607746	83.44717226940428	1
38.71774376159611	82.1072739433207	1
53.6558594325881	78.75646773669125	1
54.44805020190876	85.66698497209119	1
42.122468882099206	76.4088642526686	1
53.914737651682614	79.66399492880306	1
53.76851159332995	76.54202337580023	1
40.98006231377061	77.22488437183148	1
38.00119600792694	87.05956559296936	1
50.65499348578891	73.16515381927151	1
59.21394982175089	77.44367045776887	1
38.049626691976975	74.68690122731213	1
27.38946597415667	81.35467668706197	1
56.93486812837854	74.91772301067121	1
22.775780465771035	79.78940991539427	1
77.62778910698913	81.44352624905706	1
23.40259197773712	73.70507110651512	1
64.61472843338376	76.75538978874476	1
39.322850472335624	75.1444140170359	1
69.06056194108453	81.42698029678631	1
53.29431338268274	76.49194597991912	1
63.29508738489297	72.48003572989738	1
73.37379365875196	74.09325242007313	1
56.30587127425362	82.66159447718827	1
38.589020160008495	78.54110274642788	1
36.36158422478526	81.67576739172254	1
64.61010101324149	84.60533385757519	1
54.66776794985037	81.07357405489724	1
49.038258103991886	80.43514587899604	1
35.50810400552584	82.02373054850435	1
40.51791713422837	69.30866800007931	1
51.97122843844691	80.046911369329	1
30.46005930046482	77.610340474925	1
41.90356204526143	78.85229889501122	1
36.93354887867165	77.41005865405994	1
50.06099940397954	78.10328169163392	1
37.86073399477365	84.55005068966011	1
44.147672292852285	83.47076489732937	1
61.030884800073196	81.28237404646319	1
47.10537063273957	83.91758304530696	1
41.62845662642701	76.77632371168305	1
48.844080432916876	73.72766351173131	1
61.42726088699334	80.45509437731576	1
45.75498561337274	74.9925650737396	1
58.5991497854277	78.03660350352969	1
51.64211279158056	81.29735730623393	1
61.67110769148323	84.84055535893633	1
40.03442777771048	75.71768548384661	1
53.79474373294251	79.36079328576193	1
52.37248568584934	82.48433329594525	1
66.0452539557658	75.2829534450507	1
44.15602984892743	80.90598097136845	1
65.59829908784694	84.78316228773721	1
68.82055539966623	77.61013424465506	1
54.14758909886538	71.81402480944904	1
41.83606081736938	83.43894403782022	1
52.27706161151873	87.68096428930396	1
55.211099445897226	87.68282294535045	1
44.21748338101843	85.1546173596371	1
41.949463063328494	83.08305653274904	1
54.75754239608402	76.98677064426903	1
61.914838814169784	73.87739694231888	1
42.712656850417694	74.31626941698208	1
54.27742986528358	79.93252011264714	1
60.90494603206707	78.6912351896858	1
46.519961129851346	91.37971024495852	1
40.08284560938381	74.52204954624631	1
43.01106514169085	70.77025825630389	1
60.14973575605253	75.49250824090657	1
47.523311952735284	80.86949286788777	1
50.08746607664988	81.61578200255289	1
50.44840620192416	85.48958095571487	1
32.12494165803972	71.85649447428297	1
47.308297434449706	82.87921221475612	1
43.86028575109207	81.09531296731834	1
31.172588310031998	85.80663764110842	1
46.77733159350459	76.55926659730349	1
41.53416279569737	80.36553307509206	1
52.95423997337384	93.89811085104351	1
42.50702298909674	86.09957769515113	1
54.56672648398886	85.33572282290048	1
38.917201437575315	82.20129386753602	1
54.34996502497672	73.40209745391115	1
75.85791928484608	76.81350903200203	1
55.837125114241374	81.83450046600818	1
66.54424237790025	84.86924403205586	1
53.32749624011507	78.67223405065309	1
37.919732129534836	77.09688555789957	1
65.31808229842422	77.56384228422768	1
51.99795800139896	76.81846813359093	1
59.93566246012108	83.34000844109521	1
54.35915675640933	89.13277547222842	1
37.93364877449261	73.2719043200341	1
42.88417808122509	78.62068775787351	1
31.465757346147665	91.67251330603347	1
66.24499131570843	83.36948623778099	1
51.55756319465585	89.63618289302349	1
43.802084720624016	83.99756994957865	1
60.97960602526033	74.75973438955722	1
42.751350065385004	74.91492743704326	1
64.59272795261914	84.02719225212707	1
32.523995386263266	81.66827082245294	1
37.22580077390549	76.26959692641427	1
52.459281478789045	87.2071266667526	1
58.62467577389607	85.3723363136136	1
43.621926140852736	85.04845659737322	1
41.65228502090679	84.15240275406018	1
38.760155264463535	77.64555327547414	1
34.471565512119504	79.55682157719556	1
48.87851025606481	85.08705567344019	1
50.910701528136215	89.28826239377265	1
43.5405106282115	80.7851657160827	1
51.76157631373919	78.73095648773628	1
35.88807752325872	82.54604359975701	1
52.23641062629171	85.07554572575421	1
57.59226219210671	78.99675148535297	1
42.27441233498565	82.67644856785083	1
49.98622821522771	83.00684552885983	1
45.05522451019823	80.1249237638912	1
43.43799666598566	84.83093529042254	1
39.06612600711038	81.54110060597037	1
56.451846617490546	81.03859490513591	1
42.14700129451148	77.58891260808284	1
53.41675908681165	82.68929636409366	1
43.79333668342708	78.06464500873312	1
43.71121823442743	86.28557047092865	1
63.74553459904949	82.06936610560241	1
59.66823342236688	87.89019247016654	1
50.219438675545284	75.84313861759215	1
56.714738974509366	82.54763372499472	1
49.916096640302214	81.30966222866533	1
54.149112306166145	75.8136848240764	1
31.663180119254243	70.42133427768447	1
45.1266869247021	78.55470577759084	1
37.61409751641372	74.14640963652988	1
54.90920196578686	79.46798868712727	1
74.30226211042132	72.4649977548021	1
42.7589375751452	80.21486946495679	1
47.36352414300678	85.31577168908788	1
40.394158413026034	82.0199079071691	1
52.3880128723787	85.94100363417175	1
53.5430495401239	81.57911933702509	1
42.79645865333353	86.3175998108275	1
71.00570196851861	80.94936285725007	1
68.36048469407174	81.21278696276909	1
35.693386020513614	83.05126622511027	1
43.167300101738604	77.97982304403509	1
49.79199985008035	63.680686910666616	1
74.66505021511891	86.11064431371761	1
49.19183867462509	82.95930940682169	1
60.61873825636914	74.91168901102739	1
70.20444172491983	83.94850308016423	1
46.53157742678375	81.85417513136832	1
28.133086382609434	82.76890282991225	1
41.71653305756704	70.3870114886167	1
43.27327320468536	75.22654313574758	1
53.2911893875385	82.30754902640304	1
42.92952349487872	87.55941613462234	1
56.78068480502017	77.4862889804183	1
67.97009250164648	86.71144229207322	1
56.22312851342328	79.30232437317187	1
50.25954038701912	76.45209643948057	1
60.12781407775025	85.18254334557277	1
35.817226756794845	87.72431337993383	1
55.38562354224525	81.05744833511682	1
47.799531017712965	84.24125874217351	1
40.87502806832633	86.49255416028194	1
49.30124750336321	92.24804435155332	1
54.64682309757526	80.18202362861396	1
61.91779157721837	78.27103692030587	1
44.50903551633566	69.84517387348913	1
34.53628521456402	80.51841766564452	1
45.01770084392621	72.21556425105268	1
38.04512645540865	80.0106515887967	1
61.69729695228652	73.70705811131556	1
69.79821373835044	84.0397218501074	1
63.026806115138044	78.32593401351026	1
57.968867244637316	77.7251212332779	1
45.04222883674358	77.67434933230061	1
48.13342024885632	70.24774103556048	1
64.83867643394375	74.74161388588496	1
46.922222169342646	74.40721714520315	1
36.54732103875454	83.93284461885757	1
43.67922774206019	79.78164092214733	1
44.45211291537098	79.39061069663028	1
49.87860902742939	80.78466875223586	1
47.10718450209403	77.60260139236907	1
27.882149530125222	74.37787681733094	1
48.99617898761209	86.33270401470568	1
49.33855236154878	75.34457481643682	1
65.1949899128244	81.8350006157647	1
49.19831767751095	84.8777431302793	1
71.49852069543851	83.21611634371386	1
50.52654100437218	68.14724109148285	1
38.30705859024771	76.67352481845815	1
45.70424373942344	78.16835052684908	1
55.59896962966123	82.99024946329934	1
20.349128285315892	83.12676563955927	1
63.411996795942926	87.30119749751618	1
46.81607836121606	82.08013579079235	1
60.51318105692012	82.6641811972935	1
42.03789044092192	80.25358771378151	1
39.63329723086244	80.36272478556296	1
65.17287717664101	80.98720991920104	1
57.870443636409526	65.06732009415751	1
43.87554569709633	89.52830518512238	1
34.996916538730716	80.95724443181905	1
67.04134267665525	82.03470019228233	1
46.31319617727029	79.77175494080615	1
55.7862064906965	84.4477366600616	1
50.3972447229401	73.33078897834504	1
33.54844594862354	82.96428304445274	1
43.0340807846819	77.16759160314207	1
59.81879483479343	72.71715775999155	1
53.63351597131619	75.95680619833216	1
69.59539781358615	86.75802621599735	1
45.4931789937217	78.96701717649682	1
56.08937967233667	90.12890526747096	1
41.92591998133833	70.83281734442836	1
65.713661631926	85.30152772503487	1
60.66594324750311	83.15026419180118	1
43.74946750768669	69.66543553530559	1
50.7379640952796	69.81209613174269	1
66.27756044713084	83.0700659990912	1
43.24496984728191	76.81759260471003	1
52.864318484707724	76.89555839409023	1
38.44593758570527	77.28741842150882	1
40.92720929954603	79.378486029636	1
42.957193527703666	84.97828329566863	1
40.688792924913685	77.99202256699701	1
31.966326815379738	79.20051560774196	1
47.00821587505719	80.6210442091182	1
72.93307928716627	80.099529000101	1
59.67166474999318	87.39968995336433	1
38.77428711247042	84.1381993968684	1
55.65777920594065	77.94280782934996	1
59.92763619284218	78.901722972544	1
41.91171831747108	84.51656471159403	1
51.258470312084654	80.31521461151014	1
45.14632779626828	81.68280365321522	1
50.39852967688247	78.37275257048233	1
38.07463362982846	87.02777035255812	1
53.97193009815046	77.9304402644186	1
42.020509649965064	77.9377783276209	1
37.959751521289945	74.4237192966275	1
61.530049757018546	68.94386103246268	1
36.583344843506254	70.80690288549683	1
74.63662778215863	81.15596483411578	1
48.35068249677938	90.53773374767175	1
43.70416583024071	75.19982169181986	1
55.93939059967985	83.39336818842048	1
51.97632258593054	81.78561037762233	1
56.31311931753268	89.39229822824834	1
51.08455917280467	77.30621956232058	1
52.96266909097924	78.88971114676926	1
30.71975224592772	77.1717865138578	1
60.07171339321468	80.22718320613359	1
51.577139767722294	84.87972181955992	1
62.166573733005734	83.25982026714703	1
42.21772804801474	83.53858288729741	1
53.48960000541721	71.49203893588391	1
51.23414354948594	70.93084070252803	1
46.78315870564278	76.38874584436887	1
50.872982462391356	81.21223487514438	1
53.530117342329625	74.1189805739471	1
28.151263576875895	82.49194593749594	1
28.569345067361258	82.7218260936561	1
45.92360936727515	76.77986183276595	1
46.12699875790368	81.54843229809511	1
39.78557422678786	72.73352169556851	1
72.19229734335266	71.20600423036619	1
28.181361699228894	76.24953897246392	1
45.95122001805959	76.59086828793872	1
51.97827281214728	86.88526663749614	1
47.1059563109754	71.0677748199932	1
54.43945241005611	78.96592310485785	1
62.44172517530782	81.92977911502115	1
55.84794280022929	79.46744720861189	1
41.33649914655443	75.03320641466938	1
46.24579281611342	83.7193801788659	1
42.43402574667691	83.94315106610489	1
51.587905252483374	82.00620329513349	1
50.204040501023854	77.19177549539152	1
54.844653447003864	76.10567926613662	1
54.0454028259379	83.7323650066963	1
55.409989978194425	90.61914970754256	1
65.69532177375166	78.99564215865122	1
63.829453184882766	77.25511279128581	1
67.85553405037876	83.84277965424859	1
46.470121566341774	73.07732979123173	1
59.658882671855075	82.40370555936133	1
35.79127158380878	73.99964538220618	1
52.704884719472005	93.33312228105527	1
59.049933114012326	74.38369418798014	1
58.54115054569234	87.17611978560574	1
51.511074725846186	79.31162856833782	1
33.317232593237804	83.29745467016696	1
33.693058213831165	79.68436077443734	1
61.36334677766713	78.09941114246566	1
39.85005072315818	77.99552263179686	1
55.93138856564037	84.94358037102248	1
55.54486227358001	81.10709547228277	1
47.10463827049632	82.34946129144997	1
36.87340177054847	85.11473107647178	1
58.41020774063512	83.47606857872614	1
55.03605382349872	79.25850348493665	1
73.49150881755219	83.43596717381845	1
52.099362147956434	91.28929825722794	1
33.53731913460029	83.73119886931781	1
27.292535796823177	81.75156694198208	1
32.90196473642278	75.18770517092095	1
43.252431581484295	84.02640765843293	1
43.95833352173201	76.62935137870788	1
44.32191930509351	76.0059866269024	1
52.40701866552407	74.8640915598919	1
56.45815915962956	83.47987230175987	1
56.53760743981337	76.76303346988394	1
56.746606767778125	86.59364450530899	1
57.45054521887304	85.88977242265615	1
31.334976557482076	76.97225898581367	1
55.68498149232919	77.14169864246114	1
65.75628995162704	77.7191174875128	1
55.55797225806832	76.83828309959793	1
47.21717775557088	80.63330344713057	1
45.03877623842517	81.44115865210605	1
51.27361220014683	82.49780316359487	1
38.26459355900022	81.39396349182445	1
62.1643852722559	80.90995298407705	1
55.189023470620256	76.06037972644961	1
55.313751774472166	73.78196847551698	1
45.91316496387067	86.0199837632998	1
56.93334828045226	90.70542162958397	1
44.8203759326523	80.4607890178224	1
50.405744939899655	80.77638457199596	1
64.6442085380127	86.6726130388501	1
42.71846735801872	84.32686316977454	1
48.021452503388375	81.27707974885749	1
37.08383513979188	84.58104149794798	1
48.209403073557866	79.57454458034	1
41.03138307778357	68.66666646962764	1
56.29107337412363	73.07669288737122	1
61.229607260206265	76.06476196141753	1
48.98222696262958	81.20392634414631	1
50.452915198303664	76.94746976596839	1
43.10185574192705	83.64286953887643	1
71.7683872358655	78.2557723080355	1
43.60968749776653	72.31951700292473	1
57.19265952934357	82.8226960284364	1
54.862234740728525	78.57166153375368	1
36.153752218451075	79.95118003297247	1
38.13429196883064	81.7555102213748	1
38.57721392763656	76.85841563295035	1
59.79199232221616	87.32021345343618	1
39.70826615519969	74.87490673156817	1
77.5344437136492	71.96761972119084	1
66.00028054932356	75.81554742047186	1
57.11586988116454	74.65110289036575	1
69.32625981274026	70.75673187566102	1
45.039710880463836	78.9958138935923	1
54.16367091934943	72.0589607128709	1
49.97356994474598	83.62123697317976	1
41.34034846819151	82.22083424477577	1
59.65580945844198	83.48551604849202	1
40.080243235448535	84.18060582282496	1
52.013786056974894	92.15110190871776	1
40.97288450469357	81.67438425675371	1
59.03842761845643	86.33303643432055	1
35.06932304631762	81.08824840102551	1
35.10976876159381	81.33649894807225	1
52.65953426198579	78.49565187175006	1
43.720783800042625	87.36430489864942	1
39.7686122960405	83.37188255706876	1
47.33825447206875	79.31447634711492	1
46.07477055426063	77.06708599855003	1
36.48645846298698	86.89857543390205	1
65.10587161420509	76.03786163267335	1
54.4058500454228	77.66680598883934	1
62.861158888788154	84.87798293853173	1
56.443968459211035	80.63394309105244	1
33.956412549977955	83.31077569022887	1
36.65995559459794	85.98729857457938	1
46.50414718529897	69.5185733075281	1
58.79591544481993	71.93171867252785	1
50.075416581424996	83.83598935478831	1
50.45213894058709	76.44838009365839	1
44.66059346774421	83.21245446329765	1
52.347886644206774	76.57583381808392	1
55.60786499310972	76.52567834561958	1
55.20021160466771	75.74468690552786	1
43.77983700232129	81.85672861834993	1
38.49096400921988	70.43205816733736	1
74.54713351103003	85.52097022258339	1
37.62675961890529	84.91112026733617	1
48.727728875728204	79.5991686655052	1
51.37043545188188	81.61717072607108	1
49.510226343279264	86.87143844205019	1
56.95926123944592	78.13013578142422	1
65.08721891960354	75.15458979268693	1
36.557510077548656	86.1522996555092	1
54.267054475994534	82.33841394306124	1
67.14715711484064	91.97636302308453	1
60.956692615886354	79.70680298726033	1
41.85633560781809	87.27721504063577	1
53.603636304912875	83.37429186062302	1
56.365530375942946	78.27260751704647	1
58.45836876438716	90.01208116870517	1
66.39294032294919	81.90850031514026	1
48.52623225202872	78.35496089336834	1
48.35709384375586	75.82197581008197	1
44.96129264040481	77.93517038990396	1
56.2112172860433	82.46262266565017	1
68.58566309297609	88.3900117828155	1
50.60910955598628	79.44268641993219	1
67.86292206713574	84.00855663540854	1
71.41275682066625	82.54310475842145	1
38.47554731242417	80.15748785413349	1
42.736415137301655	78.83990925311483	1
33.14986267912519	87.10937369974255	1
36.21948937999174	82.8658489292441	1
37.20843384475323	87.30646423734322	1
26.14817378667441	76.9109526753596	1
44.42013263118091	75.68113606738602	1
41.32518120919718	80.33305773081946	1
38.228560723613526	80.34245839507568	1
46.36566115710723	73.8658581567993	1
44.496600855976574	82.4657275145975	1
36.18576125128168	75.2491192432704	1
44.295697980294335	84.93617311485602	1
49.48168921519748	71.56929629304706	1
59.88995437220126	79.24086251867256	1
47.16307561064021	83.98332305773845	1
62.23589693993351	69.70445014986892	1
52.668391287121764	94.0043883021581	1
44.365407017361534	80.06894332038986	1
64.57709960016996	76.67214316294435	1
41.869024286328994	84.129676093715	1
57.98145262788908	74.7272887874762	1
57.69027540132223	81.00924029905754	1
54.89173561429752	70.31901211273117	1
43.84319329234256	76.10003405587106	1
34.68268103014104	77.24887936764902	1
31.92468805440963	77.69555048770512	1
45.45911047114985	76.12029972819695	1
39.086623021090304	69.9207175213006	1
39.02334852913033	90.65650077683951	1
45.7661784811937	78.35588529502247	1
30.89928150412099	76.08956621992351	1
43.092141455765834	88.95926857276051	1
52.20059494211698	79.06150745215282	1
48.04534487045413	85.90635534010508	1
50.7155354649704	86.35493024466831	1
53.39103280401364	84.37778027515063	1
58.06635315636268	80.99350262335238	1
42.195538125296714	86.09391563301308	1
57.93925293482954	78.2617821389309	1
60.93659979999972	71.02500061508933	1
28.60934523427553	78.20340838182756	1
56.26856317701812	82.91764792907823	1
50.56477138580761	80.50385801198789	1
50.6033281318853	76.80094637992643	1
68.30391684844119	83.36813438223668	1
67.51305258481175	83.16515403721196	1
37.18638782259794	76.81857696828442	1
49.29979843697871	79.28617435757819	1
56.627514114455565	78.76361757858261	1
40.403578282725675	78.91150996603943	1
47.73474141843283	85.2963666152221	1
52.72850124008081	76.94195792128912	1
54.97317995018895	69.74476385374307	1
62.69862926412695	79.48564304168579	1
44.80406141749478	76.881513270054	1
78.68594144375513	70.65972981048822	1
38.964655705733406	72.24031736481498	1
48.72566444914393	77.85847256282945	1
61.82966782423584	86.00405420048924	1
47.64688347428141	78.14225286255429	1
43.058764436289664	84.21042314084674	1
40.39097395392634	81.79413388485271	1
41.56432651310161	76.16629549331849	1
64.38613684760338	77.99691897972728	1
51.72852197771689	82.34019609806586	1
43.552457624544985	66.74111174733467	1
64.98253244935232	83.6298266485486	1
52.6554727601924	78.80510925693984	1
49.682047176412816	81.54231401570769	1
59.477673193560875	74.11696384565796	1
44.313551563827794	84.21381123798336	1
49.19591692828389	77.08152570423	1
46.31578696392423	82.88727184621091	1
35.95284340137814	91.38584162689149	1
44.30195188136837	80.54191806213149	1
33.75319821569656	76.26713626555845	1
62.576831217404205	88.8803425009926	1
55.1566022525264	73.78759568749666	1
58.84974195786487	83.54839220125461	1
63.54383563856187	77.10744908670112	1
58.512409904531985	75.78194277398906	1
45.63464818560921	77.04080170133108	1
53.618175179808276	78.46351992149525	1
30.94778993888012	74.9930340185852	1
45.69942910599211	80.20236917628637	1
37.65977577398768	86.0779797340207	1
56.90764791042444	81.07040143687354	1
42.01986259568836	74.4656000016524	1
65.1029641727486	74.56927385348598	1
57.207556708781944	79.05082432943139	1
47.21546379233239	88.08953557474679	1
70.99478669998909	82.01472548938304	1
35.49675883556272	80.47430841765976	1
56.47608453732765	78.76684370126705	1
20.431287821477646	78.47654885365507	1
32.28518551317469	77.6339358527057	1
55.109396988523045	76.95568692867448	1
61.556871350657275	79.44314280835489	1
46.23623859814101	77.43727538265185	1
43.65948004514072	80.08627251331812	1
36.04913960802111	81.54893851561181	1
66.82016894393988	81.96869712180359	1
57.76558932589455	76.98738692861816	1
48.28278778135846	87.1320022225949	1
60.31937193564893	80.59550410636022	1
51.43446645135322	77.18906331552098	1
52.28414552623114	91.27681436209937	1
61.40343096019308	73.45038959928291	1
48.05881587132471	83.86284390090351	1
38.31150771807316	81.18526476447418	1
49.948440175668296	75.32330568795838	1
39.01469573412368	79.01080369007371	1
77.24421173638558	81.63742816529236	1
48.10014173408583	74.13006881660965	1
56.46776560367018	74.53704306029174	1
54.737554491765465	80.58266821159722	1
51.92954011854909	72.36348838069057	1
59.18711121615261	86.96450395342335	1
61.69607525137785	92.44636516673535	1
26.373890671831028	73.74038065500606	1
54.99780631588848	85.6650720311109	1
55.10226604267414	84.71191688711984	1
51.35936912294829	83.67710493491899	1
38.21428888886947	85.10008017702316	1
45.47777967219665	71.60241892881228	1
32.61600658472642	83.7878763898653	1
32.90409310182146	74.34799016596891	1
47.06631395083038	87.95951402940871	1
63.87021902208947	79.50210388516776	1
37.853573349464575	78.39461735611779	1
51.895932070468206	77.23303661298134	1
47.26563806719012	75.8030694751634	1
62.66578147439097	80.50572849796687	1
53.17435661946381	85.71371066355377	1
56.796045878381534	81.77731246010107	1
45.84231507799694	84.60363260950014	1
46.7176498387281	69.80547930937664	1
44.286140864260766	74.22799881985722	1
36.22926967605283	81.62377824783113	1
59.52691447174752	81.37382403465622	1
34.36937725921105	89.39094136967732	1
58.43977042968896	82.56615362186089	1
41.131967850472314	74.31482058572288	1
41.610861535807864	75.92702411719021	1
45.35350304443128	78.50636620896904	1
50.87542261487009	76.14837612724834	1
49.669035915932895	78.84739767589153	1
39.67136883854019	86.78358327573349	1
43.5070513928751	80.56221435348087	1
51.96079245492647	69.18317448176404	1
45.75177246476841	85.06841352796117	1
46.835951202160686	79.68908004963787	1
39.37876292434769	84.78024075143792	1
44.40647120291183	72.2013417002662	1
40.86590919534989	88.68736100947919	1
52.27557510245386	76.57126670405347	1
50.591967543949195	83.1437343675565	1
64.0358671896436	72.96680328080193	1
57.41890397419581	86.29352050189836	1
31.852376146865183	83.45249730918236	1
56.49339584993707	79.34929163658887	1
64.95346200051982	83.45653365577661	1
36.03446207382456	84.8271312460018	1
48.058526699858525	84.5932686274018	1
43.85562903727384	79.87097166221774	1
57.535555439474976	79.20628060653098	1
55.7052560534173	78.18633189864572	1
41.16404591605229	80.80493865194444	1
55.29464196710643	81.16266182970594	1
48.4379672634719	72.99557912866415	1
49.96402777176641	80.10683042720576	1
68.69244200668263	76.83923728393631	1
59.623437711546146	87.21292421772051	1
53.18506634307555	77.85406673169969	1
45.777131735098386	80.97435041650276	1
47.3042736090688	93.44260877873151	1
70.32030848693074	84.29700833321694	1
42.71840117437306	86.20311806431496	1
46.57794655980661	72.80572505955561	1
55.66502901195896	83.22512804217322	1
44.43325710054444	77.53132844870835	1
77.00550980378273	78.01781226342673	1
34.20230508421676	85.07774207516624	1
36.020064581322785	82.86088734217677	1
52.22630039682283	78.40768470901261	1
46.58884285514682	78.84218244262533	1
45.31284449221562	68.2349816085849	1
47.327090507774955	84.67484028913304	1
56.54090391616823	75.54965349411914	1
44.514953876228944	80.1370988830207	1
46.67390693161719	76.3825168454555	1
55.58300881781649	78.11656425463374	1
68.36017500849188	76.7852395215877	1
45.28022515873402	74.27602341766388	1
38.48053296950985	76.88210205872252	1
43.728935906727145	89.33996139436877	1
51.048604937988706	78.61027670494211	1
54.291757379675424	88.09949073746132	1
51.40803171359704	78.00920259824987	1
47.597904145401436	83.74681595350887	1
52.654345673741254	74.78582045339067	1
51.661832670040674	72.94122566236909	1
45.64700623126729	68.30233422477617	1
52.161259163571806	81.895899093618	1
50.383763918491915	87.26756282447268	1
48.312113005609	76.95484949056093	1
43.84357708029575	80.97390870230522	1
43.92761742471633	76.41451091573249	1
45.94549245002292	76.98730847955525	1
53.319398676260754	81.3223998120786	1
52.533772836427765	85.29170138923304	1
51.37462622020598	78.54156682398829	1
41.200675672045215	73.86610430117983	1
57.55020953619244	81.63030698159749	1
53.45113149404682	81.71285831718943	1
59.81535212775962	75.38139373285287	1
42.74895106602791	77.05349888183068	1
40.73863452816439	79.49957454526785	1
56.54206074642787	82.26553100679556	1
51.70640641993186	79.17924276361569	1
39.940221831926046	88.78922422753132	1
44.45742314670335	73.52370880964023	1
51.10993270725298	89.13560727442379	1
36.989387559390394	79.83252244275012	1
38.33563283570699	84.24506667716537	1
44.10740201082464	76.76770860779027	1
56.56023426294709	81.60364779295229	1
37.01392059721648	79.67284829118407	1
56.41662800584976	78.29361005702798	1
51.85029193823196	81.1742188805347	1
53.38926099586663	70.75435481971859	1
49.93858766380498	77.84110625593567	1
55.19069425568818	78.28170274593876	1
49.602642388276436	85.40515443517482	1
44.942765055400116	83.07043470311098	1
71.81138695139103	88.40778557465738	1
54.76321797391839	89.3153674603318	1
47.982044107364786	79.01953849877712	1
59.91123924822069	79.47707463726711	1
70.81652285255058	79.79390465487883	1
45.2950916274301	74.76151247118004	1
35.938191802735375	76.34680691111876	1
65.24962574918393	80.79137302872678	1
54.01740148777727	74.0403475832151	1
72.10501158096129	79.42215877311757	1
65.7480979125852	72.16989146871565	1
47.33913038640939	74.85627388486564	1
63.298604749142314	86.00442724607709	1
36.468241703202125	82.4279628748398	1
36.86642993221989	85.31397706416898	1
44.69130554421385	81.06109441701544	1
49.83715542231669	87.92183138737798	1
50.07165623913776	80.08733494263092	1
45.658540880920945	81.12548394551158	1
56.045431708558105	83.25178511020314	1
37.440780914785165	78.45646939939601	1
43.0601724761162	82.84651958314194	1
30.412940938489253	86.15208751471602	1
64.15720821767616	79.94125400293369	1
48.21101573734301	76.36638743737477	1
54.95493928067303	81.840373452425	1
48.788217720717626	78.86916284133753	1
43.63355572445399	79.25833656799513	1
24.726998376395382	85.90002924211737	1
59.81458333739364	83.1921124998522	1
77.66909469980536	89.86051154352057	1
54.43204098143052	83.06442829099515	1
46.50328929487215	69.23029105841913	1
42.956487198335374	65.73686223986292	1
41.55165018397422	83.4803313015118	1
45.28126532761743	80.37190128320468	1
52.34198559291214	81.69833311441671	1
50.1976769570801	77.67796538918296	1
66.06592751583908	81.20282054805226	1
45.2772304745254	83.66602375815978	1
57.333810421514485	78.72947158822113	1
51.89241484888559	82.9956550857045	1
44.469522186027746	77.53170067724977	1
63.513654084072265	77.49828252571666	1
47.44307055621873	79.73906106006967	1
44.25870488426398	86.8933510118579	1
45.305946152270415	77.65251392498918	1
59.0260775481872	81.10085891442773	1
52.915419160324824	75.1716385621641	1
52.09915708206202	74.24474754476147	1
46.01080957510981	82.49138192493237	1
42.4841947048804	73.5012393857406	1
45.788044922706355	78.25294669175746	1
50.15620353569321	82.87559055091252	1
34.065217174170364	74.49434063714364	1
35.06781569465111	75.32869004222216	1
47.052459726831465	83.55430291697377	1
42.922496131867554	88.35403066418606	1
42.883221758020326	76.66836086975684	1
48.083741432945935	75.59471334630075	1
48.65985180430806	80.93454256970517	1
60.76726382107345	89.74726600792914	1
21.76761964331487	69.64018641824354	1
39.278577182291876	72.98900700541562	1
43.740383694984814	68.70539496805571	1
60.190941974393034	83.30805508392343	1
60.75392049782326	77.13856579197017	1
50.95027457407305	78.62720549313539	1
60.594721191331374	85.99967346437546	1
48.55706171024673	68.56270809211348	1
59.33587628802395	84.85482456489304	1
57.28033307180061	85.01479975908856	1
43.719148817177526	70.4471622474042	1
63.223060861626834	82.2549590837055	1
53.91525463514266	86.32547601112613	1
69.42344090067596	79.27497477374712	1
45.24853633427558	78.44077323620454	1
49.45918213634152	65.33217103117633	1
48.04151745308421	80.12297300053045	1
51.23919434960226	77.6318738457327	1
32.22992702746149	76.06352347030591	1
49.80584347982514	81.29165628215691	1
42.84719542352819	80.61368645230375	1
40.53621559402686	79.97418208709058	1
48.190995728995816	83.76583587933187	1
57.26130405968009	82.74092621888724	1
52.08122741989621	86.63617580556709	1
46.30942622375986	82.46917465927692	1
78.59862003923212	75.13916750871212	1
37.81518071909651	82.2789778568067	1
45.79836783394696	75.25376412140716	1
49.300861091441405	83.16954321867726	1
44.53757867852944	85.82391419258718	1
51.25208473528935	85.33238603428633	1
55.2685674290555	86.50066909334772	1
47.07182146293592	83.202952550242	1
45.29714501455812	86.21426783865046	1
50.375932656352084	67.82681262915352	1
47.14895853546346	82.40578421337334	1
24.059011903009797	80.94926529828942	1
45.90034559687963	79.4594733986785	1
34.08934552429734	80.04800210939845	1
42.01028076843619	70.09915446234395	1
48.37918236217655	85.95973345631536	1
52.48028661743919	76.8601835791047	1
44.080844153819285	78.73054311903526	1
53.94952381073245	80.37794897275863	1
62.54646447867406	81.71518939666271	1
47.24460418006052	74.3697252162274	1
60.86466167123041	76.77894240589134	1
52.49338885824485	76.24463525740161	1
45.11904814307178	82.90376907333335	1
42.54592725301898	79.71612729731568	1
48.15314050822512	81.92706449670726	1
60.45553685559729	81.20287069602325	1
58.84558148341115	79.7872736469806	1
31.273606971033395	78.26553048591936	1
56.346817469742945	84.55436042627522	1
41.58288884968808	87.95728434372131	1
72.20486237128486	80.9490810807784	1
48.5652807274546	72.73571029970657	1
48.19852784830343	74.63562592369789	1
50.55125299017747	74.33540709027352	1
52.978716610674745	82.29544661005745	1
42.491518552501844	74.61095256128617	1
60.52085950144871	97.24986021217086	1
54.17463674956369	72.86268873690635	1
54.64662860852708	80.62083927148552	1
70.05684967304268	71.08671352445505	1
76.04420226305152	77.854315718937	1
46.56519364470301	81.94063635942732	1
57.626790000388254	78.20818224526377	1
55.3095251968592	72.38360424863748	1
63.288571989505726	76.91111088798007	1
32.55781472069705	86.21311825041388	1
34.31365960385556	80.28824230702567	1
38.62959393912438	78.21716014308265	1
45.09515355641122	85.81503962839557	1
58.72510170151927	82.53740698636224	1
44.79116074802644	86.78124442506424	1
60.09621366646158	85.1705342172945	1
47.504897477644576	84.6139847580647	1
53.71982396635403	85.85293099544052	1
58.086209679145384	77.91162560044701	1
51.78191509198695	80.93947394945	1
54.849750373294555	78.75358397365846	1
60.472700809094796	77.69910339954987	1
43.70508294385422	88.47695807630235	1
57.55367490932578	75.82325594552539	1
52.02422812322686	73.9522524442852	1
39.10558807139245	78.89237257851606	1
48.53076345976344	80.27169871772347	1
52.82079746311081	73.47147037468395	1
46.627838076021014	73.92339004940592	1
53.470375627435025	77.37808614955577	1
60.07623182453095	88.97175663795609	1
42.00493431999165	74.06653390846807	1
41.87799746385079	84.86288629855036	1
47.0003631344882	78.3760067166714	1
53.11117937559161	88.22542990104493	1
55.95632769568142	72.87305913578737	1
64.92441335055246	76.11479515621646	1
49.12203060618421	79.68217423500664	1
48.5499074905238	78.67031805388018	1
35.18296938126724	72.87546707388297	1
71.7058695149935	83.61175713381742	1
52.78110712229812	83.52119112153296	1
45.07459488640486	83.7861029494734	1
34.37232066927611	74.98235938024544	1
44.067011183285544	83.72934469942135	1
48.14367603181475	69.74872747972842	1
44.80735298592878	86.36937514118964	1
40.946197256151706	84.33674728394821	1
52.40228523998237	83.40603034648068	1
65.53628640007554	82.22344228644293	1
60.88239632073192	78.65797808619308	1
42.03643564140352	82.12716125442655	1
50.98067373386242	71.52682806577722	1
62.88907956783237	77.33602105205038	1
44.06935568569626	84.9615293416451	1
43.56905033091028	79.79287435879955	1
41.20151823682198	80.12200503233647	1
54.769549254758395	79.2518074806018	1
60.12040391712446	76.86415332387503	1
45.05559011857946	79.9968536467217	1
52.43367578246119	84.93661745009979	1
70.21547521023572	81.65869617305442	1
35.57505480324771	82.08943792160737	1
59.72967623904806	79.7203787812462	1
54.50853020062189	78.92514210837496	1
42.006602741733076	83.86202855428898	1
53.99969131841743	74.94820876583509	1
59.53842648223717	80.62194838452115	1
51.20068157075333	79.09767824054418	1
50.09261027963134	85.64481335529972	1
42.989542678113075	71.57651592289099	1
47.183536593987725	86.17452151699591	1
48.72953642255619	83.91993301606762	1
37.748776316368875	80.73322069621874	1
43.46404486774156	74.41089832647143	1
52.26008651532086	80.30314579546432	1
36.264107877671236	69.55444671171608	1
53.7858716250255	76.446137908569	1
27.17630514327346	80.16088930503793	1
46.53914743649777	88.06322560634635	1
42.417546923196134	80.07061923675013	1
35.880459477003285	77.07235825042241	1
32.718836483465125	74.85532728282575	1
55.615027489967915	93.71229131781604	1
44.118846397241605	76.50344931544291	1
56.87654446340888	86.01949001026348	1
59.0733486966339	84.34234837643007	1
28.842968716303417	72.02697969930499	1
53.5037626944684	76.87996443599629	1
44.605268749018684	84.27485847042979	1
58.90935098326905	73.19704101994016	1
57.35834339466015	88.0503457475878	1
42.54638644158331	88.93746068186537	1
46.63000439331094	79.95568467947699	1
49.92887416418799	81.25522317327427	1
48.016873138705364	71.5644375300325	1
40.86407345576325	81.40748775605614	1
49.10032869864497	80.58100804115456	1
50.90938044177989	81.71980951724495	1
51.027264832568505	72.08593775824687	1
37.156985711901854	69.32426114210668	1
55.09947621863187	75.32718238667753	1
48.548306047827495	70.45048057505541	1
41.56676441534052	89.38704153838958	1
59.274867678996955	80.80119178578197	1
56.730456039329155	75.37873083158806	1
48.87857143892984	81.94529839340517	1
49.964880212738144	75.39923360879672	1
52.377921890229224	75.49953306640516	1
50.47018494165521	77.70043481672212	1
57.385115614562984	75.79488827806941	1
49.11430964603471	78.03929020682452	1
60.630162653223415	74.78922431218625	1
30.467607461499263	87.4312981542435	1
53.86188113416017	71.75244337408127	1
51.724337091844305	81.12307638594586	1
43.591492040394215	78.78304733244732	1
40.046053066929254	86.39419171088073	1
49.17346720593098	79.87762455312206	1
53.88497232362162	80.77523831070383	1
42.047949426451126	78.6176316234384	1
55.141369064952805	90.48596561698017	1
42.798620046982286	81.75344909037454	1
41.97531072798135	82.02029312910217	1
45.110555892449675	77.8173999723388	1
39.061285937315716	72.91135907384331	1
65.48342688521956	80.52486598375329	1
59.873633205379534	81.0592143070889	1
50.44756933643712	77.46356340965102	1
35.91614573094845	82.39265144723113	1
43.846551160398434	76.78211096540463	1
48.73262536823859	81.43860164894939	1
60.27826870166747	73.9151313987147	1
44.37306870636205	80.30683481828834	1
51.40139678426187	79.139888583013	1
54.407584112959576	76.8565315043865	1
46.21450464723854	78.36122740599914	1
41.29174011832873	93.09672883145167	1
33.02221468267068	73.9955943983054	1
47.96051670635055	68.48533343973271	1
43.25311237977483	85.37923284217634	1
37.42640381798956	75.52336969040975	1
39.447177882879	82.43899270395598	1
43.062069555322815	87.12351705137134	1
56.21991374751032	76.46613251088795	1
48.54239403836086	78.94101266089811	1
41.592329107042296	77.94883742380465	1
46.85287640108334	80.15961839776897	1
54.748461153632746	79.103284301856	1
48.66688872562835	90.79436850810201	1
50.15880044940422	82.38588508357007	1
56.536265570630256	82.87615808220855	1
65.67159050592075	83.8416486388809	1
50.286858891977445	75.29203389634168	1
54.672569074308505	78.60297777572096	1
42.44633297411603	78.68608282958694	1
39.930644886703696	88.95904795709887	1
42.05950989685413	82.20111381287136	1
37.73055574273841	78.2175917930053	1
61.32607644307254	74.82665472733551	1
55.48401767071925	78.20674896708043	1
42.85316668919553	84.33354757654853	1
38.10492491473964	71.58534830645556	1
41.17470457589815	77.17781652514952	1
49.3569904916382	72.89198734302848	1
65.22978720706695	84.06009473226146	1
44.451686244077536	84.38413675275164	1
50.50624920012108	86.03213974508449	1
48.98069460794568	76.63955115296058	1
39.06818236763447	79.01459257968004	1
50.15523547140959	86.24002311775148	1
45.9965261422727	77.95058951326779	1
54.67782414478097	82.18435630661199	1
66.0910880040627	72.85085210718668	1
45.97275865088601	89.17906647375965	1
41.69992868954249	91.50572495535455	1
63.520509534539876	80.45044041731951	1
58.316718428920325	80.99569490774203	1
65.19076413266203	81.1913724457441	1
48.30450893395608	84.37973114753078	1
36.56262785131844	78.87009945549927	1
41.993155378643465	73.50938711269481	1
50.2185020756443	72.70401716421824	1
51.48606868234021	79.94984357990226	1
66.43461513075982	80.31925667937487	1
48.72267340042277	80.03138794111786	1
54.42128655906381	84.41881139449978	1
41.5189610714408	85.5094817400009	1
42.3298839693794	80.92759979346604	1
42.98091724515882	80.60902731662677	1
52.057176703924185	84.4426687079599	1
28.428935204016987	79.7691406366729	1
77.18755744359679	76.79486183553666	1
37.734323645513	80.30600868249068	1
47.69732632930139	82.4699285837297	1
67.83888287853911	78.21411102983396	1
50.50914999705004	79.90162982406113	1
74.1061401013423	84.1614729062787	1
33.12568857400173	88.18311513416369	1
65.73163031926546	76.77680848403384	1
63.21427324926741	80.11243222981241	1
53.94735021663231	75.14600094974654	1
57.257641201071195	77.88658708171138	1
47.21449490182965	76.31502549947719	1
68.01147040933571	86.56105078347305	1
70.81584005537138	78.05956842776115	1
45.28496862194676	78.44356245038989	1
55.621527305994846	74.57887713598721	1
36.76680694875924	78.53201537391655	1
52.256127735317506	81.34723830751003	1
62.30093885142211	83.09657985312441	1
44.42309464680035	77.02299977435581	1
42.71297456343653	78.87295444826857	1
41.95835172921856	84.62909218933761	1
50.56779692980484	75.39982723100675	1
50.4696368273361	84.47979099139958	1
62.13900289116815	76.76380348788659	1
41.3716992472054	77.02449179724617	1
39.200569378418834	83.07428519422719	1
46.5597654652285	80.42352121310081	1
47.51570910364651	91.19619430117696	1
62.20004355867542	76.1166062229525	1
47.67043187721502	83.93837650211887	1
53.709974402039755	84.42327508107509	1
36.920174983314496	77.15729170931563	1
24.0992407963212	81.79148607049162	1
41.760305551692156	75.69249260879835	1
45.26594463227049	83.76696727226131	1
30.062392526963094	81.76619270670254	1
38.337419500636585	80.28371777226279	1
71.43599758959094	80.51743764091763	1
47.979842913616736	76.24429633963902	1
66.57218129053658	85.99837195921614	1
43.58195383142415	76.2772416038538	1
39.44239604606359	79.90199591539886	1
42.031996663885806	79.41849065391513	1
52.55607164014803	79.00640920636462	1
60.71405801790927	84.80071026463204	1
35.76839917156205	87.08064955216865	1
54.26194466329871	83.5527777450064	1
38.557276852091576	77.50794613528349	1
41.88435201577585	86.13295250999296	1
53.53672806915066	76.52331081284728	1
65.1615556250527	78.2027431234234	1
41.94129345732422	77.1258875373203	1
35.92369698841033	82.94356071496568	1
49.47878328972292	77.39114308905734	1
55.594330783139654	77.71705007533386	1
39.76645916401118	76.09098682120597	1
50.81052910731925	80.43824013254411	1
56.9173286791589	79.81263245058062	1
47.44459514985189	81.56540967833456	1
63.78229698128211	68.17071301229089	1
55.329654247750454	78.49895421469694	1
74.75379571676861	78.39880034920449	1
39.6992706783542	82.56601681050537	1
35.04218602972111	72.87606724762466	1
51.919654292394526	81.10746725418566	1
62.37654366680831	82.06698135459374	1
68.23136398022638	85.21021422167526	1
47.82096666488721	76.72695426556932	1
28.468732658272025	74.98482508927341	1
41.66280395359391	76.178227978973	1
39.62611132409703	72.22332872852773	1
44.9087097903948	84.46181986398875	1
50.40855133432427	73.87735102317419	1
55.98017881837566	81.81987460576023	1
45.26229433602583	81.56916564039271	1
58.47858871140362	79.03389999652988	1
54.736936884544406	78.3571577553371	1
53.48879331283183	76.16336345582835	1
53.76046868797933	84.23118890925385	1
53.32608076198154	76.19154769043509	1
58.752121917076884	75.37570631880968	1
56.37153295672002	78.45363733561105	1
46.287345949623656	84.07763526879754	1
38.07336023709346	81.78160710195891	1
47.56118703831628	81.9298665070969	1
50.92972703480115	85.21539549356886	1
36.316797752465476	77.2383809949424	1
58.16604338312031	91.98212690561829	1
48.858553164296154	87.21924146712165	1
55.5865830515708	82.62791839720217	1
39.33309053606933	74.25913179631551	1
48.30349828905573	83.8655198418735	1
47.44285843120981	86.0305719323031	1
41.21559632098651	72.68583761822961	1
42.27620708462625	85.75957738795574	1
69.26646085045708	89.57368540229862	1
32.81842595318918	68.85821704629538	1
43.55104836281571	81.23378497206981	1
56.41419077495801	74.76903115761813	1
53.285223577207034	79.2205975388343	1
54.831578940547296	81.86126520071247	1
55.5317029228841	79.44037950646046	1
35.748525622943426	81.8793599055193	1
49.31834603951534	78.45675396527837	1
59.70215146904993	82.06691147440293	1
58.52075901969384	83.80117015561711	1
52.936218758273775	76.92418675703166	1
43.97501029991275	74.97923257094769	1
45.48735432950447	74.09436594188749	1
45.09389786047774	83.74876533186429	1
58.67991751975206	82.17377225069873	1
34.18656492254061	85.70440240324588	1
41.1230489234755	78.31082443087749	1
55.02302823377495	87.00525176568641	1
54.5355889253961	73.99570382492303	1
42.916240842511556	73.12721249321588	1
40.956021778618286	85.09692703603807	1
52.30818980659596	83.86235831223561	1
46.22676448873544	85.08976257888216	1
62.06630179307572	78.18214224295627	1
59.10395009733575	69.11209809734285	1
46.11765876675137	85.51866070211786	1
60.64945536052386	81.78732379398895	1
44.576029672511154	91.7956833687463	1
42.46186911880838	84.15043133417994	1
61.7214073959904	81.36781183473184	1
67.74526037181316	78.77111937748786	1
46.0118746510744	81.31557588988271	1
48.050839293825454	82.28488789093943	1
53.78235782130958	82.67384522352668	1
47.062807337967485	74.14959075690577	1
47.205652510778705	73.45233258472466	1
58.3550851917081	80.76166557983396	1
54.95620614174385	76.45734683056827	1
48.80122690763508	69.40299880115904	1
47.75793925381102	80.46048336221727	1
49.704373600046715	73.7830638885679	1
38.62032047076248	88.61500220946863	1
45.528345061688874	87.20057655866107	1
54.277002970980824	85.81333791994714	1
51.418110181359154	71.40516590846333	1
27.149519847057068	80.9427638248315	1
46.86323751351668	81.52254416576064	1
64.70568679562636	75.2528438923494	1
38.905788003877056	83.57348681330319	1
40.77373390763323	71.66621042904619	1
41.4419330641155	82.07086716353993	1
43.58891629799472	87.31064258637319	1
63.97463599861942	82.12569542583037	1
46.17668871102346	80.22302132096438	1
47.679906398103235	81.44827277209443	1
58.98243221334958	80.09192852084806	1
52.30462342098518	85.07290136290209	1
55.64203112826631	89.17317091529864	1
49.209606140369196	80.40942347559597	1
67.67794527151008	81.61498235163641	1
45.31553387119205	82.07594460033069	1
38.16493089425068	81.85091722362026	1
38.021317941143664	74.08854131710861	1
57.628802786931914	86.81379063620231	1
55.06179610383697	87.39845390769072	1
42.81965374967365	84.28346007465527	1
44.320149965118254	85.3979924453676	1
47.183487408295456	90.8019116313287	1
52.27933047870869	74.94299431509435	1
53.4458509292219	70.00570188853365	1
57.76511272206383	80.98927628455012	1
55.83611118518518	84.61942683413203	1
39.285082209770216	72.14420774417593	1
59.70245869548048	69.20705462110487	1
35.299375870323914	73.65906115875569	1
42.07577757068211	74.31452926025722	1
43.75366445553226	86.57455785877697	1
48.669136057678756	80.75858366158296	1
38.19115283454	81.16658129220635	1
53.6174751393681	68.73955723858268	1
47.85556033220544	77.75683473220323	1
51.0186813950135	80.69700327727801	1
34.76064251107217	82.04114157123381	1
63.49429389236536	77.66016728254137	1
48.85332856283322	76.27716247153721	1
52.85921074366897	84.39620709556026	1
57.170071121952475	73.73558942385993	1
48.77468758476105	74.04325934466864	1
68.6690136784248	81.47883700048236	1
48.76591790716136	84.14640858657572	1
42.22159442342872	80.98156233255565	1
58.4083542731682	76.00559302750659	1
55.830862541680474	73.99433563375165	1
50.47316268092835	81.6927589697508	1
53.579663850177184	84.13647905079986	1
52.222137397516136	79.41005322488107	1
60.656686979524444	81.36227465521617	1
51.134892077919304	75.15550428759146	1
57.742630706202796	88.02123761220558	1
45.76930580581493	79.84158299770816	1
56.845654440034735	90.63764612685411	1
63.81927641616404	79.84723876263317	1
48.53879888255483	82.9045024235294	1
46.64097574570972	82.31068142856962	1
31.557720619290127	78.66781181537891	1
50.87929446319966	80.725427814265	1
37.93299214322421	75.95086378305392	1
59.51087435082556	77.670733507198	1
61.176172333489575	75.4124257722737	1
59.475811504987895	83.4755814501987	1
37.88420210407848	89.15534619899262	1
37.059728502180405	72.8551113138898	1
56.739969205817125	88.96319129337975	1
49.44113336125622	75.73918225591478	1
56.209134652746165	83.69989791839785	1
27.4348921592076	76.73482976332859	1
48.6939923781273	77.65599053771007	1
48.89178711333864	74.65900293598469	1
61.26454558165353	85.11371391640861	1
42.10982506614501	83.45764498119021	1
52.254829771069296	77.3137389589911	1
50.0265694064244	71.47333533059482	1
45.07623791363366	83.8164792359072	1
50.02850274974169	78.68673857255277	1
62.69547203258686	78.3759891005812	1
60.4567995218897	79.50491353712522	1
65.01322187354242	72.82093655920652	1
36.287906673509696	84.38714923675941	1
53.05607838993574	80.0480068944083	1
71.72889249863644	76.56704051140038	1
53.185178053682876	78.54911899175684	1
51.31089645470012	77.7287995111632	1
47.38854255904008	85.389384740504	1
51.569810596373635	79.03265262423959	1
33.09246660274453	85.81040838370235	1
55.268302919624745	77.69870487326324	1
65.04850558729805	81.16025654922498	1
45.70625937279977	87.70128941478877	1
46.025119634575056	79.18389771910037	1
47.66975521838176	72.54882020492306	1
37.79758948613292	68.66607172389455	1
45.459171213315194	79.35482737081442	1
49.229180765320336	76.24640857599688	1
54.969265430254566	79.56526171841632	1
55.68939969341041	74.78777790036752	1
60.67863424482919	77.74184218497527	1
39.906697475238765	85.08945893908968	1
46.73176539119459	81.7607099106776	1
53.3840816216322	79.69120769275622	1
65.89355626979777	80.49666372485433	1
34.91520698822161	70.72477698518499	1
55.18438563831605	89.80603428905631	1
43.93777208112954	70.62067666087694	1
51.89404474428386	83.50402095892652	1
41.17702190456622	87.45817410769456	1
55.95197783512887	84.68117263894563	1
59.334031346298985	84.37493342190038	1
50.039151924886205	84.70982886249863	1
43.69172902633347	77.18597300350095	1
55.46698240805956	80.02836711284093	1
64.48755147116499	80.69525708851731	1
55.2139872518362	76.31119510468139	1
39.54049014344734	75.43463637195283	1
40.093762542770676	82.06453940047474	1
59.410074760589836	85.42860985828342	1
54.290006970633534	74.97231295558517	1
29.390640233574832	87.97295595962676	1
39.59087799322975	84.27196564872663	1
54.95645172243634	85.58400532107986	1
58.31361450350756	88.06774826832505	1
55.77648876657754	79.7053975996318	1
39.86901247344555	76.70362725007352	1
47.837062609519464	83.87534215898143	1
62.98685805179521	75.81311070268589	1
53.74492382169093	79.58585055625386	1
72.60664548819322	86.39674240670934	1
50.315123883913735	83.84341395314446	1
48.869270651188245	72.08050237235182	1
57.097713538048794	81.7091720675943	1
65.78877780196339	80.11175996862583	1
66.70908051780151	73.00288472248874	1
27.847945425741358	79.7571192361798	1
54.720392496099535	79.63723295765986	1
57.22678253060353	84.36624646479297	1
49.10987015601004	83.60575016479233	1
73.23668594411774	80.29648207381963	1
44.12399344789027	79.39510284200819	1
40.50887463571527	72.01875728283474	1
53.60423417343975	79.83503733426537	1
51.26174828909682	78.83851205382302	1
53.722904025857964	78.4994071403751	1
40.84158362052911	79.39245622971146	1
63.271401061160475	82.13530538305513	1
61.41195477457807	72.75682358796668	1
53.63144835770715	78.9867253801568	1
60.55526567051747	82.56442421533826	1
67.3833462145303	75.6465995000775	1
43.720004916474046	77.64577360161582	1
45.68653858694405	75.45427577912209	1
50.16903479565047	80.0909831190853	1
58.76646712681628	78.78986291451255	1
46.90579074890672	79.76058211356917	1
62.71452286089108	83.45198470607815	1
58.01798874544935	68.73098029553515	1
56.16147937652666	95.65836384245875	1
36.22368638698849	84.91637005579632	1
30.773375344318396	82.60130657707977	1
70.52163816813618	76.38447388050443	1
50.52447004789832	73.91743726967759	1
45.58738811717211	79.77692633403754	1
49.33404789872569	86.65438018897808	1
48.09418145371684	79.25204200396342	1
52.08725461444093	76.87465196059307	1
56.17427794342935	84.47655266335717	1
52.288289579211025	85.24942107587435	1
67.36333109522374	79.1738729042989	1
54.122575755903775	87.22007313858138	1
49.48793932209209	81.95931078930093	1
56.76269979290116	88.67202679915785	1
39.00526131803379	80.30634466399977	1
59.20079856105466	77.98125116391405	1
55.991499891180766	80.77142696724468	1
32.0001924025901	79.91193054561991	1
39.91407054758529	81.56991292605555	1
41.0355784110856	78.8683980091137	1
53.867929154309316	76.48498054931459	1
67.79718068888194	83.13014945861057	1
48.08367408155788	77.35754956341356	1
32.410635407727824	73.2948119213271	1
42.43504137328612	86.74594992660869	1
49.818871862677845	73.78300752814576	1
34.462960760273496	76.22549183157805	1
55.885624685785345	74.08582407143399	1
59.35108624685743	79.63988794970125	1
41.430783519489594	81.5800581709966	1
51.25025810699501	84.90692798423191	1
49.99612552748155	76.46407568338827	1
39.80389563321457	79.70761526299704	1
59.26098533817266	85.66165456833961	1
37.890867854379735	84.17799741299017	1
52.27445116470513	75.26209749205273	1
41.826068391232496	79.2344984452975	1
49.261439358489966	80.61441493971887	1
57.41161514352609	81.9554209175421	1
54.89848186856715	79.64191832032513	1
30.461542934230387	91.37577743987285	1
41.863515781436554	69.16839602412158	1
60.93665524191722	65.69619876406583	1
63.49131672059258	80.55164994103458	1
57.52057843738735	87.00785218176375	1
59.96213258996484	82.92771571839332	1
41.16500824405989	76.89225179455131	1
58.67365857052085	78.19332588946283	1
61.94854177851541	73.29668577503516	1
58.866356880058774	83.30041575007019	1
50.29012139156281	74.42314393678275	1
39.80884580845634	77.70091328074993	1
58.88636153376613	73.48322922871259	1
42.356770017699716	79.70526373527731	1
46.51908868192853	81.68434948377373	1
62.57505674010963	69.24616136710071	1
53.41066963013359	73.69519683189556	1
51.87264774999209	81.51682452557594	1
54.32590764968363	78.74741937901159	1
46.54268821604113	87.09933260348745	1
45.92669285929426	78.63819908918641	1
55.3255228928222	84.7126744241467	1
64.78833135195592	88.34550861229323	1
42.61724983408401	73.45246400045649	1
37.28846964911007	76.87397232310059	1
62.4389647095416	86.55585687307061	1
50.40634480094246	78.1179681964201	1
46.566602803675636	79.36797814735652	1
46.9127700051576	79.2868526915148	1
59.667829956714684	77.08651195064127	1
44.485793578173855	74.83999558442221	1
52.667803635482024	82.2428405470387	1
45.498003777249984	81.14661484483825	1
33.54660293455325	91.78530173368371	1
63.458093924576815	70.5444839231349	1
50.353644026545666	82.4250230820197	1
47.403275516517276	83.65892657379923	1
60.02010104740819	79.35007559125428	1
46.48264164549674	76.72231859026412	1
54.239551776621276	73.15539048246974	1
44.650686319735364	75.93822385180539	1
85.84392036188518	80.20379856435414	1
52.21820263870941	78.64754178078547	1
34.05105976804053	76.35470152032254	1
40.63831769507076	77.89965468113137	1
60.145285075832945	72.12911867388873	1
50.631620931787836	80.59508889822342	1
50.799359023389876	88.391035522798	1
57.89702859369176	70.85638384642672	1
43.27162026261212	80.00351790227265	1
51.85471629604136	64.98237680202188	1
45.72686477843804	89.37399933111976	1
57.81920236094832	86.09325376950028	1
55.34958078381929	84.88641970302685	1
51.366421625900934	79.14043197064105	1
45.809108135890526	75.64741323489325	1
57.12349303234825	81.82150937940835	1
36.475595622937874	71.55238930444929	1
48.49194736865126	73.59001186596322	1
62.68320307859092	82.78488926070068	1
47.56651174493974	73.83961781232975	1
71.1960358089431	81.25578820942309	1
71.15696101114867	82.7748714463888	1
58.921346115313526	85.73346691398763	1
42.649366377165684	96.38681108149066	1
74.62611077281193	72.45983413605136	1
40.68005402695195	77.61717113345733	1
37.19507705334233	78.41506763588276	1
53.08980104178079	84.70311552115241	1
58.35202829991508	84.33151461776478	1
61.04096963642543	77.8489609173769	1
50.87612061546975	85.99601253895723	1
38.687616875360035	83.29095092903304	1
35.645047823686326	82.73931553681965	1
50.654634255375434	70.59662158844253	1
40.94351708276107	85.26130509125305	1
40.815988984246076	83.12101184151159	1
39.71430878872967	77.77699083004498	1
44.24459431635689	76.39326154493125	1
48.54434204966062	74.84540963209763	1
38.57061814036406	76.44181571013404	1
61.47573105856446	84.3685592828817	1
61.31806509423604	84.70889623270378	1
41.40624094791387	86.59640817965666	1
48.072158995612234	87.05024213016988	1
48.33998275065557	83.12024389892909	1
43.7680381688183	79.18528619570965	1
57.293095338405834	78.54599553394489	1
65.51806114769579	81.54247634087632	1
61.929408932856965	83.54056182013184	1
44.00233447780714	78.75842953517285	1
39.18523418671266	75.23210490836318	1
36.756591732268845	80.13837860021016	1
41.199487326091145	85.87045920950467	1
55.79964104678085	68.27061002013552	1
31.49102086242365	82.73987195179872	1
46.348896668485814	74.20279415066764	1
54.61275760889936	92.00877215049267	1
59.187144489118246	74.09695199909534	1
62.328010684294284	76.64001521879321	1
51.979130993101016	79.84354158710748	1
54.0061028229882	86.19687773235694	1
57.63231585891004	80.26125500183198	1
45.275132947684675	78.20891860016155	1
52.230170181172774	92.23260853480434	1
61.32757137422925	77.35404656710575	1
66.85419339577791	81.93880545900271	1
59.467033349933885	82.40423523257466	1
48.323035474117255	89.19285864019386	1
60.04872425392409	87.29057914111183	1
52.71623789034355	74.36560780963595	1
43.84596722958666	81.08103948918463	1
32.529842384794435	78.73916063298185	1
48.646062176308114	78.89186332546159	1
59.50109476680106	82.57852035327768	1
45.09197674907595	85.20288269307474	1
58.992910327594366	83.09963613919035	1
49.85529172012375	85.62687192216063	1
55.44884968130043	74.85892719141356	1
55.2489773325976	81.86514097885832	1
57.67105617293372	78.03618716421276	1
71.2169743941136	80.23189832957385	1
41.76423090372026	88.72921464373559	1
38.588802307594044	86.25616377615829	1
59.896133735435036	77.11233647039697	1
42.41039598706053	82.71769801355615	1
66.88327598574685	78.02481870941111	1
41.50999524628253	80.8946125962305	1
47.42886247588482	75.83998710082687	1
50.88651426869802	82.44114713952989	1
41.87608344092169	72.97181465177998	1
55.85139027072757	75.76175941927308	1
39.0021896505873	81.26772237182769	1
41.89758369890644	75.01727468971545	1
37.96645238623519	82.33407043380552	1
46.94766920639919	85.60276061776442	1
56.477508044038515	76.4730151367115	1
51.18968815761418	81.4008316763455	1
30.45195731678159	78.97706027781639	1
36.35216164678255	84.65590435661237	1
48.29439832010165	89.66940157884349	1
43.30880121425192	83.25811344102888	1
48.6726091595684	75.6714511331385	1
48.94240227671594	81.36131605431123	1
40.82350804992467	87.1231096895768	1
33.32575635515281	86.54198139220398	1
53.902226790556455	81.47512133060867	1
49.93830323943733	76.74552125578226	1
60.12758715645214	69.63705725898949	1
45.39154404833727	69.07246585190839	1
47.59052650122728	79.94004228427123	1
44.71088396490141	84.27925280182973	1
51.497224710067854	79.9943802116016	1
44.88146080710578	81.13884500596271	1
46.09509351677261	75.13456424761539	1
56.047705678291855	81.3901373353965	1
22.125604857218217	88.67973061187405	1
47.8171165698598	73.96290394300357	1
48.30886960339261	84.47612302090386	1
43.425181921204114	79.41942680995675	1
31.943324307247924	74.53015519027126	1
48.84605761613831	74.17526460301664	1
51.555455626940685	80.44481605120674	1
59.493905332798136	89.62177953516219	1
56.24267447537413	78.10857726497825	1
65.01813564400426	80.2226450549478	1
49.70297782271061	77.89549968643988	1
40.76473184879785	83.5938760096692	1
79.77523539601897	71.81808125934933	1
47.603294950629866	77.6698503388781	1
70.92468461687233	77.54914356816573	1
43.25877573156875	86.94234017940214	1
71.3072815543	79.71261619659664	1
52.053729336396	80.93925126817359	1
47.36162045371084	84.02427900339781	1
54.40210778175155	81.80801545072144	1
57.30157806656288	81.62344812048957	1
40.035883371260454	78.12097138273539	1
44.43172780574903	76.26697748579046	1
46.27235739721567	86.34572555913942	1
64.11508977700967	81.49226548899699	1
54.74713407065341	69.6257133769858	1
41.93584055020461	80.8235967701296	1
81.86767327364115	81.95193293906527	1
37.103079131239454	84.90804301386004	1
52.54457916577473	79.87150950047281	1
46.88494312892085	83.17881630930493	1
55.611826599134695	72.4362092039782	1
65.94913780996211	79.88408209159279	1
54.198913338062354	77.95552809591857	1
57.621238723960715	76.3570667390697	1
49.230592599884574	84.98563569049111	1
46.729809882853715	79.20338983384605	1
51.1990666413252	73.47615386867346	1
40.55338635473613	85.1638344707821	1
53.4089238962778	80.27549579814053	1
54.689445735948304	80.1627755633112	1
56.37609682587315	77.07993243647944	1
40.71441607926621	86.92576395247845	1
56.55799558603462	82.25310823656713	1
65.1586045115902	78.5395361160124	1
47.40572574949178	75.3764108375612	1
70.40837060291761	78.49423404424981	1
36.5474783453455	78.66185619953485	1
63.43611535866984	75.00774152380556	1
45.056836701085786	81.13124334620731	1
55.65639500402088	73.5954860364716	1
59.197745162118316	74.38956128964632	1
76.26356591929652	78.55136912920933	1
55.17838414855544	76.60940136876403	1
60.45212684792082	75.04024151483512	1
43.88790254349273	76.83963200025141	1
43.84511439349905	80.2162193893225	1
59.46415261727346	69.94688570044723	1
52.15229066903331	82.1332948197823	1
61.01391477177624	74.50624437948646	1
54.54340166964889	78.66940400081765	1
57.80610730484683	90.87789091163903	1
57.679833513430765	80.81492133443588	1
57.55894000488572	86.00095741016315	1
55.34019373401601	88.22285852451886	1
35.043894981156534	76.78850995391728	1
31.218392748555313	82.54984656137061	1
39.6266057396716	74.16424196453401	1
45.82847202960238	69.46394673116791	1
59.62498014130387	76.58369796084958	1
32.53125437994588	85.32839328096001	1
66.44716909228421	77.10259139428808	1
31.44973176424041	70.68276097590544	1
43.964222289265585	79.85367763201653	1
58.67926803957653	71.71171193616232	1
48.06459721364729	85.37351846448342	1
32.943975878311406	70.55267209795039	1
59.400951847990115	73.21874094900593	1
49.25414253808316	74.88172489779257	1
72.44039389802057	79.97697336648767	1
37.33329303306595	83.24144780861299	1
53.92711346180395	78.52230341760566	1
58.683844569271784	77.9455441418884	1
38.09842564998144	87.68572874625444	1
29.266626956116095	83.74898294868852	1
41.223149390966725	88.55977753988374	1
34.743339938218156	88.46787218597524	1
52.616851134850556	79.54117057064398	1
42.384332472058716	79.89902804811612	1
54.05563216816023	86.27270688910451	1
38.8237906918842	89.8651852131256	1
49.77224854570378	83.92746605689342	1
51.69961169825097	77.43578989530432	1
38.92198634062585	75.25269036582705	1
29.037449693704435	72.46126802744072	1
61.3145023034478	81.83763618323317	1
54.5905138583467	78.31699693638227	1
36.248800200472445	86.21959505630366	1
47.00267420726754	78.46594813972597	1
51.35739968543121	75.9857938520482	1
48.60816754435885	71.83677171459682	1
58.20192089170041	78.64327834612916	1
58.96344249557899	74.92464565012459	1
59.391370843139434	85.10473973932498	1
65.33672264224373	74.87307947930944	1
51.53330762626595	76.60640525387085	1
38.89934550081212	78.40517272082334	1
57.99573799678329	79.25406072298884	1
52.06321558321204	80.43926903438333	1
38.46951440245601	78.18453111495464	1
53.50684050242163	78.86526578519498	1
43.98887118265831	84.77240400356281	1
37.009202502473855	67.71993000751075	1
24.534192945117855	78.11916296106517	1
53.68309163652232	77.69817001426672	1
43.75990991586386	76.71790788164142	1
45.5014743498848	78.95910332114917	1
46.41885720927092	77.80780992705525	1
56.420447026052685	82.92791542858303	1
53.88011939524866	61.930507929552896	1
64.76085420111501	79.00425625669813	1
42.14099340475795	84.08605435283161	1
32.5963210196908	76.09595027258626	1
34.1493810973511	80.22908229386427	1
57.88374074608146	85.56737486883311	1
48.22808289203653	76.20357487416335	1
56.4440472250733	71.90435033686138	1
45.26120939500434	79.4284100808024	1
34.84873005218679	73.79632862170624	1
31.459617117743313	73.69766450560098	1
56.5108936409636	83.66929290413252	1
39.483640567203274	81.82459870836298	1
50.75790837654231	76.95034952635496	1
53.44645584607786	83.3420345185858	1
34.43996936774434	80.39318780703478	1
65.74285979786403	82.49849444175054	1
63.801624091426085	75.46070546384648	1
72.15899434304015	88.21001052616023	1
59.463643389957056	72.10579556059254	1
53.911315934832196	76.27180943571963	1
56.12835396228487	75.5088605596575	1
53.167932341847646	78.41860106902301	1
56.12328631638941	84.31053750148075	1
50.24618322120541	85.10719268930494	1
38.64404356061242	74.89067248861508	1
64.13228233248616	83.8580949948863	1
57.25768871908507	85.22123191791265	1
53.06369182744233	79.97258160158192	1
53.261886410846024	94.25027888852968	1
70.41461062692593	80.57502277866905	1
45.66661815669447	74.86375525144247	1
62.756408389972265	79.5786383342935	1
50.83477939812052	78.75730931764669	1
56.23283151679199	77.43969299975578	1
40.66778861529207	80.20970455117892	1
50.83811385749165	80.2735542776014	1
41.39785776477307	76.81777889088032	1
44.88763636665854	80.34791102367832	1
36.08483202146491	86.49434191051691	1
54.217434811031154	83.52084177599374	1
49.03851844075809	82.75716102315928	1
49.93774529856191	82.40312491187157	1
41.94218717203459	82.01588584212358	1
47.69452771198299	79.48022591407101	1
63.864244683335905	83.78950294417454	1
37.889351437150886	82.72803018114543	1
38.48916856972823	68.97057885133657	1
39.23648220729579	81.36474556894656	1
53.12132465403479	78.13344889921665	1
44.57549312891467	75.6379854790561	1
44.98143196566798	82.32611521365727	1
46.51658384408256	75.1591762692642	1
57.04936653005339	76.75443912234985	1
61.523140766073396	81.83974203152714	1
31.154134706654567	83.08251431208323	1
63.7045065409595	83.15766340014461	1
51.43847879728302	75.44651173644401	1
48.593354048833554	82.69018271828611	1
36.25344895278111	78.68461295588162	1
50.11697802539328	87.75337107391218	1
40.42353721201094	82.84543597428487	1
51.47916032284079	80.99674879038592	1
50.197590282167326	83.32642468101766	1
64.8007096218588	76.16211138736226	1
57.23606307206839	80.60756124300076	1
58.35198667905309	76.39651175695587	1
50.26495692566752	82.66451716568956	1
50.174931404890444	86.01231015229104	1
50.97940982109275	82.26415154704375	1
74.69336819577492	82.60965299888706	1
55.4737290781424	86.26026334907256	1
65.0585149425471	78.01524626968276	1
39.82505612041367	77.0244693761091	1
36.22034393611991	84.01804866084925	1
61.51540965322887	74.62427313369187	1
49.03887763575709	78.1938011093245	1
60.24424824087903	75.13105569458602	1
62.82754690133689	89.08525560852394	1
55.23466202029124	83.59418445904787	1
42.182011550437295	73.1478994934599	1
46.70968981859759	79.23053847792416	1
43.99557340873411	79.35040006464396	1
44.01363734059384	83.30679715519005	1
70.4879338655595	86.87461274039421	1
36.86978433181788	83.44061065202082	1
47.930749591895214	81.37897187552177	1
54.61447479382704	85.30441845587875	1
34.188697024864595	85.31404117349763	1
45.64578942938296	78.35263544777767	1
50.644437321003316	78.61819246349859	1
49.70288495461911	78.91398563809857	1
60.69374183056824	79.04679174351793	1
38.174646680667486	70.6685620658718	1
52.71245804914394	71.05269867801267	1
29.811860238805803	80.65508346593218	1
52.76691386048373	77.66914724316314	1
49.087602879132824	82.87073212389942	1
36.11896599662448	81.80442677591749	1
43.36637632085201	84.94618347254382	1
54.436124092546784	78.22874384354459	1
54.641110121327046	84.1713715777946	1
58.18230355663723	72.64987814052724	1
34.102562877653384	80.29034481938073	1
52.711384092331635	83.5093058220291	1
32.297064553810586	83.19424483189225	1
52.69635293610938	86.0394536688742	1
61.83197417642023	87.21088015559886	1
55.345882251348286	71.20273510871738	1
52.710590046339256	74.81098970114526	1
49.517955748773275	71.12103245945288	1
30.71215793086098	79.42777310916722	1
49.490701645892784	78.04288040989731	1
53.704434585692695	82.86228526195379	1
48.32703799298671	73.4657963732235	1
34.68095597143368	78.41217856611244	1
59.19239519985951	87.72317757337188	1
62.68257321349325	78.9100424407954	1
53.603978905509436	84.12769266816471	1
49.944084283790154	73.839110440529	1
49.0209765290239	77.116577073662	1
66.84964421408286	82.84624080101487	1
39.854224773440905	85.9430276351716	1
44.73068220801714	81.68942533279466	1
24.93392026248495	75.55759619112526	1
43.26418504752251	82.97708321402666	1
60.58940654922059	81.56615907005299	1
59.7992913842875	80.28281936401181	1
45.5154541803329	82.38903573752725	1
70.44024290679921	84.86497335714128	1
40.27881962249397	76.60433622947635	1
52.1945757864252	79.59690510286384	1
48.145339349397204	86.82687936138984	1
38.306524532904284	85.97121177079927	1
29.804464926276346	75.90431962004105	1
40.26951108066494	85.12193483349704	1
40.12327692495035	79.8859329923192	1
45.137144413888535	83.82053477628858	1
51.3606087191848	84.05683834554932	1
58.38092122175682	90.90244357139096	1
66.20598107946346	81.96765091504007	1
51.810396394855246	78.50643918823246	1
48.141277297881004	82.57985596601954	1
48.199897673027465	76.29576796268366	1
61.38541747053949	75.01417316831822	1
40.16591128297206	72.40453580944235	1
53.85995880709619	84.25230791084182	1
41.10684246541838	78.74534010316103	1
48.910360446928394	82.14303998775705	1
52.004358730077534	82.73158626794196	1
45.15528224486895	80.15755461089607	1
32.96737892086297	81.2448156777651	1
67.19838387054028	77.58232351493423	1
35.606213529876726	76.19672418485445	1
59.20412495982039	84.6573599123283	1
44.225659824851775	77.37736194283411	1
66.90116892320574	77.48935418160654	1
54.39417166095232	74.82620938830524	1
36.29687944002056	80.40251140667682	1
42.58573113394457	78.44971495017019	1
55.10064170330673	84.38848966797269	1
44.72610489735239	76.93805548145659	1
40.31944966135034	69.77171518039167	1
45.870714533125195	90.1385208417889	1
52.7327449560619	84.04515400022471	1
63.609527068166614	69.78870942100804	1
40.830530050553065	77.0925741381655	1
46.3433921130707	79.83443037621082	1
86.65049495077493	84.99853373858082	1
48.55149354282955	80.38776090804107	1
41.880072117139804	77.52921546240327	1
51.72646850343798	80.23855578696484	1
47.908909409891365	81.50593669301063	1
62.43431318034217	86.72564658234734	1
60.065307839515555	89.04285140597416	1
50.54101493939765	79.78065276497033	1
56.306468737206565	74.19721919319718	1
56.610031123138135	81.20883618220725	1
51.41015126559653	86.380423150486	1
32.807494741071224	75.30776574780167	1
50.91184799761518	80.70616156410782	1
42.05700085293669	86.83192663005075	1
49.82645210506858	79.45585620045814	1
57.34525558266684	77.68533999999701	1
40.857237039575935	81.79210264130808	1
54.95172009318013	80.90458644963125	1
31.84190042131177	79.27457756702451	1
58.98578935075106	81.27552791073775	1
63.07118038001701	72.99434483505763	1
50.768048383419064	79.84001352285311	1
52.16625001777476	75.38886673621114	1
30.68705167171547	88.2936863061818	1
50.880414883648626	79.07063633387251	1
47.434919502013784	75.96809507029336	1
45.49366013263176	75.87117830693464	1
52.91708140152123	82.07012814612088	1
57.48784586562713	80.02235865938898	1
49.95886397012424	80.49962503978257	1
56.564187708304416	79.26465571222101	1
62.41156293018711	86.18754275591384	1
51.36845372344658	84.68710983204923	1
52.1928339491213	81.42366893674081	1
52.38094180275601	85.90590639459992	1
55.25075346413742	73.86874226440057	1
40.740624597939984	76.44850076283304	1
39.132957245258844	78.0854279427135	1
64.86702088290937	76.08450130055311	1
46.6748358755605	84.00211673747263	1
46.126469353951805	80.91108733512003	1
46.321219080639665	74.14573105380245	1
45.09695944835038	82.67683865608487	1
47.5375232104774	83.61148844704641	1
61.102897508673934	78.1556159166027	1
66.33855376254957	85.11512865238659	1
55.67700040579355	76.87645906384427	1
52.41323574407007	72.28520248453266	1
60.917985466968545	76.37207893190767	1
61.51693818760545	87.5015299710608	1
62.78124945816743	82.89510185196306	1
35.28548388466667	72.59397404400558	1
41.43617893957928	79.66795422807398	1
55.30658757381425	86.18670263916995	1
47.00712290776565	73.03927455225713	1
42.98185671079933	85.77370651779202	1
44.50692748644094	71.59873899155434	1
32.838434791689835	89.3190562197768	1
62.119828773149216	73.63301787932969	1
42.82345705335978	82.4361876299559	1
54.34086194507579	73.05442224855209	1
48.04785037375913	85.26772611732324	1
49.827420673414814	86.24252933848422	1
33.60140294522712	76.99200966918401	1
39.80672557424793	90.01030041310372	1
53.11192460681648	76.48527770891747	1
51.1508600343742	92.84775233212316	1
66.59269541987292	77.41592571870865	1
43.18669010250859	80.336390573024	1
71.08515691511494	78.32079056610156	1
49.174172577544944	79.98109803350326	1
42.13276096382942	86.56584274018516	1
51.1958318391399	78.91441512500461	1
50.14698578582385	85.90252171017745	1
41.71861666402482	75.03073996293091	1
49.68075337925616	86.81184765202036	1
35.18809411832656	72.22032640538806	1
61.83510417988123	81.73018848222452	1
36.206292487607996	72.99647875051767	1
43.72966004001289	77.87198536682554	1
51.69327958976913	84.3434869726568	1
42.911632914760546	82.51747837195583	1
57.63602835240804	75.7424037214586	1
52.96695766662921	81.3383557500037	1
49.92538106652323	75.0258112012041	1
24.427508722162393	78.43686459629555	1
42.28639896612579	71.27521840320148	1
57.44704936277268	81.36595820488195	1
49.42044226402045	90.67672309888813	1
50.533185350674565	72.95784812281427	1
48.739015789012505	82.66796264756209	1
44.50952815785671	89.39106851737145	1
50.327680772068206	92.92450912145478	1
52.99296256094874	68.95602822856036	1
68.28288747146402	80.28756215723111	1
46.611706317915264	76.25145975461959	1
51.43163794980813	78.47484294603072	1
65.18811688193436	85.04241448238278	1
59.32139498585125	77.94313199311664	1
51.371490850104195	75.39724926296692	1
41.91532222739883	83.41470371841214	1
65.77524317273576	78.31338501295149	1
39.89959416616698	73.4943137125477	1
46.24749122837371	83.53030270159067	1
53.653557524078614	79.91163196718077	1
50.56239859801809	79.23088519067906	1
53.22830387639654	81.48049857846296	1
47.76035576010096	75.24005137446622	1
27.97232678104722	87.35678155687253	1
64.33414211617622	85.06279783892758	1
50.15812718869893	78.86095140146195	1
33.83253165686084	77.8633540256197	1
44.543618993405794	73.43017404308127	1
47.923404437530166	78.983800677928	1
33.488052341404156	87.42114265627012	1
42.39360975635094	81.07576025634415	1
43.070962375203294	78.198557471118	1
44.530621606324296	83.98101731570044	1
52.75913252250558	83.48605414307205	1
62.77242542198162	82.375258658289	1
64.31940153838016	79.66256338839109	1
53.12086214617402	86.70087676353502	1
21.309558802346793	75.86328351353006	1
45.30535283825767	77.83506952658581	1
49.79512914350227	80.16766691484546	1
37.13577353801769	92.70009726030354	1
71.62076654508274	86.82500191336084	1
51.831756570847624	69.24713129270529	1
49.97757898657774	80.22608021022312	1
36.95073732361473	79.04088089088948	1
42.34450764667301	79.92527997527688	1
57.97728988729365	86.25962453683448	1
51.49377992362385	83.69326394447656	1
23.31050500075721	88.02174341343117	1
45.566556987739034	84.8261624167813	1
50.56229643802774	82.90845536869935	1
46.162745232336455	92.02581153552036	1
51.3067657032072	86.13906454644376	1
44.33007160352663	80.97660342416742	1
34.18981712253188	82.76501375486204	1
42.31311371743713	87.59572322659967	1
56.041800597757636	80.61366428166036	1
58.73246416026335	80.84767003191223	1
71.76120880200413	75.83411621284093	1
34.869983215562065	72.33361105563532	1
44.98883616701332	77.62802207985843	1
45.59031565947694	69.88727591427207	1
50.902939992105765	84.91543951054098	1
55.58613210378866	74.20690037052674	1
55.70449991241185	81.93172662524422	1
25.57156725218682	82.54336979423715	1
47.86183335639594	81.98828811628988	1
56.766454845882365	77.83804491493727	1
45.07802410828733	78.58518157783607	1
61.56726357170897	67.78135030810557	1
54.57377248687486	83.09071345582811	1
50.24021533571023	86.90187206874829	1
51.538541798165085	79.29955641817368	1
50.15876156780173	80.66858144036529	1
53.46179875758268	85.06773928301837	1
55.38843536262253	80.93507768730935	1
40.665020685639014	77.8923877411994	1
48.62898230179824	80.53007762298219	1
33.391813685751615	83.05569162363018	1
35.970453067726666	76.02272716124767	1
48.305583318874675	78.70314240140559	1
36.34154344134026	78.25966464072216	1
59.62861225335024	77.75204255499335	1
44.90614427692608	80.61740361376856	1
59.43809781480665	69.71782724274027	1
55.664898226675675	72.17713722669396	1
46.852050130250035	80.84956832084588	1
45.58590154267987	81.35115500496516	1
46.722772168077654	75.30741931952849	1
51.46338873164924	75.79379369845924	1
61.86958716141851	76.76764174022932	1
43.5253703724243	85.90925815007284	1
53.75887629737407	80.8204971438769	1
48.453671701510494	84.41557552292764	1
61.61967056952161	85.59337593136763	1
56.05378688048046	87.508996704008	1
46.049737690635396	83.26279977629093	1
57.11972316462833	77.9906377522097	1
46.80319553661829	80.05807631000046	1
55.316374727010555	70.96496875968418	1
53.28499376788568	80.57233053951857	1
46.62846751542845	74.0870815602768	1
54.51848653023043	89.99001615198807	1
58.47007283763054	84.28138517859072	1
66.51179741755891	88.84134051073217	1
32.48210719875847	79.90477711678517	1
48.770556659021175	71.57765510049379	1
48.948293332605886	72.80352139288797	1
39.591237744861125	81.08425059467103	1
47.68580086362212	68.09306251718446	1
60.95376159235444	78.68402036470167	1
55.844278516094526	90.11736812726755	1
43.90052994053544	85.05325033127127	1
43.63347731980053	77.77144178607335	1
46.2827222272152	68.95038408028212	1
45.42237276268489	77.2712278727933	1
52.15811130481548	72.78528017290353	1
39.995379223391176	75.35266490789951	1
65.35072972211543	82.38399941387279	1
56.11190493487712	82.97602455433571	1
61.533573326810874	87.32418514742275	1
40.30286231316167	87.68409713355975	1
51.06446948453143	86.32910878498313	1
48.1233978389104	73.43521321901775	1
47.53582689913792	88.73975327388712	1
53.65390531046515	81.90045903234972	1
42.80319237043899	80.39059022181188	1
38.97015903478677	77.97748663983522	1
37.302291740570865	80.46761684063833	1
55.99036805145203	78.42995769303205	1
48.18862693268454	84.46158713410907	1
33.880692457699496	85.09024681630196	1
49.63847243769459	78.55225327295256	1
39.36988570157972	76.98809025741626	1
44.145445601312886	80.70422978655343	1
48.727454423199255	78.95586222736694	1
53.07457555943895	74.83352522234101	1
43.917834197490514	77.22928225334131	1
43.64724107440541	70.82008273683577	1
61.707353519798986	75.77768821809622	1
58.360939593126815	72.80246980594987	1
58.2456244727399	78.06845590346144	1
51.82468104598445	73.18053810318223	1
57.70192033299076	88.40765293790494	1
39.597509080118435	80.08042028635823	1
25.526200192056372	83.7201420784338	1
42.22062004635071	79.10487136051691	1
56.06581601666558	83.60177114076714	1
56.720204403956146	86.21608709532136	1
67.66725826769655	87.81455143754813	1
71.95606934287255	85.5023261529031	1
68.09120612464952	74.16540770215703	1
38.09906684705204	77.1033424139449	1
54.09341748820521	85.5270579197408	1
45.175806931618624	81.3978879452391	1
63.108924725338625	69.28432036632647	1
48.820014564148536	83.3760753715004	1
35.616081228565115	74.65740318639146	1
30.31299541420634	84.77238443066508	1
62.57313567083428	75.84088425732149	1
70.91858815523344	74.686656901674	1
50.12653505380508	72.65267586599543	1
31.612845291666744	81.8927035167913	1
48.30702431688014	75.14105516809641	1
47.836544188964034	78.72104295057432	1
47.4552122710473	80.14790361689627	1
50.332934894907694	82.08349204227613	1
40.16578031062342	76.91316625820137	1
43.55883657725569	81.12949531559742	1
48.47512609968516	77.43004699609529	1
62.793710421362306	74.51255491211548	1
43.7647579821839	71.53491223832984	1
55.441128009131646	81.68189428090331	1
50.022035871961265	84.96094494265787	1
33.03105673521088	75.59748712599392	1
63.09958918825338	82.2280371103817	1
61.7852481532705	87.82932949197257	1
48.74924213856972	80.74557407159713	1
58.40238435722344	74.17116399361134	1
52.51235071708493	77.30584575170023	1
36.52424883231984	82.7381913628295	1
48.87228474189041	84.79642533033778	1
47.389870405332026	78.98183853104257	1
57.726947585519355	91.60247131217689	1
44.736376879759035	74.51920481876277	1
43.9211722156973	69.44916194531628	1
54.91104299329296	85.27069520064421	1
43.0005397031543	68.70908130786776	1
52.21451977049861	81.2076166379125	1
42.28699973311321	88.62035075613338	1
44.710993119374294	86.00585234481466	1
40.426307886008246	81.86541047272398	1
54.977706451774154	83.67033381086631	1
67.8902926854004	79.91428561157035	1
42.04013673811411	78.71764017047715	1
36.77168773409724	75.41556468255905	1
47.938180511080354	74.66388288862309	1
65.7781371001903	75.8986012426703	1
43.635977367621535	85.96330928337719	1
45.554846174159685	71.19174470736789	1
75.23448160017028	78.00294932869583	1
36.326562326136646	86.02142051875968	1
43.314510606723	90.41473124937235	1
41.28737675965664	74.95775557849912	1
47.96627560750209	86.454656775599	1
28.244951091260283	82.01135716300558	1
64.99850709632318	85.12305600145534	1
68.5940760950012	88.57516235657846	1
49.210284616314	81.32066716795053	1
58.395180553975315	80.38458705843121	1
52.299988187672305	90.74393875659696	1
36.46859597564212	76.0559396080851	1
36.25019533267525	84.72066449743207	1
60.20062631690186	80.32277983640661	1
33.98951114877981	79.94684447599099	1
52.22878377706031	80.73485627139125	1
62.559065266424014	79.84868714590742	1
53.01442353433379	70.90401205624559	1
36.36761547693058	69.26112547646693	1
47.060271510964014	82.49629049129265	1
53.96901734986099	75.22502649978242	1
42.85545619369663	82.49507751245439	1
45.17452221949018	80.6080667433297	1
66.17869403818455	70.85937047136288	1
45.617472649084895	83.60500924115489	1
41.98373600058457	81.39406918525418	1
37.20721954441418	80.63003234263029	1
60.59408167413065	80.32602991411302	1
50.08019580520158	84.75951258704069	1
32.203076051959684	75.2825634572919	1
40.464656502998906	86.24314198956354	1
50.262466474710514	75.02041643168171	1
33.395332231605316	79.71552019128198	1
46.3588187853193	79.44072028699698	1
57.529264297506614	84.79149634690572	1
47.3499552837428	72.70427466732015	1
53.658341476876394	77.25085944038182	1
62.798818733457935	80.93625497458606	1
51.518389448108636	82.38578080081423	1
55.757636300567725	75.57319527325981	1
39.9829652979397	76.08593117899547	1
42.345389761840146	86.9918806160314	1
58.32435824170272	81.66816102017438	1
57.3065557375508	84.76155341144356	1
51.80767538904353	93.96591556493357	1
41.58330541609404	82.8152939936514	1
47.20646328926079	76.73441754545831	1
35.4769116772364	86.40596603759286	1
43.198659131686185	77.01047763212816	1
37.25399385472823	78.17455023665845	1
32.63359896271351	81.57640320822692	1
65.89088963079907	84.53279326899485	1
53.08556958624722	82.84799951499342	1
60.13285594855301	81.97829812653256	1
54.9624209633743	83.8445149320189	1
52.93770684570929	85.79197879451219	1
58.1992632240659	76.70592605864927	1
41.621164368530415	90.11198124019441	1
44.41086782593645	88.33299105027177	1
46.67898190996412	83.1733006441976	1
43.230081398630446	77.86783553022023	1
44.86859444094569	81.70431657775512	1
50.086943048495	78.6885815094819	1
32.60093531322055	75.90000891082937	1
49.96880423007674	73.24271425392502	1
46.312109457386825	76.55611345079184	1
39.366180423931056	76.09711218313727	1
59.263474850248514	81.94839311073949	1
58.47129333294964	79.43117104728022	1
39.003766230080416	83.64027927638824	1
61.18795731620932	74.61320711951073	1
51.455543312108574	76.42482250733221	1
71.70481926011058	81.41728609447361	1
63.63918942439767	82.57676692205813	1
46.36006521868424	77.71738358084482	1
43.15487578735582	79.15308744661502	1
63.30688664919825	76.66749580667579	1
54.12244156054194	79.77873139734588	1
42.62491285811216	82.18530298138168	1
47.3057286286144	83.56106866115529	1
46.121590866347525	86.25390378686913	1
53.96569297493193	84.62197781141168	1
40.69602374384663	82.90758149937871	1
43.8008262575853	74.97899443699103	1
48.807818877438905	75.12708909460015	1
52.52053622317221	78.96507869365172	1
51.081609460685435	87.55669185188668	1
38.763891869620196	81.43723168949508	1
46.789571585269606	80.72103733454115	1
36.520058331780234	84.70404705401356	1
47.247415750146665	87.97522299170174	1
50.03018072378908	80.17117351896417	1
40.063381327385216	75.09914969045312	1
60.97551677795296	75.42092100898789	1
49.074484406045904	74.19103683135135	1
42.56356163480663	76.33125447759912	1
45.12686674602882	82.47349278608432	1
53.60464020759846	80.395087624663	1
39.92063333020997	87.6181246247765	1
42.36273973019914	82.62086676841584	1
32.64399017122459	82.72155023779763	1
48.4948008141246	80.77078586409199	1
41.82431277282138	76.28647241385491	1
53.59119231292313	68.74019119357685	1
47.47372788764119	86.55851695121501	1
54.360047698376704	79.19298765900213	1
40.299547978594724	81.54101622664845	1
46.38915406502545	85.48218718869015	1
55.70085488487369	85.16677473448897	1
43.8819647986936	78.62112176180108	1
51.949728519908824	81.08219766550991	1
65.24679084487991	78.2464021685921	1
54.03549763594058	80.0249007274055	1
56.54878712244422	73.57182078593979	1
65.41712748287074	80.84368644318826	1
41.774764850043766	69.96171732814284	1
60.915271480442925	80.36303091657095	1
56.66742963490413	80.63736900874363	1
62.626004321481446	77.38012228123196	1
47.18334127608814	82.17601189588676	1
50.114000204139444	73.03633246138224	1
49.03169913742335	85.35871941613728	1
59.469203974023955	78.15971802429159	1
53.655627023177615	81.98558962893662	1
48.18190693574522	79.63725287353444	1
53.16017409106901	81.93717282763551	1
54.08352499611245	74.311802126027	1
52.704673378768675	77.46933146391879	1
59.05309058260453	85.07960537353999	1
50.378163626713054	75.39363238340576	1
41.273712330340004	78.07232977845665	1
47.19719101071214	76.88207448570193	1
57.25593966677248	84.36345299698857	1
44.47072928722152	78.43375342911304	1
45.94653115565999	81.21251774650125	1
74.30091434717204	82.999133708115	1
41.712672972956256	87.96191522052384	1
50.5526332910821	83.17233926825321	1
53.252577123621315	77.85422438920396	1
73.49279879811439	82.25564377957824	1
46.29582587976266	75.36359362947235	1
51.32140758659372	80.71851619109327	1
58.88403545791525	92.21343973893936	1
57.314658581929784	89.12866436789474	1
31.538606621317072	80.35649143518853	1
53.72923031103562	71.20084376709154	1
47.82214212474969	67.16993753820202	1
43.92398500924934	72.68745372547232	1
48.64148682996501	86.86585325875699	1
39.60460133009617	78.23339934147056	1
43.91089855068459	89.24835359485539	1
41.14905589860955	80.08507255457256	1
49.56789831411866	80.74954428037975	1
43.46654317865806	78.23288602405442	1
42.690176681992575	73.58180383112258	1
50.49044338928879	77.04117160500519	1
45.31295500920285	77.73191022330249	1
41.26716715837611	78.17739626601048	1
51.213477698811786	83.1614294294795	1
63.21092275646226	77.78521761938296	1
38.90687905285456	73.75928964886216	1
42.33241461418906	78.43246746665758	1
40.60649984976879	84.86729076934385	1
59.12748680537543	81.3111842290811	1
42.83189569995764	76.67126590620941	1
48.72155336407321	80.20438602319093	1
50.31477120609192	86.45583827442917	1
29.103168455353867	84.06187093707874	1
60.87176332820499	84.6296143916551	1
51.06064675782212	78.447316489282	1
40.62760235228174	80.85045569581982	1
47.191904586271356	81.69060077478841	1
61.871996624613175	80.9795400844539	1
43.892939647318855	86.47611395798805	1
31.328434607359522	88.19069699515485	1
59.005776563060145	85.18188482436513	1
63.30091433847653	84.59478753041459	1
64.81535849953922	75.4013098710538	1
39.28922900855642	75.50465690336601	1
63.25642992183116	80.42166515089733	1
57.72952073470358	79.25772039313125	1
46.131736337400056	81.12974778699399	1
50.22049863483978	80.92033994067639	1
36.96964191827938	80.92391396626704	1
40.05899046843481	78.48038119596875	1
68.76498821237462	90.78116066107381	1
47.04769951017522	79.77344738873929	1
42.762579482804085	87.24170471917623	1
43.68861293836742	76.07729972607368	1
40.586976321984	87.03930590599083	1
52.29469495856602	75.23278216890147	1
45.199772465067085	84.08737174753432	1
53.80910857511883	75.7087177592852	1
46.99068670899433	81.70860179195986	1
46.725187288329806	82.72031319489298	1
37.914279662840684	87.64817773021903	1
28.23234353195494	89.40402498081535	1
55.34337907988866	90.8344923062373	1
54.216278096029114	80.04758585119181	1
52.57412573565178	83.15612931052847	1
52.15566756923452	76.4262540096702	1
41.034953361414374	78.56327883852663	1
52.317829997812446	67.30016920994011	1
43.788136449277566	80.16431617915667	1
46.72626669550103	79.46307207393039	1
45.65130323340638	85.27130940203095	1
40.097521559261516	83.81741438137381	1
56.88990197701937	71.81472261002357	1
57.56753911309171	74.8346240391722	1
44.531376996953064	90.74846984360468	1
70.91281750642611	86.4575919498548	1
62.76293966794808	83.17541895106619	1
58.227819422262016	83.15317024031292	1
53.42374102025921	80.87939749433568	1
62.6658608751775	83.22710842339086	1
40.62257370781139	87.07573083033924	1
42.222199657050524	78.49123615297268	1
59.7669896496841	77.04232691785393	1
37.81811104292219	90.67858965647112	1
63.669566813277534	75.91799129805581	1
47.32286639486284	84.72339683265739	1
66.17698652498235	81.83868946431643	1
51.68444335315742	81.63565656434852	1
46.24626346611323	81.42599735910797	1
45.277909796590976	76.38908147732775	1
51.65985565202411	75.0901571665757	1
50.12899382870432	82.7538615334205	1
30.025153090814115	83.32370998628618	1
44.87944669850381	81.88482483878835	1
42.26351836720195	81.6580042775374	1
72.66279763998728	80.15186714342754	1
41.53534788544325	75.29165846059853	1
34.392400877994234	79.7848078154489	1
45.73192598532347	85.90768538805052	1
42.87177310194824	78.11518109031375	1
53.455449491005716	79.07560396214376	1
57.592396325384826	75.77470442405033	1
51.407390490191176	72.00846148617114	1
59.68915490599298	72.24846387532907	1
58.379089874095406	85.57784275926993	1
45.41360492763719	69.80277274248307	1
55.69983000797613	82.68778282816358	1
42.74300419866746	77.3527339044116	1
50.32353761391561	82.98355281291336	1
40.850153895531435	73.26255236225168	1
41.86486371463672	81.03247435134571	1
51.09151869408268	84.02816973851198	1
46.90510588144408	82.56942141308005	1
64.69435261067454	76.6641668968253	1
46.40687489022447	78.03803996147309	1
44.27228349839036	75.24362949998867	1
52.33589844741548	80.31656913126415	1
47.54312728566984	83.79496270853606	1
63.45370274214939	74.45216709026413	1
46.49648985615431	81.93480733813877	1
38.93370817345204	88.18692717454503	1
50.56081526975629	76.42217597167772	1
47.02873438780955	82.02487551209715	1
59.419496534949815	78.87027206137836	1
55.85263337205861	82.25398619597841	1
63.93062718155032	83.97525677401472	1
59.030461627841106	74.92079557946273	1
54.880554478561834	80.0295054050485	1
34.554486697556186	88.62965628227649	1
46.93142878867524	85.71760498822498	1
51.32723934079119	76.83875822166226	1
36.180824115557485	84.07593505363246	1
42.67525857794335	80.61432298119894	1
60.87387586106963	76.83350734861654	1
62.48113213387652	72.61624614426663	1
51.232151060343426	69.8645934746007	1
41.384391689490656	82.78191279566637	1
59.61403573126344	77.06765190958589	1
52.15669982426294	80.83029328843855	1
31.02923597789804	80.47469861685418	1
41.21463982267201	74.35913015467418	1
51.780206945129336	82.07845020471149	1
40.61438944203988	85.05082161679296	1
80.9072837103803	83.34827983130941	1
49.296501034189816	85.00419364593479	1
41.54706826411503	81.44934136463979	1
48.628676623554355	81.23709855546929	1
38.01772121140758	85.32953294032995	1
30.97186015737336	79.54976154418276	1
59.57391078525143	74.86326840163609	1
39.672589461217015	92.43508146384245	1
46.118085950507265	89.11939178971049	1
35.2677590875835	77.83343813780425	1
51.535620779935094	80.35018643127344	1
47.29645605355465	75.84355868485162	1
42.73649774308962	82.02369247420552	1
57.54017533976919	83.16847403825653	1
51.7929234905432	78.98667476178457	1
43.51952634879447	77.87308430416627	1
43.40829037861872	81.75055238277028	1
49.244917027603684	77.06661195063663	1
46.81938205891429	78.84691948382545	1
61.566318125750186	79.40508405029702	1
51.52032496672235	87.53650971609194	1
39.31960526487409	77.56869533879302	1
56.44728662961167	77.9075859845348	1
69.66718165919308	77.06951407765301	1
52.340004585225884	69.34182524725163	1
67.65098201533475	73.72339372144725	1
41.60076830499756	83.15144723814106	1
31.938330072815567	84.5800425021115	1
42.36438442072129	77.91051571581612	1
54.72419552935777	79.09910944385976	1
64.18245160463151	89.72961670867589	1
62.1791370432898	80.71222960330925	1
47.190627185441095	71.83251083958919	1
39.74526836860893	80.81785361665371	1
39.56307086979403	85.62750512372068	1
69.25059817870087	80.41802712312587	1
39.84795760690754	74.26556031216809	1
62.65677613250493	75.5430028931707	1
41.81965145350785	81.38674789725063	1
41.29833188739639	75.61778552299681	1
42.94579368752717	72.6250010354659	1
71.89752513057785	73.43072791458465	1
59.037590606334646	81.0227220890605	1
40.21948965645181	82.70208325297904	1
46.46245880460157	76.64120245895491	1
43.12046645697735	78.66355906504499	1
56.383337740747734	79.4023551064146	1
54.6311675802975	76.86692594391404	1
61.27993988130922	83.88649622311725	1
58.29685966876886	78.4139193483124	1
54.715123785187664	88.33286955779123	1
49.672800949651375	84.033335895226	1
45.6278986515526	82.85519460530965	1
47.617919871303755	69.62735664441608	1
53.169548125887395	79.80924814528719	1
49.731336430533716	80.48705111106212	1
31.43483552425282	81.99602905258395	1
48.33313513840395	75.87322240488908	1
50.536947104349075	74.67832703704198	1
49.53977519673774	74.6633636785745	1
51.24591094067612	75.69170706954176	1
42.37925506630464	81.15426542787633	1
46.35093090962229	74.59024642358598	1
30.046595760533258	79.83568220457633	1
28.45785138575851	75.33188815755088	1
46.62641640028069	83.86735714266456	1
51.931766752279394	67.35141581297844	1
50.48418504152026	73.91251642392204	1
39.08263390598601	86.09800659166936	1
37.9299359901722	77.50703438044499	1
48.49663668947227	73.48820614135721	1
56.64734108202235	80.97574649313319	1
33.79644093126311	82.76358729213214	1
52.95374945068952	73.26467285642487	1
70.22094757076792	80.31593458681265	1
30.418350694134336	88.60148017103462	1
51.898649330572674	72.42750575239656	1
49.48048748730524	78.6202122380097	1
43.999384557722344	86.35041384335355	1
58.507496378909586	78.18530078317193	1
69.06094566987011	75.79115727465675	1
52.629992738897116	80.99888597050398	1
51.40815836477685	87.63668646879923	1
42.40847605909917	80.10329130998564	1
40.353026394186344	69.25018898604044	1
61.06748316129678	83.87307210563648	1
54.60139352844176	85.28230201909635	1
46.125006200145826	84.72125590178496	1
31.354052408478776	79.21761011494554	1
45.09806847212575	84.4348917281588	1
54.89880031244474	83.23187952238186	1
49.06857214329451	80.29225177306694	1
51.18122851776491	82.1812911659544	1
52.62555430744632	85.11075388679762	1
41.80723923466479	90.07796731343011	1
65.56040961214718	72.86854436230519	1
56.89173611523261	86.88262927623408	1
43.15954963872367	80.587959546008	1
51.83262240842038	76.37506995241044	1
55.13354161582929	76.87860358216065	1
46.15908504091918	78.44277461537251	1
43.88534399772698	84.2883682552726	1
57.032683117592775	77.67467218450572	1
51.47508572520628	85.22080287868678	1
49.25168767610675	79.50739878485463	1
49.20729526543975	69.60326033084522	1
44.35215168711649	72.92080120659027	1
39.08953287480756	73.46213803023777	1
51.35499959623468	77.10864257151127	1
37.673308677699794	77.05823391287157	1
50.887848818724855	78.29892019090923	1
43.50753708190598	81.12102289093309	1
50.04272761538468	76.69447711582619	1
58.17316158572153	82.23706484799636	1
45.651354502090506	72.20762015745582	1
49.64058574544419	76.3790461964969	1
50.71846636775045	81.43195982402783	1
63.960112904366035	86.31981810416248	1
53.15413924885738	87.72588440477189	1
30.712496399016548	84.51138479720599	1
43.814294769161215	79.16640229889396	1
49.11976134242903	85.01402464407523	1
48.4795161176273	76.25084719717148	1
53.73650091129573	88.09550495294114	1
51.97739037037164	76.30434628514342	1
54.33810858589761	72.75627116433203	1
39.475838950813504	77.78654223887294	1
32.2438183916774	77.26034334291438	1
53.84703710745175	92.85180674526315	1
60.813096401958134	89.9799024116036	1
59.38368350578824	73.60270045963397	1
68.64019759500158	84.11812176834401	1
58.160622068705656	79.71536886826208	1
64.232939391278	77.89064528601071	1
53.69561131660927	85.82095312143761	1
44.02245948015943	79.62496837785045	1
52.411613128113245	80.2007851328159	1
58.08754424464392	78.00380379013077	1
37.80096034040453	81.21713713840717	1
70.02514674547578	76.73099805669176	1
53.18844523243228	81.23906079633764	1
55.335640505130776	86.04006450275205	1
43.73147523586509	75.82388209992496	1
40.61141943808927	79.86547530221767	1
59.72936279322499	81.18943702005036	1
38.0643414528103	81.80955683035747	1
41.56327257806807	74.36161497223577	1
41.03178966067655	78.44599846923136	1
60.14713467246112	81.35529606211371	1
58.926514981098734	73.15687284615812	1
47.65456199451573	79.09743500566145	1
54.78652050064394	70.89911816978949	1
43.70230019942972	81.74360281129128	1
53.99018845257227	87.10956903428121	1
38.006047310411574	77.15596027823206	1
53.03783739394512	83.18211496561061	1
58.2154860993116	78.77859351321759	1
35.90965919097252	81.4615009566251	1
55.18200294281419	79.77401372335497	1
48.93302430517999	85.54930291332538	1
72.21564520986232	86.00813561314082	1
46.15160356964007	75.5325065008929	1
42.7496257095005	78.81898762673848	1
45.880264242524945	84.39302011893608	1
60.10011525435321	79.6574558786107	1
48.04617392173807	84.98244637107176	1
52.281068929917936	86.04755250208319	1
44.88074707389053	79.01500297576878	1
46.266915917392275	72.30353242110749	1
54.36760487373544	81.40045424836667	1
62.11801559138274	82.24367004163665	1
37.58950494396245	78.05826602730977	1
59.42748347464453	82.79987733492162	1
33.69909837268976	76.8463598203544	1
41.4484010124573	83.80392433843836	1
43.87484572744736	94.00198382084261	1
76.82026592874728	80.56969889979453	1
47.70280846079991	75.87524836488949	1
58.47992289698372	84.68895986639772	1
48.958962229659505	80.64689871194672	1
44.9486545987033	80.33582948455756	1
42.934317934355214	84.34735140472924	1
43.67930393852322	72.38576331163195	1
43.41479667417321	80.3183807751306	1
61.4067325696199	85.99164870440814	1
71.50456337397512	82.4727708984246	1
62.519797173286484	76.8438278863068	1
55.82416667840671	78.66232843053604	1
50.74632003053224	74.23194848939187	1
51.94572945866877	92.64095597915595	1
55.79877349941688	75.41281951898803	1
56.20084838259707	73.14768714961502	1
47.59383030220149	89.50048425265682	1
55.34626862497334	79.89819665636276	1
55.95668331267762	87.32903518371847	1
52.70623664276203	81.94190635537241	1
49.03748971943836	81.68125841426412	1
45.0252145489269	81.5030609211926	1
43.305827040345406	89.72220929688643	1
57.202258352673844	77.59747890905048	1
36.55046177204422	80.21445096866418	1
47.78271748157511	80.20027433599164	1
61.697127081207235	86.86189222766447	1
45.249792271601095	81.6102964727134	1
56.71811576126926	80.36343029307409	1
47.623416366203294	79.25909992017286	1
65.29479598362568	84.93753952465873	1
73.80986032119151	81.80078283691334	1
32.628209584389765	69.86861994315439	1
48.343308817232035	96.57774492188628	1
43.29011291200752	88.03414463837677	1
53.49379945047925	69.6580791126329	1
63.23681417541026	75.96790595850642	1
50.61877526946045	75.73611546898536	1
55.51605914713225	83.94441318663296	1
45.655886865847926	71.65334445173251	1
45.842989237089775	81.25469317668717	1
46.651867922588394	87.29936834240337	1
68.40773529801673	76.50848589992	1
60.797848677924186	78.47315942563273	1
49.34225751614038	81.67895250209729	1
38.73139675095401	78.60776521742358	1
63.103898521398555	93.1870069729815	1
44.12565051916739	73.43447712547375	1
50.64872440788821	77.69424450124176	1
48.79793263006809	88.63808279645164	1
58.63064138722102	76.07100986684215	1
48.29343771986738	95.12223097749497	1
58.80866821779572	75.789562146492	1
50.729728198560146	76.44760090058242	1
49.895641157784176	70.58656152011453	1
48.23212447749827	84.08360961120566	1
44.414327595860875	79.39916636709323	1
56.107891009972505	85.1378910939513	1
44.8683355027635	78.38752052608557	1
54.44162591443852	84.48322447386585	1
67.0584922386669	74.92127294473548	1
51.61354473841287	78.65036978715293	1
73.20775277202529	79.99558548849485	1
41.0912382594559	69.91773779274726	1
68.00931769754787	66.90221331801494	1
58.58571878076981	95.51287546648103	1
51.56050257535763	81.10104285857788	1
53.11585022412994	79.70903361386944	1
53.782733418453866	87.93326911230474	1
54.49192049229041	84.60124458828155	1
67.26604302794088	85.45699922211297	1
34.837134242723785	85.9115165680325	1
35.25309490483104	90.97371562071606	1
49.27141486039571	90.71334083549436	1
38.388715125427666	86.47007274203479	1
61.058076733463864	85.63666896285532	1
40.54168760765842	85.15731012755462	1
36.061099409669104	75.28716081425833	1
34.77556587037366	81.3229454071011	1
53.3540455720223	78.39342416666986	1
40.61208707798	78.43502953788088	1
66.93974175354947	75.29723325134086	1
46.63395307736623	74.66742674311897	1
34.98115357176147	81.31286781620653	1
36.66399004880908	79.58225965051274	1
53.165229384076255	88.86079718280483	1
28.174646909196017	85.64379611889264	1
27.063635183242113	84.14605798778702	1
37.31150920240553	78.689450731167	1
28.787719859856832	83.87894880156001	1
43.005268955155856	76.47274787790806	1
46.00424789271013	79.43431614066138	1
45.893786665509595	84.2728460617316	1
44.71848788503132	84.05588918806062	1
51.32340916800713	84.17909728569315	1
67.47011657077475	81.38636838978351	1
54.66218578053466	73.98917168356105	1
66.67671494235631	79.87255294351678	1
36.75575514679805	84.32358452779225	1
59.937286870645096	82.92964025140887	1
35.39755877646226	87.26336822464657	1
68.30382323379955	73.67594586049586	1
59.005362567267206	88.84539180713875	1
54.378799130557866	85.19143472996204	1
58.24666884969535	71.25138395816974	1
53.6596147716036	75.82244381348393	1
31.96340301218261	88.48514738599098	1
64.31940969309942	79.60216886336369	1
53.11175897804046	83.06278766765418	1
48.902645804840986	76.10503355777853	1
50.94615842346808	68.24861444192916	1
36.29831599333855	76.65678813991612	1
33.15083209081952	69.41473852603352	1
52.11016772509016	73.31905353246108	1
52.94195616027254	72.85035242055359	1
49.53432223769052	89.99362228540255	1
30.59804724060085	82.7086383724565	1
30.83376974347782	77.01432336736275	1
42.31951921368627	75.39987165841617	1
53.40787720421983	76.3951608808008	1
69.77356023082724	86.53093972132301	1
48.78582072452219	79.58151478040105	1
61.99540758678264	84.2639814052958	1
52.09573999785726	78.86154107324836	1
62.296574089487606	78.34106734780076	1
65.13111642813469	77.29187701418945	1
45.71809333157676	70.0334847667513	1
43.85913332972801	80.01905671480405	1
42.46912729852629	81.49808829654616	1
49.92347321157658	88.24334339008016	1
40.335107238696864	77.51175805889432	1
55.286055958864644	79.81745652021286	1
40.10039286350134	76.74184693493889	1
51.02484986240574	89.15928361830338	1
59.74587146666728	78.482089529789	1
47.95838795996411	85.01518854302266	1
44.140460183644656	78.25545603683884	1
45.07242704870358	71.46207609804085	1
59.940819525684454	73.46822189516907	1
64.28579685391983	75.89650684890006	1
40.86553181219672	81.19744396226277	1
58.826028348610734	73.06029130837383	1
60.61690895913371	74.02230227030071	1
59.51615154003005	88.3965184584705	1
47.686073265600484	83.76257089300935	1
46.78349068065832	85.95201050443369	1
54.76229601781189	78.61494566661896	1
51.77571855233241	83.4464171960104	1
45.75411306887322	81.43726809115077	1
42.334337451573795	77.46774737135433	1
57.130367240965775	80.9288724016148	1
45.61459837364162	80.49822002536979	1
56.632954967880345	87.73510334180845	1
56.99981152070909	82.13850545088191	1
43.22969569989774	85.21623174725424	1
65.47401061878175	76.61805434301287	1
33.68155232396692	84.19713251050045	1
44.604077321326734	79.88375862034134	1
57.6184144698117	85.47871156486184	1
61.40923147662551	84.06402210643326	1
77.4253450679663	73.79392826058387	1
59.02815229255837	88.11605635057822	1
52.03996498304132	81.28778599575008	1
44.08581643969893	70.86940899814878	1
55.074220792080055	82.01592224105373	1
64.83066697397791	74.06804659996659	1
48.39837580194627	85.72796724340873	1
50.78411760603643	78.58378705861057	1
66.56389589596652	71.26613164855988	1
42.80054011353627	79.20094086537948	1
62.21275374883611	85.1625874955905	1
47.58218768846646	77.32101664500108	1
51.30968997451024	79.25198997987316	1
43.253081513190445	83.13222262078547	1
50.240907084958735	76.68847110233324	1
50.44319234094754	77.95603894290423	1
52.63188929597355	78.11580103771168	1
42.866846608979316	81.36513935241622	1
38.340057484213	80.70659592243373	1
63.28072558806373	85.97482857473855	1
59.640330344012106	80.32542663825268	1
53.86558582133107	75.35115554174098	1
64.32414804697775	81.8927996525389	1
73.79930890024892	80.65168793722746	1
58.10891108413245	78.220012768593	1
44.030591813300155	82.11538230674336	1
35.55461011976803	78.92011981196598	1
53.46277787128316	78.09441193047746	1
54.19714043056434	79.34131253012144	1
47.940613067836935	76.59079576296672	1
53.95600569532578	76.03663811481505	1
47.63930232166535	81.19929994154435	1
73.05328558742603	78.88280876387377	1
37.57504446098011	84.67042271160685	1
52.79722444676164	84.09899621045514	1
62.00010546606639	73.85676894912856	1
47.84308894394158	85.38477147384592	1
79.07048311642434	76.83268508229129	1
61.2335021318491	82.02392212133809	1
59.808617484961985	78.6221685123389	1
36.99579125774564	82.13479956115262	1
53.42887852540366	69.85395218253798	1
44.90822838804981	85.7715170833132	1
64.5783041155286	85.53445625438154	1
54.539507856378144	74.4604066288966	1
44.10988671069256	81.72152109888539	1
52.391868918517105	79.2377865834261	1
70.30295042757133	81.03719496292403	1
49.8596921252989	85.36628252540265	1
41.938888205612884	86.03778824516952	1
53.91789601453035	79.61091519611418	1
53.46780937002665	87.9269550185636	1
45.552304299822744	77.3816951982233	1
53.137146209161465	80.46749403722804	1
53.8305862006882	89.49322010271953	1
50.92416952289125	85.8669614050823	1
55.48367756375869	84.34839123432926	1
59.641848785188806	82.00593786444554	1
52.11682001054849	78.73600675546491	1
63.16044507130294	76.50692906689903	1
37.57015783497317	73.70844375968805	1
50.48801777171858	79.72958586247066	1
43.487549962577475	85.38005590452143	1
57.90975682692	81.31734646251655	1
60.78261488438719	73.26642925749934	1
49.4653739297623	73.99977024200774	1
36.13982907713962	84.94400640265398	1
51.28654053550997	89.20435180540271	1
39.66619021632388	81.24590982349329	1
59.36099986822904	84.70529835140864	1
51.87719967242516	91.24404061684078	1
43.57828423820029	77.36232405848706	1
56.505128764256426	78.66479915984637	1
60.0678874452506	72.47130213187359	1
47.91134606000207	76.00956958411726	1
55.536223637788694	72.77075187748974	1
37.02221115325196	67.06080880910119	1
49.54642968025768	76.60587130164842	1
67.22416492367825	78.40963463127301	1
40.95871918440596	76.66018491661995	1
28.672607365020646	80.51133367441865	1
60.92893681285515	85.00413574303968	1
33.63315057423094	89.66497930908919	1
59.26907373649719	70.75573581942452	1
51.67057351120523	84.65311447719753	1
49.045621186504434	78.65951699749299	1
41.28728683029386	82.3038393448213	1
28.73057869334653	80.93293518313183	1
44.92537640011402	83.16245683886763	1
49.37224520176676	79.56904296552977	1
66.05364450910344	86.59030097186032	1
55.61605188495639	83.33902030994652	1
40.796440412064555	79.8435696355914	1
30.772836726637205	82.13916132717934	1
38.908028091032996	85.93620457165073	1
36.19037948825033	79.63800465641356	1
43.77013162854155	73.66822795337137	1
76.90221157798499	84.92887103560521	1
52.518416841448825	78.70918155067969	1
38.77110179906361	78.02753294719784	1
38.41579039530166	80.96024418979144	1
50.723901200946656	77.47271657950397	1
39.60802235694689	79.81380600152126	1
56.8514630045803	79.43440900532639	1
59.7454230278063	90.40304852810019	1
43.9474009702815	80.90726843420846	1
61.59618691497987	82.6378145748355	1
66.15406615159623	79.2590326548018	1
47.74593006624471	81.59658106307886	1
48.21700508745253	80.86719118247402	1
28.14352084540172	75.11416585677894	1
50.027436206054375	98.62884234483295	1
50.13704679735129	75.32645044052279	1
49.079897326049235	77.88247644243847	1
37.92503068361505	73.53672736725123	1
54.9978298494636	88.03258354010063	1
30.55486040477263	81.22033541614128	1
65.57313659851664	79.76874131044349	1
51.87121583631945	78.88395492015692	1
56.72168768172609	81.39898760690672	1
40.02304069089883	76.36254341356069	1
49.85548888329441	81.51537892022326	1
53.75794717614746	82.61316914008428	1
50.51198164526784	70.2473577772591	1
51.53321610878794	75.03133959492277	1
51.29142633959132	76.35039306872342	1
54.69346579268375	81.41132659507956	1
52.2723927472375	69.63314360558213	1
56.42590341953846	89.85521812361787	1
56.404032389894034	88.22313998731094	1
45.25750726958302	84.5560941901405	1
44.286155295154856	89.69715277027528	1
73.58957023698176	78.05849333803899	1
41.39033072665794	78.70341941619803	1
66.00089249751076	85.73844035394127	1
46.68955580287927	79.36546424570518	1
52.669699077711115	85.3415499487598	1
43.58513570462128	84.78801530360833	1
28.457414256885638	85.30646608136917	1
28.204818695221107	80.71280876956523	1
47.87378980841122	81.32769425089619	1
58.58367077638985	72.48120231423478	1
45.9292624428007	76.10710630607768	1
48.49861198299534	77.97141061807538	1
32.98299059838601	75.87438927814692	1
45.625998404302806	84.85906165482174	1
65.77469498179809	77.56942401040428	1
49.61809196971798	77.89404294974868	1
48.45152509740238	81.16300129811904	1
52.115221670921294	73.50937244302091	1
56.849663997814986	81.76541305568693	1
59.59291494675303	78.3489025350399	1
38.02445626605831	81.34756697729631	1
67.59518909833623	85.96639077011424	1
59.334668158019745	81.37620005679022	1
50.7736180431393	83.66772202394155	1
28.67573041650428	81.17009155657448	1
57.27152045869671	83.194194341885	1
57.271777805079424	84.28727214919387	1
54.460020649601006	76.68463893501287	1
41.66818667646406	81.82482642854536	1
61.7371880672845	69.5408168108753	1
45.35686964805496	78.19501270197202	1
43.91211893508867	74.9721805301463	1
44.84037362852278	84.29417287858608	1
44.03180170929961	80.57300443452317	1
45.32946274808038	76.33207887796615	1
49.218706810321024	79.2473537801659	1
29.038614486255618	85.44722051388297	1
71.69091938879077	79.26432110929576	1
41.4086268404441	77.36198635684677	1
54.019071595993104	78.53306377059003	1
45.333696119119736	83.04427344524225	1
45.26399080160079	79.32979832589594	1
47.16042456482315	77.37787319784918	1
60.51922798213718	82.24513598873779	1
62.60454255135932	81.18696813987478	1
56.46199209977679	81.14289699287148	1
49.819516070623415	73.99820425685166	1
49.88073870829444	84.83519114044624	1
36.488525699017444	80.6173263517073	1
60.524975387763114	84.79859545660861	1
51.31131288707612	70.24739844146258	1
68.87058353162288	84.58200593664314	1
32.31844997438371	80.43450337734588	1
48.79700278545408	81.10412842765761	1
41.86060684640696	78.15487455280909	1
77.1054223607436	87.66103412532738	1
36.486246882884345	83.58162560571245	1
63.817939726758866	73.87642255869913	1
35.2924933065461	80.91482259958337	1
36.221051109803085	87.86006883341429	1
47.169832631540146	73.81685109245753	1
38.32485283853397	76.7172311921042	1
49.21283273156003	83.85277938642854	1
30.537759415951516	78.65613022408449	1
62.10370072379426	80.93975247465796	1
54.46240535715634	78.4655290355822	1
56.80802707213514	77.51031757164554	1
33.481373799672596	74.71311614238931	1
27.050201642943872	84.55552043864844	1
58.24776065514487	86.98576320104014	1
51.921049947448864	75.7007737267981	1
61.20222751451543	75.28451351067716	1
52.215375428901154	79.69586596782636	1
30.33817715872525	80.99851645913442	1
68.17926206288556	82.61769197651225	1
60.936398530032605	80.10852709375399	1
33.787752660932775	81.30391084454322	1
40.32133008684417	81.8664836886353	1
66.78770340009218	72.52154811646534	1
37.49696727717154	80.03363143473668	1
47.34893830985587	77.5042392391121	1
64.33221110656905	76.63353023089724	1
43.36995377602913	82.80199045033048	1
67.1485234198099	75.22071148930941	1
43.31942982518116	85.59820410856042	1
41.02738843769037	75.11957740489291	1
39.830093325366825	86.16312228988386	1
48.64502160908571	86.47549909658571	1
36.25041608643634	74.62289504778903	1
49.57209825576272	78.6746105602687	1
57.00196286522025	74.56601966247608	1
41.74518195292002	81.24432574174077	1
35.88792031724257	81.41661874055619	1
60.5097953299006	82.14161988495479	1
54.87665460981592	77.28489676899586	1
38.425532161269196	79.67914851761	1
57.15481768113675	84.24202282382119	1
51.90711341570971	72.61867544084527	1
61.46469875293155	74.67374804532605	1
53.909309565029446	77.7020774974112	1
55.869964490324854	83.29304892942172	1
58.30349389125004	73.42946102622399	1
58.538654876325694	79.89863728850229	1
53.54992966446538	84.59565716806706	1
52.47906069715747	84.67276517415586	1
40.384498370272446	78.12652689991103	1
44.834445801516644	86.46962092016362	1
55.89550772394736	81.29883141906978	1
44.077763449457876	75.16367421414569	1
46.6816575504979	85.1319053891395	1
65.07592105773055	82.02315189053519	1
40.066977444869245	73.85089337034671	1
43.18913681249148	75.19024265361224	1
46.19213761059496	77.20089544971296	1
60.28795946229632	90.4789857001802	1
42.06900212501055	81.06154427152738	1
36.945839261424126	80.09465524303384	1
59.27377031564902	80.15286556612824	1
55.32522842712377	79.0824886131883	1
56.02392042228169	81.19178271562166	1
57.82111059149749	73.42411884270567	1
47.49415341832689	84.84358257400713	1
48.85823399761545	85.47046381895836	1
48.57906824982422	79.24317557046284	1
45.320049778449736	78.42550149267102	1
45.1914207226636	74.79014415818644	1
40.77715517014211	80.84691985199738	1
50.624875878078875	75.27881198264065	1
59.527441665609004	79.76033330632941	1
57.27240768862543	79.8688560787187	1
51.890528637233864	72.21005039895343	1
39.044458692025316	82.92073697032988	1
71.76666177219121	75.55172034677933	1
55.305152577397145	91.19022441625822	1
57.808426937044345	78.56333296931322	1
64.21465724716509	69.52095846976377	1
46.920361099252254	77.12547568836925	1
55.97839106692031	79.77580166924159	1
65.28803219823408	78.06961763118179	1
35.58506301209503	82.76773663924658	1
41.208955303806675	74.56838852469532	1
40.76270068777608	72.18499441564987	1
35.03289042084558	78.66875396694684	1
37.83781453843578	74.15392782764341	1
47.26310466899951	81.68510870290409	1
34.12604077582179	75.06415895491652	1
62.15876773653489	83.00573608480609	1
53.47109381447171	76.21629859758492	1
52.511252426731446	74.68659633126266	1
56.15310376482948	80.52631873936372	1
57.810868049200515	79.56545961424578	1
51.95917441455738	77.3410737121225	1
44.63862800341984	83.52132923257173	1
43.8157472786985	69.96949200111808	1
38.58778465220111	78.17158331260875	1
46.844406790190305	85.08988325319565	1
42.41817759426735	84.6661042579499	1
54.94978477735229	80.44578274285918	1
50.013525564615904	85.2079957811026	1
44.55129659421726	77.7030117891327	1
46.391027890626475	81.45017118356353	1
43.44735236760053	80.81770965731437	1
49.511325298174846	83.95003374452538	1
50.59208050186512	78.86087836140378	1
47.70987711927772	74.00253612496344	1
30.330324560014013	79.47055673498224	1
65.54150870695617	83.66129183223481	1
46.9118111492197	85.47837190036003	1
53.47507513756612	73.13653009244226	1
56.32078467489609	74.0623666388109	1
49.82465329073308	79.31509857171119	1
45.537857278299285	80.3896555359177	1
44.28098666542964	76.06227607550298	1
51.470137848313655	79.97678893257508	1
78.62253953679331	83.59464626351688	1
38.113526813444096	75.19182781497517	1
32.18433392763321	75.25561391501368	1
49.79005136679428	80.51492134551957	1
56.05698216632108	73.65021959682281	1
41.943776733585764	74.17263734654573	1
30.439925835567998	73.84719893164889	1
56.50589425504646	73.66340714112441	1
54.50935650325835	89.66316061349814	1
49.683205731202	82.99541176434924	1
61.0100400661724	81.58006013830077	1
55.355307575920264	83.63925417527979	1
67.48833478044656	82.22991202058788	1
57.326186574566336	81.48170992270337	1
58.36581899031526	78.45091708888002	1
51.63225982896039	84.76054499747535	1
52.71792803858837	77.32782361041527	1
62.747306512280716	76.42400558521754	1
50.95367844239702	81.36192538119036	1
47.57970880938716	75.9163822495722	1
63.306580832575854	82.14936040056598	1
51.81580066730552	80.62523451179018	1
49.476843630785346	84.63259818576145	1
28.580689700023264	78.5519744033339	1
65.14580632680207	83.17929529042023	1
46.654388211766346	80.09612360201793	1
47.546916793924076	78.32958265503314	1
49.54229462374707	81.39578459952064	1
60.989307227815914	78.08365991461146	1
62.33155336983587	85.12922933100755	1
39.881127362401685	73.80960551940133	1
52.58689964028396	80.89050058823716	1
33.71662884526565	82.22595804696637	1
50.35457784943694	81.2420356067789	1
54.334932434666534	79.12214681698539	1
51.88788855771679	88.53422003123265	1
40.35713626250125	73.23842839782037	1
32.08690297677683	80.33841850592744	1
32.597038553751545	77.99475609255002	1
61.9973859185415	88.03676890558755	1
64.2918788112253	84.85944094501946	1
48.129668561918066	84.88167241595642	1
40.59058822217417	82.95541130669632	1
39.116476963412495	82.8376752011335	1
56.136247972524586	76.23495289794286	1
29.33234223461128	86.92413350549613	1
63.585054638773386	72.02045548071382	1
43.473715530046256	84.79885843083716	1
45.07086845429429	87.0728184820401	1
66.31445275463594	73.05966750979205	1
34.59826819995028	83.54049063539509	1
47.194457775549814	87.7120141250103	1
53.2324352731423	76.61746386280626	1
